time,lat,lon,ele_m
2026-10-02T12:02:04Z,46.519972,12.008766,2116.468891
2026-10-02T12:02:05Z,46.519972,12.008765,2115.536682
2026-10-02T12:02:06Z,46.519972,12.008765,2114.637868
2026-10-02T12:02:07Z,46.519971,12.008766,2113.789753
2026-10-02T12:02:08Z,46.519971,12.008766,2113.01163
2026-10-02T12:02:09Z,46.519971,12.008766,2112.327536
2026-10-02T12:02:10Z,46.51997,12.008767,2111.758784
2026-10-02T12:02:11Z,46.51997,12.008768,2111.310149
2026-10-02T12:02:12Z,46.51997,12.008768,2110.971206
2026-10-02T12:02:13Z,46.519969,12.008769,2110.723873
2026-10-02T12:02:14Z,46.519969,12.00877,2110.548623
2026-10-02T12:02:15Z,46.519969,12.00877,2110.42765
2026-10-02T12:02:16Z,46.519969,12.008771,2110.346683
2026-10-02T12:02:17Z,46.51997,12.008771,2110.294658
2026-10-02T12:02:18Z,46.51997,12.008771,2110.26402
2026-10-02T12:02:19Z,46.51997,12.008771,2110.249972
2026-10-02T12:02:20Z,46.51997,12.008771,2110.249527
2026-10-02T12:02:21Z,46.51997,12.008771,2110.260543
2026-10-02T12:02:22Z,46.51997,12.00877,2110.280316
2026-10-02T12:02:23Z,46.51997,12.00877,2110.305837
2026-10-02T12:02:24Z,46.51997,12.008769,2110.333922
2026-10-02T12:02:25Z,46.51997,12.008768,2110.361311
2026-10-02T12:02:26Z,46.51997,12.008767,2110.385247
2026-10-02T12:02:27Z,46.51997,12.008766,2110.40401
2026-10-02T12:02:28Z,46.51997,12.008765,2110.416591
2026-10-02T12:02:29Z,46.519969,12.008765,2110.42228
2026-10-02T12:02:30Z,46.519968,12.008765,2110.42038
2026-10-02T12:02:31Z,46.519967,12.008765,2110.410334
2026-10-02T12:02:32Z,46.519965,12.008764,2110.392537
2026-10-02T12:02:33Z,46.519964,12.008763,2110.36835
2026-10-02T12:02:34Z,46.519964,12.008761,2110.338972
2026-10-02T12:02:35Z,46.519963,12.008759,2110.307501
2026-10-02T12:02:36Z,46.519963,12.008758,2110.277173
2026-10-02T12:02:37Z,46.519962,12.008757,2110.25129
2026-10-02T12:02:38Z,46.519962,12.008756,2110.233155
2026-10-02T12:02:39Z,46.519962,12.008756,2110.227095
2026-10-02T12:02:40Z,46.519963,12.008755,2110.235912
2026-10-02T12:02:41Z,46.519963,12.008755,2110.261663
2026-10-02T12:02:42Z,46.519963,12.008754,2110.305185
2026-10-02T12:02:43Z,46.519964,12.008754,2110.365185
2026-10-02T12:02:44Z,46.519965,12.008753,2110.437716
2026-10-02T12:02:45Z,46.519965,12.008752,2110.516676
2026-10-02T12:02:46Z,46.519966,12.008752,2110.594907
2026-10-02T12:02:47Z,46.519966,12.008752,2110.664771
2026-10-02T12:02:48Z,46.519966,12.008752,2110.71992
2026-10-02T12:02:49Z,46.519966,12.008752,2110.756415
2026-10-02T12:02:50Z,46.519967,12.008752,2110.773593
2026-10-02T12:02:51Z,46.519967,12.008753,2110.773744
2026-10-02T12:02:52Z,46.519968,12.008754,2110.761229
2026-10-02T12:02:53Z,46.519969,12.008754,2110.741279
2026-10-02T12:02:54Z,46.519969,12.008755,2110.718878
2026-10-02T12:02:55Z,46.51997,12.008756,2110.697744
2026-10-02T12:02:56Z,46.519971,12.008756,2110.680006
2026-10-02T12:02:57Z,46.519972,12.008756,2110.666391
2026-10-02T12:02:58Z,46.519973,12.008757,2110.656547
2026-10-02T12:02:59Z,46.519973,12.008757,2110.649499
2026-10-02T12:03:00Z,46.519974,12.008757,2110.644099
2026-10-02T12:03:01Z,46.519974,12.008757,2110.63932
2026-10-02T12:03:02Z,46.519974,12.008756,2110.634397
2026-10-02T12:03:03Z,46.519974,12.008756,2110.628836
2026-10-02T12:03:04Z,46.519973,12.008755,2110.622375
2026-10-02T12:03:05Z,46.519973,12.008754,2110.614885
2026-10-02T12:03:06Z,46.519973,12.008753,2110.606491
2026-10-02T12:03:07Z,46.519972,12.008752,2110.597453
2026-10-02T12:03:08Z,46.519972,12.008752,2110.587974
2026-10-02T12:03:09Z,46.519972,12.008751,2110.578013
2026-10-02T12:03:10Z,46.519971,12.00875,2110.567803
2026-10-02T12:03:11Z,46.519969,12.008749,2110.556814
2026-10-02T12:03:12Z,46.519968,12.008748,2110.544304
2026-10-02T12:03:13Z,46.519967,12.008748,2110.529383
2026-10-02T12:03:14Z,46.519965,12.008749,2110.510727
2026-10-02T12:03:15Z,46.519964,12.00875,2110.486059
2026-10-02T12:03:16Z,46.519963,12.008752,2110.453809
2026-10-02T12:03:17Z,46.519962,12.008755,2110.412889
2026-10-02T12:03:18Z,46.519962,12.008756,2110.362215
2026-10-02T12:03:19Z,46.519962,12.008757,2110.303002
2026-10-02T12:03:20Z,46.519962,12.008759,2110.238359
2026-10-02T12:03:21Z,46.519963,12.00876,2110.17253
2026-10-02T12:03:22Z,46.519964,12.008762,2110.110317
2026-10-02T12:03:23Z,46.519965,12.008765,2110.057438
2026-10-02T12:03:24Z,46.519966,12.008769,2110.019198
2026-10-02T12:03:25Z,46.519966,12.008772,2109.999268
2026-10-02T12:03:26Z,46.519965,12.008777,2109.998574
2026-10-02T12:03:27Z,46.519965,12.008781,2110.015304
2026-10-02T12:03:28Z,46.519964,12.008784,2110.044983
2026-10-02T12:03:29Z,46.519964,12.008787,2110.081109
2026-10-02T12:03:30Z,46.519964,12.008791,2110.11716
2026-10-02T12:03:31Z,46.519964,12.008795,2110.148572
2026-10-02T12:03:32Z,46.519964,12.008797,2110.173286
2026-10-02T12:03:33Z,46.519964,12.008799,2110.191253
2026-10-02T12:03:34Z,46.519964,12.008801,2110.203685
2026-10-02T12:03:35Z,46.519964,12.008803,2110.212218
2026-10-02T12:03:36Z,46.519964,12.008805,2110.218182
2026-10-02T12:03:37Z,46.519964,12.008805,2110.22228
2026-10-02T12:03:38Z,46.519964,12.008806,2110.224766
2026-10-02T12:03:39Z,46.519964,12.008806,2110.225856
2026-10-02T12:03:40Z,46.519964,12.008806,2110.225927
2026-10-02T12:03:41Z,46.519963,12.008806,2110.22539
2026-10-02T12:03:42Z,46.519963,12.008806,2110.224746
2026-10-02T12:03:43Z,46.519963,12.008806,2110.224518
2026-10-02T12:03:44Z,46.519963,12.008805,2110.225211
2026-10-02T12:03:45Z,46.519963,12.008804,2110.227314
2026-10-02T12:03:46Z,46.519962,12.008804,2110.231415
2026-10-02T12:03:47Z,46.519962,12.008804,2110.237904
2026-10-02T12:03:48Z,46.519961,12.008805,2110.246979
2026-10-02T12:03:49Z,46.519961,12.008806,2110.258646
2026-10-02T12:03:50Z,46.519961,12.008806,2110.272266
2026-10-02T12:03:51Z,46.519961,12.008807,2110.286843
2026-10-02T12:03:52Z,46.51996,12.008808,2110.301261
2026-10-02T12:03:53Z,46.51996,12.008809,2110.314389
2026-10-02T12:03:54Z,46.519959,12.00881,2110.324915
2026-10-02T12:03:55Z,46.519959,12.008811,2110.33195
2026-10-02T12:03:56Z,46.519959,12.008812,2110.334952
2026-10-02T12:03:57Z,46.519959,12.008812,2110.333865
2026-10-02T12:03:58Z,46.519959,12.008812,2110.329119
2026-10-02T12:03:59Z,46.519958,12.008813,2110.321776
2026-10-02T12:04:00Z,46.519958,12.008813,2110.313262
2026-10-02T12:04:01Z,46.519958,12.008813,2110.305093
2026-10-02T12:04:02Z,46.519958,12.008813,2110.298483
2026-10-02T12:04:03Z,46.519958,12.008813,2110.294021
2026-10-02T12:04:04Z,46.519958,12.008813,2110.291631
2026-10-02T12:04:05Z,46.519958,12.008813,2110.290687
2026-10-02T12:04:06Z,46.519958,12.008814,2110.290256
2026-10-02T12:04:07Z,46.519958,12.008815,2110.289343
2026-10-02T12:04:08Z,46.519958,12.008816,2110.28727
2026-10-02T12:04:09Z,46.519958,12.008817,2110.283639
2026-10-02T12:04:10Z,46.519958,12.008818,2110.278393
2026-10-02T12:04:11Z,46.519958,12.008818,2110.271807
2026-10-02T12:04:12Z,46.519958,12.008819,2110.264444
2026-10-02T12:04:13Z,46.519958,12.008819,2110.257017
2026-10-02T12:04:14Z,46.519958,12.008819,2110.250288
2026-10-02T12:04:15Z,46.519958,12.00882,2110.244888
2026-10-02T12:04:16Z,46.519958,12.008822,2110.241163
2026-10-02T12:04:17Z,46.519958,12.008823,2110.239175
2026-10-02T12:04:18Z,46.519958,12.008824,2110.238767
2026-10-02T12:04:19Z,46.519958,12.008825,2110.239588
2026-10-02T12:04:20Z,46.519959,12.008825,2110.24116
2026-10-02T12:04:21Z,46.519959,12.008826,2110.243016
2026-10-02T12:04:22Z,46.51996,12.008826,2110.244791
2026-10-02T12:04:23Z,46.519961,12.008826,2110.246165
2026-10-02T12:04:24Z,46.519961,12.008826,2110.246909
2026-10-02T12:04:25Z,46.519961,12.008826,2110.246969
2026-10-02T12:04:26Z,46.519962,12.008826,2110.246431
2026-10-02T12:04:27Z,46.519962,12.008824,2110.245317
2026-10-02T12:04:28Z,46.519963,12.008823,2110.243645
2026-10-02T12:04:29Z,46.519963,12.008822,2110.241564
2026-10-02T12:04:30Z,46.519963,12.008821,2110.239211
2026-10-02T12:04:31Z,46.519963,12.008821,2110.23661
2026-10-02T12:04:32Z,46.519964,12.00882,2110.23394
2026-10-02T12:04:33Z,46.519964,12.00882,2110.231655
2026-10-02T12:04:34Z,46.519964,12.008819,2110.230098
2026-10-02T12:04:35Z,46.519965,12.008819,2110.22963
2026-10-02T12:04:36Z,46.519965,12.008818,2110.230566
2026-10-02T12:04:37Z,46.519966,12.008817,2110.232898
2026-10-02T12:04:38Z,46.519967,12.008816,2110.236091
2026-10-02T12:04:39Z,46.519968,12.008815,2110.239021
2026-10-02T12:04:40Z,46.519969,12.008813,2110.240267
2026-10-02T12:04:41Z,46.519972,12.008811,2110.238694
2026-10-02T12:04:42Z,46.519974,12.008809,2110.233778
2026-10-02T12:04:43Z,46.519975,12.008809,2110.225899
2026-10-02T12:04:44Z,46.519975,12.008808,2110.215364
2026-10-02T12:04:45Z,46.519975,12.008808,2110.202639
2026-10-02T12:04:46Z,46.519975,12.008808,2110.18825
2026-10-02T12:04:47Z,46.519975,12.008807,2110.173048
2026-10-02T12:04:48Z,46.519974,12.008807,2110.157066
2026-10-02T12:04:49Z,46.519972,12.008807,2110.14158
2026-10-02T12:04:50Z,46.51997,12.008807,2110.12843
2026-10-02T12:04:51Z,46.519967,12.008807,2110.119718
2026-10-02T12:04:52Z,46.519966,12.008807,2110.116043
2026-10-02T12:04:53Z,46.519965,12.008807,2110.119053
2026-10-02T12:04:54Z,46.519964,12.008807,2110.130513
2026-10-02T12:04:55Z,46.519962,12.008808,2110.151657
2026-10-02T12:04:56Z,46.519961,12.008808,2110.182255
2026-10-02T12:04:57Z,46.51996,12.008808,2110.221156
2026-10-02T12:04:58Z,46.519958,12.00881,2110.264662
2026-10-02T12:04:59Z,46.519957,12.008811,2110.306586
2026-10-02T12:05:00Z,46.519957,12.00881,2110.339772
2026-10-02T12:05:01Z,46.519956,12.008809,2110.358191
2026-10-02T12:05:02Z,46.519957,12.008808,2110.359499
2026-10-02T12:05:03Z,46.519959,12.008808,2110.344658
2026-10-02T12:05:04Z,46.519963,12.008809,2110.317363
2026-10-02T12:05:05Z,46.519969,12.008811,2110.283003
2026-10-02T12:05:06Z,46.519976,12.008812,2110.247264
2026-10-02T12:05:07Z,46.519983,12.008815,2110.214368
2026-10-02T12:05:08Z,46.519991,12.00882,2110.187165
2026-10-02T12:05:09Z,46.519999,12.008825,2110.167536
2026-10-02T12:05:10Z,46.520007,12.008832,2110.156309
2026-10-02T12:05:11Z,46.520015,12.008838,2110.153224
2026-10-02T12:05:12Z,46.520023,12.008845,2110.156649
2026-10-02T12:05:13Z,46.52003,12.008851,2110.163901
2026-10-02T12:05:14Z,46.520038,12.008857,2110.171957
2026-10-02T12:05:15Z,46.520045,12.008864,2110.177687
2026-10-02T12:05:16Z,46.520051,12.00887,2110.17844
2026-10-02T12:05:17Z,46.520056,12.008878,2110.172518
2026-10-02T12:05:18Z,46.52006,12.008886,2110.159315
2026-10-02T12:05:19Z,46.520063,12.008896,2110.138688
2026-10-02T12:05:20Z,46.520066,12.008905,2110.111221
2026-10-02T12:05:21Z,46.520069,12.008913,2110.077877
2026-10-02T12:05:22Z,46.520072,12.008921,2110.039956
2026-10-02T12:05:23Z,46.520076,12.008929,2109.999507
2026-10-02T12:05:24Z,46.520081,12.008937,2109.959058
2026-10-02T12:05:25Z,46.520085,12.008946,2109.921089
2026-10-02T12:05:26Z,46.520091,12.008955,2109.887851
2026-10-02T12:05:27Z,46.520097,12.008963,2109.861201
2026-10-02T12:05:28Z,46.520103,12.008971,2109.842324
2026-10-02T12:05:29Z,46.52011,12.008978,2109.831502
2026-10-02T12:05:30Z,46.520118,12.008984,2109.828437
2026-10-02T12:05:31Z,46.520125,12.008989,2109.832466
2026-10-02T12:05:32Z,46.520132,12.008993,2109.842157
2026-10-02T12:05:33Z,46.520139,12.008997,2109.856181
2026-10-02T12:05:34Z,46.520147,12.009,2109.873588
2026-10-02T12:05:35Z,46.520154,12.009005,2109.894241
2026-10-02T12:05:36Z,46.520161,12.00901,2109.918712
2026-10-02T12:05:37Z,46.520168,12.009018,2109.948515
2026-10-02T12:05:38Z,46.520173,12.009027,2109.984958
2026-10-02T12:05:39Z,46.520178,12.009036,2110.028908
2026-10-02T12:05:40Z,46.520183,12.009046,2110.080416
2026-10-02T12:05:41Z,46.520187,12.009057,2110.138437
2026-10-02T12:05:42Z,46.520191,12.009068,2110.200966
2026-10-02T12:05:43Z,46.520194,12.009078,2110.265094
2026-10-02T12:05:44Z,46.520197,12.009088,2110.327478
2026-10-02T12:05:45Z,46.520199,12.009098,2110.385053
2026-10-02T12:05:46Z,46.520199,12.009107,2110.435238
2026-10-02T12:05:47Z,46.520199,12.009116,2110.476304
2026-10-02T12:05:48Z,46.520198,12.009125,2110.507669
2026-10-02T12:05:49Z,46.520197,12.009135,2110.529817
2026-10-02T12:05:50Z,46.520195,12.009144,2110.543344
2026-10-02T12:05:51Z,46.520194,12.009153,2110.549783
2026-10-02T12:05:52Z,46.520193,12.009162,2110.550933
2026-10-02T12:05:53Z,46.520193,12.009171,2110.548837
2026-10-02T12:05:54Z,46.520194,12.009178,2110.546032
2026-10-02T12:05:55Z,46.520195,12.009184,2110.545746
2026-10-02T12:05:56Z,46.520195,12.009187,2110.55071
2026-10-02T12:05:57Z,46.520195,12.009189,2110.563221
2026-10-02T12:05:58Z,46.520195,12.00919,2110.585182
2026-10-02T12:05:59Z,46.520196,12.009191,2110.617083
2026-10-02T12:06:00Z,46.520196,12.009192,2110.657956
2026-10-02T12:06:01Z,46.520197,12.009193,2110.705431
2026-10-02T12:06:02Z,46.520198,12.009193,2110.756069
2026-10-02T12:06:03Z,46.520201,12.009193,2110.805265
2026-10-02T12:06:04Z,46.520205,12.009193,2110.849316
2026-10-02T12:06:05Z,46.52021,12.009193,2110.885566
2026-10-02T12:06:06Z,46.520217,12.009192,2110.913139
2026-10-02T12:06:07Z,46.520224,12.009191,2110.932903
2026-10-02T12:06:08Z,46.520231,12.00919,2110.947319
2026-10-02T12:06:09Z,46.520239,12.009189,2110.959972
2026-10-02T12:06:10Z,46.520248,12.00919,2110.974731
2026-10-02T12:06:11Z,46.520258,12.009191,2110.994915
2026-10-02T12:06:12Z,46.520267,12.009193,2111.024957
2026-10-02T12:06:13Z,46.520275,12.009197,2111.074494
2026-10-02T12:06:14Z,46.520283,12.009203,2111.133014
2026-10-02T12:06:15Z,46.52029,12.009209,2111.198046
2026-10-02T12:06:16Z,46.520297,12.009216,2111.267656
2026-10-02T12:06:17Z,46.520303,12.009224,2111.339923
2026-10-02T12:06:18Z,46.520309,12.009233,2111.412267
2026-10-02T12:06:19Z,46.520314,12.009242,2111.480725
2026-10-02T12:06:20Z,46.520319,12.009251,2111.539122
2026-10-02T12:06:21Z,46.520323,12.009259,2111.578278
2026-10-02T12:06:22Z,46.520326,12.009266,2111.593727
2026-10-02T12:06:22Z,46.520326,12.009267,2111.600141
2026-10-02T12:06:23Z,46.52033,12.009272,2111.622337
2026-10-02T12:06:24Z,46.520333,12.009274,2111.670133
2026-10-02T12:06:25Z,46.520335,12.009276,2111.731724
2026-10-02T12:06:26Z,46.520337,12.009277,2111.79827
2026-10-02T12:06:27Z,46.520338,12.009279,2111.863184
2026-10-02T12:06:28Z,46.520339,12.009282,2111.92155
2026-10-02T12:06:29Z,46.52034,12.009286,2111.969441
2026-10-02T12:06:30Z,46.520341,12.009291,2112.006312
2026-10-02T12:06:31Z,46.520343,12.009296,2112.032974
2026-10-02T12:06:32Z,46.520346,12.009301,2112.051546
2026-10-02T12:06:33Z,46.520349,12.009305,2112.065273
2026-10-02T12:06:34Z,46.520354,12.00931,2112.078722
2026-10-02T12:06:35Z,46.520358,12.009315,2112.09636
2026-10-02T12:06:36Z,46.520363,12.009321,2112.123122
2026-10-02T12:06:37Z,46.520368,12.009328,2112.163815
2026-10-02T12:06:38Z,46.520374,12.009334,2112.221944
2026-10-02T12:06:39Z,46.52038,12.00934,2112.298318
2026-10-02T12:06:40Z,46.520385,12.009346,2112.390733
2026-10-02T12:06:41Z,46.520391,12.009352,2112.494684
2026-10-02T12:06:42Z,46.520396,12.009358,2112.604786
2026-10-02T12:06:43Z,46.520403,12.009364,2112.716928
2026-10-02T12:06:44Z,46.52041,12.00937,2112.828428
2026-10-02T12:06:45Z,46.520417,12.009376,2112.938207
2026-10-02T12:06:46Z,46.520424,12.009381,2113.046762
2026-10-02T12:06:47Z,46.52043,12.009385,2113.155874
2026-10-02T12:06:48Z,46.520436,12.009389,2113.268039
2026-10-02T12:06:49Z,46.520442,12.009393,2113.385811
2026-10-02T12:06:50Z,46.520447,12.009398,2113.511128
2026-10-02T12:06:51Z,46.520453,12.009404,2113.64476
2026-10-02T12:06:52Z,46.520458,12.009411,2113.786373
2026-10-02T12:06:53Z,46.520463,12.009418,2113.933982
2026-10-02T12:06:54Z,46.520467,12.009426,2114.085043
2026-10-02T12:06:55Z,46.520471,12.009432,2114.237122
2026-10-02T12:06:56Z,46.520474,12.009438,2114.387437
2026-10-02T12:06:57Z,46.520476,12.009441,2114.534017
2026-10-02T12:06:58Z,46.520478,12.009444,2114.675427
2026-10-02T12:06:59Z,46.520479,12.009444,2114.810869
2026-10-02T12:07:00Z,46.52048,12.009444,2114.93949
2026-10-02T12:07:01Z,46.520481,12.009444,2115.060273
2026-10-02T12:07:02Z,46.520483,12.009444,2115.17204
2026-10-02T12:07:03Z,46.520486,12.009444,2115.273636
2026-10-02T12:07:04Z,46.52049,12.009445,2115.364547
2026-10-02T12:07:05Z,46.520496,12.009447,2115.445384
2026-10-02T12:07:06Z,46.520502,12.00945,2115.519095
2026-10-02T12:07:07Z,46.520507,12.009453,2115.589337
2026-10-02T12:07:08Z,46.520511,12.009455,2115.65932
2026-10-02T12:07:09Z,46.520513,12.009457,2115.731267
2026-10-02T12:07:10Z,46.520514,12.009457,2115.806631
2026-10-02T12:07:11Z,46.520516,12.009457,2115.886207
2026-10-02T12:07:12Z,46.520518,12.009456,2115.970473
2026-10-02T12:07:13Z,46.520521,12.009456,2116.059843
2026-10-02T12:07:14Z,46.520524,12.009455,2116.1545
2026-10-02T12:07:15Z,46.520529,12.009455,2116.253941
2026-10-02T12:07:16Z,46.520534,12.009455,2116.356902
2026-10-02T12:07:17Z,46.520539,12.009455,2116.461714
2026-10-02T12:07:18Z,46.520545,12.009455,2116.566761
2026-10-02T12:07:19Z,46.52055,12.009455,2116.671556
2026-10-02T12:07:20Z,46.520555,12.009456,2116.776064
2026-10-02T12:07:21Z,46.520561,12.009458,2116.880839
2026-10-02T12:07:22Z,46.520567,12.009461,2116.987014
2026-10-02T12:07:23Z,46.520574,12.009466,2117.096302
2026-10-02T12:07:24Z,46.52058,12.009471,2117.210298
2026-10-02T12:07:25Z,46.520587,12.009476,2117.330755
2026-10-02T12:07:26Z,46.520592,12.00948,2117.4592
2026-10-02T12:07:27Z,46.520598,12.009485,2117.596402
2026-10-02T12:07:28Z,46.520602,12.009489,2117.742292
2026-10-02T12:07:29Z,46.520607,12.009493,2117.895752
2026-10-02T12:07:30Z,46.520611,12.009499,2118.054679
2026-10-02T12:07:31Z,46.520615,12.009507,2118.216253
2026-10-02T12:07:32Z,46.520619,12.009515,2118.377852
2026-10-02T12:07:33Z,46.520624,12.009523,2118.537205
2026-10-02T12:07:34Z,46.520629,12.009531,2118.692833
2026-10-02T12:07:35Z,46.520633,12.00954,2118.844219
2026-10-02T12:07:36Z,46.520637,12.009548,2118.991793
2026-10-02T12:07:37Z,46.52064,12.009557,2119.136968
2026-10-02T12:07:38Z,46.520644,12.009566,2119.281663
2026-10-02T12:07:39Z,46.520649,12.009575,2119.427886
2026-10-02T12:07:40Z,46.520653,12.009583,2119.57735
2026-10-02T12:07:41Z,46.520658,12.00959,2119.731199
2026-10-02T12:07:42Z,46.520663,12.009596,2119.889657
2026-10-02T12:07:43Z,46.520668,12.009601,2120.052396
2026-10-02T12:07:44Z,46.520673,12.009605,2120.218834
2026-10-02T12:07:45Z,46.520678,12.009609,2120.388213
2026-10-02T12:07:46Z,46.520683,12.009614,2120.559577
2026-10-02T12:07:47Z,46.520688,12.009618,2120.732018
2026-10-02T12:07:48Z,46.520692,12.009622,2120.904675
2026-10-02T12:07:49Z,46.520698,12.009625,2121.076788
2026-10-02T12:07:50Z,46.520703,12.009628,2121.247812
2026-10-02T12:07:51Z,46.520708,12.009631,2121.417484
2026-10-02T12:07:52Z,46.520713,12.009633,2121.585957
2026-10-02T12:07:53Z,46.520719,12.009637,2121.753763
2026-10-02T12:07:54Z,46.520726,12.00964,2121.921591
2026-10-02T12:07:55Z,46.520732,12.009644,2122.090362
2026-10-02T12:07:56Z,46.520736,12.009647,2122.260902
2026-10-02T12:07:57Z,46.52074,12.009651,2122.433791
2026-10-02T12:07:58Z,46.520745,12.009656,2122.609374
2026-10-02T12:07:59Z,46.520751,12.009662,2122.787975
2026-10-02T12:08:00Z,46.520755,12.009668,2122.969613
2026-10-02T12:08:01Z,46.52076,12.009675,2123.154203
2026-10-02T12:08:02Z,46.520765,12.009682,2123.341542
2026-10-02T12:08:03Z,46.520771,12.00969,2123.531049
2026-10-02T12:08:04Z,46.520776,12.009697,2123.721711
2026-10-02T12:08:05Z,46.520781,12.009703,2123.91262
2026-10-02T12:08:06Z,46.520785,12.009709,2124.102919
2026-10-02T12:08:07Z,46.520789,12.009715,2124.291689
2026-10-02T12:08:08Z,46.520793,12.009722,2124.47845
2026-10-02T12:08:09Z,46.520798,12.00973,2124.663314
2026-10-02T12:08:10Z,46.520804,12.009738,2124.846812
2026-10-02T12:08:11Z,46.52081,12.009745,2125.029766
2026-10-02T12:08:12Z,46.520816,12.009751,2125.213397
2026-10-02T12:08:13Z,46.520822,12.009757,2125.3992
2026-10-02T12:08:14Z,46.520829,12.00976,2125.588375
2026-10-02T12:08:15Z,46.520835,12.009762,2125.781273
2026-10-02T12:08:16Z,46.52084,12.009762,2125.977127
2026-10-02T12:08:17Z,46.520846,12.009761,2126.174468
2026-10-02T12:08:18Z,46.520852,12.009759,2126.371365
2026-10-02T12:08:19Z,46.520858,12.009758,2126.565917
2026-10-02T12:08:20Z,46.520864,12.009756,2126.756712
2026-10-02T12:08:21Z,46.52087,12.009755,2126.943357
2026-10-02T12:08:22Z,46.520877,12.009753,2127.125983
2026-10-02T12:08:23Z,46.520883,12.009751,2127.304733
2026-10-02T12:08:24Z,46.520889,12.00975,2127.47979
2026-10-02T12:08:25Z,46.520896,12.009749,2127.651597
2026-10-02T12:08:26Z,46.520903,12.009748,2127.820996
2026-10-02T12:08:27Z,46.520911,12.009748,2127.989026
2026-10-02T12:08:28Z,46.52092,12.009746,2128.156664
2026-10-02T12:08:29Z,46.520928,12.009745,2128.324551
2026-10-02T12:08:30Z,46.520935,12.009743,2128.492912
2026-10-02T12:08:31Z,46.520942,12.009741,2128.661206
2026-10-02T12:08:32Z,46.520948,12.00974,2128.828592
2026-10-02T12:08:33Z,46.520954,12.009739,2128.994362
2026-10-02T12:08:34Z,46.52096,12.009739,2129.158203
2026-10-02T12:08:35Z,46.520965,12.009739,2129.32015
2026-10-02T12:08:36Z,46.52097,12.009739,2129.479769
2026-10-02T12:08:37Z,46.520975,12.00974,2129.636394
2026-10-02T12:08:38Z,46.52098,12.009742,2129.789361
2026-10-02T12:08:39Z,46.520985,12.009745,2129.938241
2026-10-02T12:08:40Z,46.52099,12.009749,2130.082683
2026-10-02T12:08:41Z,46.520995,12.009753,2130.222527
2026-10-02T12:08:42Z,46.520999,12.009757,2130.35768
2026-10-02T12:08:43Z,46.521001,12.009762,2130.488078
2026-10-02T12:08:44Z,46.521003,12.009767,2130.61316
2026-10-02T12:08:45Z,46.521003,12.009772,2130.732651
2026-10-02T12:08:46Z,46.521003,12.009777,2130.846945
2026-10-02T12:08:47Z,46.521002,12.00978,2130.95702
2026-10-02T12:08:48Z,46.521002,12.009784,2131.063862
2026-10-02T12:08:49Z,46.521003,12.009788,2131.168527
2026-10-02T12:08:50Z,46.521006,12.009793,2131.27167
2026-10-02T12:08:51Z,46.521009,12.009798,2131.373596
2026-10-02T12:08:52Z,46.521013,12.009801,2131.474217
2026-10-02T12:08:53Z,46.521017,12.009804,2131.573513
2026-10-02T12:08:54Z,46.521021,12.009807,2131.672078
2026-10-02T12:08:55Z,46.521024,12.009808,2131.770456
2026-10-02T12:08:56Z,46.521027,12.009809,2131.869206
2026-10-02T12:08:57Z,46.521028,12.00981,2131.968735
2026-10-02T12:08:58Z,46.52103,12.00981,2132.069285
2026-10-02T12:08:59Z,46.521032,12.009811,2132.170549
2026-10-02T12:09:00Z,46.521034,12.009811,2132.271386
2026-10-02T12:09:01Z,46.521036,12.009811,2132.371125
2026-10-02T12:09:02Z,46.521038,12.009811,2132.468648
2026-10-02T12:09:03Z,46.52104,12.009811,2132.562693
2026-10-02T12:09:04Z,46.521041,12.009811,2132.651872
2026-10-02T12:09:05Z,46.521042,12.00981,2132.734439
2026-10-02T12:09:06Z,46.521043,12.009809,2132.808269
2026-10-02T12:09:07Z,46.521043,12.009808,2132.871467
2026-10-02T12:09:08Z,46.521043,12.009807,2132.922325
2026-10-02T12:09:09Z,46.521043,12.009807,2132.95997
2026-10-02T12:09:10Z,46.521043,12.009807,2132.98485
2026-10-02T12:09:11Z,46.521043,12.009808,2132.9981
2026-10-02T12:09:12Z,46.521043,12.00981,2133.00186
2026-10-02T12:09:13Z,46.521044,12.009812,2132.999007
2026-10-02T12:09:14Z,46.521045,12.009816,2132.992347
2026-10-02T12:09:15Z,46.521046,12.009819,2132.984903
2026-10-02T12:09:16Z,46.521047,12.009824,2132.97963
2026-10-02T12:09:17Z,46.521049,12.009828,2132.979465
2026-10-02T12:09:18Z,46.52105,12.009833,2132.987265
2026-10-02T12:09:19Z,46.521052,12.009839,2133.006156
2026-10-02T12:09:20Z,46.521054,12.009847,2133.037417
2026-10-02T12:09:21Z,46.521057,12.009856,2133.081188
2026-10-02T12:09:22Z,46.52106,12.009864,2133.136412
2026-10-02T12:09:23Z,46.521062,12.009871,2133.200315
2026-10-02T12:09:24Z,46.521065,12.009877,2133.268741
2026-10-02T12:09:25Z,46.521066,12.00988,2133.33719
2026-10-02T12:09:26Z,46.521066,12.009881,2133.400991
2026-10-02T12:09:27Z,46.521066,12.009882,2133.455474
2026-10-02T12:09:28Z,46.521065,12.009881,2133.496727
2026-10-02T12:09:29Z,46.521064,12.009881,2133.522482
2026-10-02T12:09:30Z,46.521064,12.00988,2133.532854
2026-10-02T12:09:31Z,46.521064,12.00988,2133.530127
2026-10-02T12:09:32Z,46.521063,12.00988,2133.518191
2026-10-02T12:09:33Z,46.521063,12.00988,2133.501343
2026-10-02T12:09:34Z,46.521063,12.00988,2133.483568
2026-10-02T12:09:35Z,46.521063,12.00988,2133.467551
2026-10-02T12:09:36Z,46.521063,12.00988,2133.45418
2026-10-02T12:09:37Z,46.521063,12.00988,2133.443252
2026-10-02T12:09:38Z,46.521063,12.00988,2133.433604
2026-10-02T12:09:39Z,46.521063,12.009881,2133.423394
2026-10-02T12:09:40Z,46.521063,12.009882,2133.410308
2026-10-02T12:09:41Z,46.521064,12.009883,2133.392864
2026-10-02T12:09:42Z,46.521064,12.009884,2133.369774
2026-10-02T12:09:43Z,46.521066,12.009886,2133.340557
2026-10-02T12:09:44Z,46.521067,12.009888,2133.305734
2026-10-02T12:09:45Z,46.521068,12.009889,2133.267025
2026-10-02T12:09:46Z,46.521068,12.00989,2133.226728
2026-10-02T12:09:47Z,46.521068,12.00989,2133.187847
2026-10-02T12:09:48Z,46.521068,12.009889,2133.153645
2026-10-02T12:09:49Z,46.521068,12.009888,2133.127017
2026-10-02T12:09:50Z,46.521067,12.009887,2133.109721
2026-10-02T12:09:51Z,46.521067,12.009887,2133.101948
2026-10-02T12:09:52Z,46.521066,12.009886,2133.102578
2026-10-02T12:09:53Z,46.521066,12.009886,2133.109618
2026-10-02T12:09:54Z,46.521066,12.009885,2133.120603
2026-10-02T12:09:55Z,46.521066,12.009885,2133.133355
2026-10-02T12:09:56Z,46.521066,12.009885,2133.146248
2026-10-02T12:09:57Z,46.521066,12.009885,2133.158197
2026-10-02T12:09:58Z,46.521066,12.009885,2133.168489
2026-10-02T12:09:59Z,46.521065,12.009885,2133.176576
2026-10-02T12:10:00Z,46.521065,12.009885,2133.182011
2026-10-02T12:10:01Z,46.521065,12.009885,2133.18441
2026-10-02T12:10:02Z,46.521065,12.009884,2133.183465
2026-10-02T12:10:03Z,46.521065,12.009884,2133.179
2026-10-02T12:10:04Z,46.521065,12.009884,2133.171022
2026-10-02T12:10:05Z,46.521065,12.009884,2133.159628
2026-10-02T12:10:06Z,46.521064,12.009884,2133.145125
2026-10-02T12:10:07Z,46.521064,12.009884,2133.128238
2026-10-02T12:10:08Z,46.521064,12.009883,2133.109727
2026-10-02T12:10:09Z,46.521063,12.009883,2133.090561
2026-10-02T12:10:10Z,46.521063,12.009883,2133.071723
2026-10-02T12:10:11Z,46.521063,12.009882,2133.054163
2026-10-02T12:10:12Z,46.521062,12.009882,2133.039606
2026-10-02T12:10:13Z,46.521062,12.009882,2133.029934
2026-10-02T12:10:14Z,46.521062,12.009882,2133.026997
2026-10-02T12:10:15Z,46.521062,12.009881,2133.03254
2026-10-02T12:10:16Z,46.521061,12.009881,2133.048577
2026-10-02T12:10:17Z,46.521061,12.009881,2133.075241
2026-10-02T12:10:18Z,46.521061,12.009881,2133.112113
2026-10-02T12:10:19Z,46.521061,12.009881,2133.158256
2026-10-02T12:10:20Z,46.521061,12.009882,2133.212057
2026-10-02T12:10:21Z,46.521061,12.009883,2133.270603
2026-10-02T12:10:22Z,46.521061,12.009884,2133.330185
2026-10-02T12:10:23Z,46.521061,12.009885,2133.386631
2026-10-02T12:10:24Z,46.521061,12.009885,2133.436054
2026-10-02T12:10:25Z,46.521061,12.009885,2133.475464
2026-10-02T12:10:26Z,46.521061,12.009884,2133.503534
2026-10-02T12:10:27Z,46.521061,12.009884,2133.521467
2026-10-02T12:10:28Z,46.521061,12.009883,2133.532069
2026-10-02T12:10:29Z,46.521061,12.009883,2133.538617
2026-10-02T12:10:30Z,46.521061,12.009882,2133.543672
2026-10-02T12:10:31Z,46.521062,12.009882,2133.549148
2026-10-02T12:10:32Z,46.521062,12.009882,2133.55619
2026-10-02T12:10:33Z,46.521062,12.009881,2133.56536
2026-10-02T12:10:34Z,46.521063,12.009881,2133.576791
2026-10-02T12:10:35Z,46.521063,12.009881,2133.590629
2026-10-02T12:10:36Z,46.521064,12.009882,2133.606743
2026-10-02T12:10:37Z,46.521065,12.009883,2133.624349
2026-10-02T12:10:38Z,46.521065,12.009883,2133.641985
2026-10-02T12:10:39Z,46.521066,12.009884,2133.658375
2026-10-02T12:10:40Z,46.521066,12.009885,2133.672769
2026-10-02T12:10:41Z,46.521066,12.009885,2133.684727
2026-10-02T12:10:42Z,46.521066,12.009885,2133.693875
2026-10-02T12:10:43Z,46.521067,12.009884,2133.700137
2026-10-02T12:10:44Z,46.521067,12.009884,2133.703155
2026-10-02T12:10:45Z,46.521068,12.009883,2133.702576
2026-10-02T12:10:46Z,46.521068,12.009882,2133.698389
2026-10-02T12:10:47Z,46.521069,12.009881,2133.691396
2026-10-02T12:10:48Z,46.52107,12.00988,2133.682898
2026-10-02T12:10:49Z,46.521071,12.009879,2133.674839
2026-10-02T12:10:50Z,46.521072,12.009878,2133.66901
2026-10-02T12:10:51Z,46.521073,12.009877,2133.666577
2026-10-02T12:10:52Z,46.521073,12.009876,2133.66753
2026-10-02T12:10:53Z,46.521074,12.009876,2133.671837
2026-10-02T12:10:54Z,46.521074,12.009875,2133.678737
2026-10-02T12:10:55Z,46.521074,12.009874,2133.686947
2026-10-02T12:10:56Z,46.521074,12.009872,2133.695118
2026-10-02T12:10:57Z,46.521074,12.00987,2133.702479
2026-10-02T12:10:58Z,46.521075,12.009865,2133.708658
2026-10-02T12:10:59Z,46.521076,12.009858,2133.714119
2026-10-02T12:11:00Z,46.521078,12.009849,2133.720199
2026-10-02T12:11:01Z,46.52108,12.00984,2133.728417
2026-10-02T12:11:02Z,46.521082,12.009833,2133.739666
2026-10-02T12:11:03Z,46.521083,12.009828,2133.753728
2026-10-02T12:11:04Z,46.521083,12.009825,2133.769389
2026-10-02T12:11:05Z,46.521083,12.009823,2133.784251
2026-10-02T12:11:06Z,46.521082,12.009822,2133.797309
2026-10-02T12:11:07Z,46.521082,12.009821,2133.808215
2026-10-02T12:11:08Z,46.521082,12.00982,2133.817624
2026-10-02T12:11:09Z,46.521083,12.009819,2133.8273
2026-10-02T12:11:10Z,46.521086,12.009817,2133.839672
2026-10-02T12:11:11Z,46.521091,12.009818,2133.858495
2026-10-02T12:11:12Z,46.521097,12.009821,2133.887876
2026-10-02T12:11:13Z,46.521104,12.009827,2133.931796
2026-10-02T12:11:14Z,46.521112,12.009834,2133.9934
2026-10-02T12:11:15Z,46.521119,12.009841,2134.07467
2026-10-02T12:11:16Z,46.521126,12.009847,2134.175451
2026-10-02T12:11:17Z,46.521132,12.009851,2134.294134
2026-10-02T12:11:18Z,46.521138,12.009854,2134.428361
2026-10-02T12:11:19Z,46.521145,12.009857,2134.576403
2026-10-02T12:11:20Z,46.521153,12.009861,2134.736417
2026-10-02T12:11:21Z,46.521161,12.009866,2134.905792
2026-10-02T12:11:22Z,46.521169,12.009871,2135.081346
2026-10-02T12:11:23Z,46.521177,12.009876,2135.259919
2026-10-02T12:11:24Z,46.521184,12.009881,2135.439592
2026-10-02T12:11:25Z,46.521192,12.009886,2135.619334
2026-10-02T12:11:26Z,46.521199,12.009892,2135.799163
2026-10-02T12:11:27Z,46.521207,12.009899,2135.979889
2026-10-02T12:11:28Z,46.521215,12.009905,2136.162256
2026-10-02T12:11:29Z,46.521223,12.009913,2136.346192
2026-10-02T12:11:30Z,46.521231,12.00992,2136.531514
2026-10-02T12:11:31Z,46.52124,12.009927,2136.718657
2026-10-02T12:11:32Z,46.521249,12.009932,2136.90867
2026-10-02T12:11:33Z,46.521256,12.009936,2137.102774
2026-10-02T12:11:34Z,46.521263,12.009939,2137.301259
2026-10-02T12:11:35Z,46.521269,12.009943,2137.503412
2026-10-02T12:11:36Z,46.521275,12.009949,2137.707803
2026-10-02T12:11:37Z,46.521281,12.009956,2137.912517
2026-10-02T12:11:38Z,46.521285,12.009964,2138.11552
2026-10-02T12:11:39Z,46.52129,12.009974,2138.315051
2026-10-02T12:11:40Z,46.521296,12.009983,2138.509715
2026-10-02T12:11:41Z,46.521302,12.009992,2138.698466
2026-10-02T12:11:42Z,46.521309,12.01,2138.880415
2026-10-02T12:11:43Z,46.521314,12.010008,2139.055268
2026-10-02T12:11:44Z,46.521319,12.010015,2139.223413
2026-10-02T12:11:45Z,46.521323,12.010019,2139.385409
2026-10-02T12:11:46Z,46.521324,12.010021,2139.541986
2026-10-02T12:11:47Z,46.521325,12.010023,2139.693691
2026-10-02T12:11:48Z,46.521325,12.010025,2139.84073
2026-10-02T12:11:49Z,46.521324,12.010026,2139.982927
2026-10-02T12:11:50Z,46.521323,12.010027,2140.119483
2026-10-02T12:11:51Z,46.521322,12.010027,2140.249145
2026-10-02T12:11:52Z,46.521322,12.010028,2140.371109
2026-10-02T12:11:53Z,46.521322,12.010028,2140.485273
2026-10-02T12:11:54Z,46.521324,12.01003,2140.592028
2026-10-02T12:11:55Z,46.521327,12.010032,2140.69271
2026-10-02T12:11:56Z,46.521331,12.010034,2140.789212
2026-10-02T12:11:57Z,46.521335,12.010036,2140.883771
2026-10-02T12:11:58Z,46.521339,12.010038,2140.978845
2026-10-02T12:11:59Z,46.521343,12.01004,2141.077491
2026-10-02T12:12:00Z,46.521348,12.010042,2141.182028
2026-10-02T12:12:01Z,46.521352,12.010043,2141.293944
2026-10-02T12:12:02Z,46.521358,12.010046,2141.413466
2026-10-02T12:12:03Z,46.521363,12.010049,2141.540028
2026-10-02T12:12:04Z,46.521368,12.010051,2141.671804
2026-10-02T12:12:05Z,46.521373,12.010052,2141.806751
2026-10-02T12:12:06Z,46.521378,12.010053,2141.943015
2026-10-02T12:12:07Z,46.521383,12.010052,2142.079709
2026-10-02T12:12:08Z,46.521388,12.010052,2142.214909
2026-10-02T12:12:09Z,46.521394,12.010051,2142.347736
2026-10-02T12:12:10Z,46.521399,12.010051,2142.478524
2026-10-02T12:12:11Z,46.521403,12.010051,2142.608174
2026-10-02T12:12:12Z,46.521406,12.010052,2142.737027
2026-10-02T12:12:13Z,46.521407,12.010053,2142.864136
2026-10-02T12:12:14Z,46.521406,12.010053,2142.987246
2026-10-02T12:12:15Z,46.521404,12.010053,2143.102999
2026-10-02T12:12:16Z,46.521403,12.010052,2143.207642
2026-10-02T12:12:17Z,46.521402,12.010051,2143.298788
2026-10-02T12:12:18Z,46.521401,12.010051,2143.376127
2026-10-02T12:12:19Z,46.5214,12.01005,2143.440806
2026-10-02T12:12:20Z,46.5214,12.010049,2143.494377
2026-10-02T12:12:21Z,46.5214,12.010049,2143.538217
2026-10-02T12:12:22Z,46.5214,12.010048,2143.573337
2026-10-02T12:12:23Z,46.521399,12.010047,2143.600471
2026-10-02T12:12:24Z,46.521399,12.010046,2143.620248
2026-10-02T12:12:25Z,46.521399,12.010045,2143.633475
2026-10-02T12:12:26Z,46.521399,12.010043,2143.641
2026-10-02T12:12:27Z,46.521399,12.010043,2143.643732
2026-10-02T12:12:28Z,46.521399,12.010042,2143.642648
2026-10-02T12:12:29Z,46.521399,12.010042,2143.638802
2026-10-02T12:12:30Z,46.521399,12.010041,2143.633073
2026-10-02T12:12:31Z,46.521399,12.010041,2143.626221
2026-10-02T12:12:32Z,46.521399,12.010041,2143.618879
2026-10-02T12:12:33Z,46.521399,12.010041,2143.611555
2026-10-02T12:12:34Z,46.521399,12.010041,2143.604593
2026-10-02T12:12:35Z,46.521399,12.010041,2143.598399
2026-10-02T12:12:36Z,46.521399,12.010041,2143.593476
2026-10-02T12:12:37Z,46.521399,12.010041,2143.590241
2026-10-02T12:12:38Z,46.521399,12.010041,2143.588785
2026-10-02T12:12:39Z,46.521399,12.010041,2143.588932
2026-10-02T12:12:40Z,46.521399,12.010041,2143.590239
2026-10-02T12:12:41Z,46.521399,12.010041,2143.592167
2026-10-02T12:12:42Z,46.521399,12.010041,2143.594253
2026-10-02T12:12:43Z,46.521399,12.010041,2143.59639
2026-10-02T12:12:44Z,46.521399,12.010041,2143.59845
2026-10-02T12:12:45Z,46.521399,12.010041,2143.600462
2026-10-02T12:12:46Z,46.521399,12.010041,2143.602532
2026-10-02T12:12:47Z,46.521399,12.010041,2143.604788
2026-10-02T12:12:48Z,46.521399,12.010041,2143.607186
2026-10-02T12:12:49Z,46.521399,12.010041,2143.609534
2026-10-02T12:12:50Z,46.521399,12.010041,2143.611481
2026-10-02T12:12:51Z,46.521399,12.010041,2143.612608
2026-10-02T12:12:52Z,46.521399,12.010041,2143.612674
2026-10-02T12:12:53Z,46.521399,12.010041,2143.611636
2026-10-02T12:12:54Z,46.521399,12.010041,2143.609974
2026-10-02T12:12:55Z,46.521399,12.010041,2143.608529
2026-10-02T12:12:56Z,46.521399,12.010041,2143.608214
2026-10-02T12:12:57Z,46.521399,12.010041,2143.609825
2026-10-02T12:12:58Z,46.521399,12.010041,2143.614121
2026-10-02T12:12:59Z,46.521399,12.010041,2143.621707
2026-10-02T12:13:00Z,46.521398,12.01004,2143.632935
2026-10-02T12:13:01Z,46.521398,12.01004,2143.648455
2026-10-02T12:13:02Z,46.521398,12.010039,2143.667567
2026-10-02T12:13:03Z,46.521398,12.010038,2143.688997
2026-10-02T12:13:04Z,46.521398,12.010037,2143.710986
2026-10-02T12:13:05Z,46.521398,12.010036,2143.731718
2026-10-02T12:13:06Z,46.521398,12.010034,2143.748507
2026-10-02T12:13:07Z,46.521398,12.010032,2143.75983
2026-10-02T12:13:08Z,46.521398,12.01003,2143.764868
2026-10-02T12:13:09Z,46.521398,12.010028,2143.763602
2026-10-02T12:13:10Z,46.521398,12.010026,2143.756606
2026-10-02T12:13:11Z,46.521399,12.010025,2143.7462
2026-10-02T12:13:12Z,46.521401,12.010025,2143.736175
2026-10-02T12:13:13Z,46.521403,12.010027,2143.731058
2026-10-02T12:13:14Z,46.521407,12.010031,2143.735013
2026-10-02T12:13:15Z,46.521411,12.010036,2143.750933
2026-10-02T12:13:16Z,46.521414,12.010041,2143.779453
2026-10-02T12:13:17Z,46.521416,12.010044,2143.818772
2026-10-02T12:13:18Z,46.521418,12.010046,2143.865622
2026-10-02T12:13:19Z,46.52142,12.010049,2143.916367
2026-10-02T12:13:20Z,46.521422,12.010053,2143.968238
2026-10-02T12:13:21Z,46.521425,12.010058,2144.019623
2026-10-02T12:13:22Z,46.521427,12.010063,2144.070211
2026-10-02T12:13:23Z,46.52143,12.01007,2144.121174
2026-10-02T12:13:24Z,46.521432,12.010077,2144.17455
2026-10-02T12:13:25Z,46.521433,12.010084,2144.232383
2026-10-02T12:13:26Z,46.521434,12.010091,2144.296452
2026-10-02T12:13:27Z,46.521434,12.010098,2144.368272
2026-10-02T12:13:28Z,46.521434,12.010103,2144.447418
2026-10-02T12:13:29Z,46.521433,12.010109,2144.532741
2026-10-02T12:13:30Z,46.521432,12.010114,2144.622457
2026-10-02T12:13:31Z,46.521432,12.010117,2144.71412
2026-10-02T12:13:32Z,46.521431,12.010119,2144.80445
2026-10-02T12:13:33Z,46.521431,12.010119,2144.889776
2026-10-02T12:13:34Z,46.521431,12.010119,2144.966339
2026-10-02T12:13:35Z,46.521431,12.010119,2145.030984
2026-10-02T12:13:36Z,46.521431,12.010118,2145.081776
2026-10-02T12:13:37Z,46.521431,12.010118,2145.118152
2026-10-02T12:13:38Z,46.521432,12.010118,2145.141859
2026-10-02T12:13:39Z,46.521433,12.010119,2145.156099
2026-10-02T12:13:40Z,46.521435,12.01012,2145.164667
2026-10-02T12:13:41Z,46.521438,12.010121,2145.170793
2026-10-02T12:13:42Z,46.521442,12.010119,2145.17753
2026-10-02T12:13:43Z,46.521447,12.010115,2145.18701
2026-10-02T12:13:44Z,46.521453,12.010109,2145.200376
2026-10-02T12:13:45Z,46.521458,12.010102,2145.217673
2026-10-02T12:13:46Z,46.521464,12.010095,2145.238792
2026-10-02T12:13:47Z,46.521469,12.010086,2145.262675
2026-10-02T12:13:48Z,46.521475,12.010078,2145.287252
2026-10-02T12:13:49Z,46.52148,12.010071,2145.30994
2026-10-02T12:13:50Z,46.521482,12.010067,2145.328713
2026-10-02T12:13:51Z,46.521484,12.010064,2145.342489
2026-10-02T12:13:52Z,46.521485,12.010063,2145.351341
2026-10-02T12:13:53Z,46.521486,12.010062,2145.356367
2026-10-02T12:13:54Z,46.521486,12.010062,2145.359293
2026-10-02T12:13:55Z,46.521486,12.010061,2145.36156
2026-10-02T12:13:56Z,46.521486,12.010061,2145.363672
2026-10-02T12:13:57Z,46.521487,12.010061,2145.365458
2026-10-02T12:13:58Z,46.521487,12.010061,2145.366597
2026-10-02T12:13:59Z,46.521487,12.010061,2145.366801
2026-10-02T12:14:00Z,46.521487,12.010061,2145.365955
2026-10-02T12:14:01Z,46.521487,12.010061,2145.36413
2026-10-02T12:14:02Z,46.521487,12.010061,2145.361455
2026-10-02T12:14:03Z,46.521487,12.010061,2145.357861
2026-10-02T12:14:04Z,46.521487,12.010061,2145.353273
2026-10-02T12:14:05Z,46.521487,12.010061,2145.347689
2026-10-02T12:14:06Z,46.521488,12.01006,2145.341132
2026-10-02T12:14:07Z,46.521488,12.01006,2145.333459
2026-10-02T12:14:08Z,46.521489,12.01006,2145.324424
2026-10-02T12:14:09Z,46.52149,12.010059,2145.314272
2026-10-02T12:14:10Z,46.521491,12.010058,2145.303182
2026-10-02T12:14:11Z,46.521492,12.010057,2145.291151
2026-10-02T12:14:12Z,46.521494,12.010056,2145.278917
2026-10-02T12:14:13Z,46.521498,12.010053,2145.26714
2026-10-02T12:14:14Z,46.521501,12.010051,2145.256738
2026-10-02T12:14:15Z,46.521505,12.010049,2145.249231
2026-10-02T12:14:16Z,46.521507,12.010047,2145.247324
2026-10-02T12:14:17Z,46.52151,12.010045,2145.253319
2026-10-02T12:14:18Z,46.521512,12.010044,2145.269743
2026-10-02T12:14:19Z,46.521513,12.010043,2145.298186
2026-10-02T12:14:20Z,46.521514,12.010042,2145.338611
2026-10-02T12:14:21Z,46.521514,12.010041,2145.389187
2026-10-02T12:14:22Z,46.521515,12.01004,2145.446479
2026-10-02T12:14:23Z,46.521515,12.010039,2145.505598
2026-10-02T12:14:24Z,46.521514,12.010037,2145.561156
2026-10-02T12:14:25Z,46.521514,12.010035,2145.608725
2026-10-02T12:14:26Z,46.521514,12.010032,2145.64509
2026-10-02T12:14:27Z,46.521514,12.010029,2145.669372
2026-10-02T12:14:28Z,46.521515,12.010026,2145.682967
2026-10-02T12:14:29Z,46.521515,12.010024,2145.689249
2026-10-02T12:14:30Z,46.521515,12.010021,2145.691932
2026-10-02T12:14:31Z,46.521515,12.01002,2145.694984
2026-10-02T12:14:32Z,46.521515,12.010019,2145.702098
2026-10-02T12:14:33Z,46.521514,12.010018,2145.716005
2026-10-02T12:14:34Z,46.521514,12.010017,2145.737707
2026-10-02T12:14:35Z,46.521513,12.010016,2145.766599
2026-10-02T12:14:36Z,46.521513,12.010016,2145.800947
2026-10-02T12:14:37Z,46.521513,12.010016,2145.838123
2026-10-02T12:14:38Z,46.521512,12.010016,2145.875055
2026-10-02T12:14:39Z,46.521512,12.010016,2145.909764
2026-10-02T12:14:40Z,46.521511,12.010016,2145.941202
2026-10-02T12:14:41Z,46.521511,12.010017,2145.968854
2026-10-02T12:14:42Z,46.52151,12.010017,2145.99203
2026-10-02T12:14:43Z,46.521509,12.010018,2146.009807
2026-10-02T12:14:44Z,46.521508,12.01002,2146.020682
2026-10-02T12:14:45Z,46.521507,12.010021,2146.023035
2026-10-02T12:14:46Z,46.521505,12.010023,2146.015633
2026-10-02T12:14:47Z,46.521504,12.010025,2145.998185
2026-10-02T12:14:48Z,46.521503,12.010027,2145.971765
2026-10-02T12:14:49Z,46.521502,12.010028,2145.938396
2026-10-02T12:14:50Z,46.521501,12.010029,2145.900828
2026-10-02T12:14:51Z,46.521501,12.01003,2145.862076
2026-10-02T12:14:52Z,46.5215,12.010031,2145.824876
2026-10-02T12:14:53Z,46.5215,12.010031,2145.791161
2026-10-02T12:14:54Z,46.5215,12.010032,2145.76243
2026-10-02T12:14:55Z,46.5215,12.010032,2145.739435
2026-10-02T12:14:56Z,46.521499,12.010033,2145.721606
2026-10-02T12:14:57Z,46.521499,12.010034,2145.707932
2026-10-02T12:14:58Z,46.521499,12.010034,2145.696642
2026-10-02T12:14:59Z,46.521499,12.010035,2145.685184
2026-10-02T12:15:00Z,46.521499,12.010036,2145.670228
2026-10-02T12:15:01Z,46.521498,12.010037,2145.649293
2026-10-02T12:15:02Z,46.521498,12.01004,2145.619263
2026-10-02T12:15:03Z,46.521497,12.010043,2145.578763
2026-10-02T12:15:04Z,46.521496,12.010048,2145.528582
2026-10-02T12:15:05Z,46.521495,12.010053,2145.471429
2026-10-02T12:15:06Z,46.521495,12.010059,2145.412728
2026-10-02T12:15:07Z,46.521495,12.010067,2145.360139
2026-10-02T12:15:08Z,46.521496,12.010076,2145.32204
2026-10-02T12:15:09Z,46.521498,12.010085,2145.305998
2026-10-02T12:15:10Z,46.5215,12.010093,2145.318464
2026-10-02T12:15:11Z,46.521501,12.0101,2145.362489
2026-10-02T12:15:12Z,46.521502,12.010104,2145.445157
2026-10-02T12:15:13Z,46.521503,12.010108,2145.548526
2026-10-02T12:15:14Z,46.521503,12.01011,2145.662835
2026-10-02T12:15:15Z,46.521503,12.010111,2145.757463
2026-10-02T12:15:16Z,46.521503,12.010111,2145.842109
2026-10-02T12:15:17Z,46.521503,12.010111,2145.930739
2026-10-02T12:15:18Z,46.521502,12.010112,2146.005243
2026-10-02T12:15:19Z,46.521502,12.010112,2146.060413
2026-10-02T12:15:20Z,46.521502,12.010111,2146.095058
2026-10-02T12:15:21Z,46.521502,12.010111,2146.112692
2026-10-02T12:15:22Z,46.521502,12.01011,2146.123455
2026-10-02T12:15:23Z,46.521503,12.010108,2146.14697
2026-10-02T12:15:24Z,46.521503,12.010106,2146.211366
2026-10-02T12:15:29Z,46.52151,12.010107,2146.651483
2026-10-02T12:15:30Z,46.521512,12.010111,2146.68486
2026-10-02T12:15:31Z,46.521515,12.010117,2146.675881
2026-10-02T12:15:32Z,46.521518,12.010123,2146.651704
2026-10-02T12:15:33Z,46.521521,12.010129,2146.63063
2026-10-02T12:15:34Z,46.521524,12.010136,2146.624115
2026-10-02T12:15:35Z,46.521528,12.010144,2146.638491
2026-10-02T12:15:36Z,46.521532,12.010151,2146.676193
2026-10-02T12:15:37Z,46.521536,12.010159,2146.736898
2026-10-02T12:15:38Z,46.52154,12.010166,2146.818304
2026-10-02T12:15:39Z,46.521544,12.010175,2146.917049
2026-10-02T12:15:40Z,46.521548,12.010185,2147.029533
2026-10-02T12:15:41Z,46.521553,12.010197,2147.152512
2026-10-02T12:15:42Z,46.521557,12.010209,2147.2833
2026-10-02T12:15:43Z,46.521562,12.010222,2147.420055
2026-10-02T12:15:44Z,46.521566,12.010235,2147.561555
2026-10-02T12:15:45Z,46.521569,12.010247,2147.706649
2026-10-02T12:15:46Z,46.521573,12.010258,2147.854477
2026-10-02T12:15:47Z,46.521577,12.010268,2148.004184
2026-10-02T12:15:48Z,46.52158,12.01028,2148.15477
2026-10-02T12:15:49Z,46.521584,12.010292,2148.304972
2026-10-02T12:15:50Z,46.521587,12.010303,2148.452764
2026-10-02T12:15:51Z,46.521591,12.010314,2148.59588
2026-10-02T12:15:52Z,46.521595,12.010324,2148.732332
2026-10-02T12:15:53Z,46.521599,12.010333,2148.860654
2026-10-02T12:15:54Z,46.521602,12.010343,2148.979964
2026-10-02T12:15:55Z,46.521606,12.010352,2149.090325
2026-10-02T12:15:56Z,46.521609,12.010361,2149.192277
2026-10-02T12:15:57Z,46.521612,12.010369,2149.286751
2026-10-02T12:15:58Z,46.521615,12.010378,2149.375159
2026-10-02T12:15:59Z,46.521616,12.010387,2149.459577
2026-10-02T12:16:00Z,46.521615,12.010398,2149.542081
2026-10-02T12:16:01Z,46.521614,12.01041,2149.624617
2026-10-02T12:16:02Z,46.521613,12.010424,2149.708693
2026-10-02T12:16:03Z,46.521613,12.010439,2149.795748
2026-10-02T12:16:04Z,46.521614,12.010452,2149.886223
2026-10-02T12:16:05Z,46.521615,12.010462,2149.980725
2026-10-02T12:16:06Z,46.521617,12.010469,2150.079952
2026-10-02T12:16:07Z,46.52162,12.010476,2150.184857
2026-10-02T12:16:08Z,46.521623,12.010485,2150.295465
2026-10-02T12:16:09Z,46.521628,12.010495,2150.412278
2026-10-02T12:16:10Z,46.521632,12.010507,2150.536582
2026-10-02T12:16:11Z,46.521637,12.010521,2150.670039
2026-10-02T12:16:12Z,46.521641,12.010534,2150.812969
2026-10-02T12:16:13Z,46.521643,12.010547,2150.966295
2026-10-02T12:16:14Z,46.521645,12.010561,2151.129703
2026-10-02T12:16:15Z,46.521648,12.010575,2151.301761
2026-10-02T12:16:16Z,46.521652,12.01059,2151.48083
2026-10-02T12:16:17Z,46.521656,12.010604,2151.667231
2026-10-02T12:16:18Z,46.521661,12.010619,2151.861594
2026-10-02T12:16:19Z,46.521667,12.010632,2152.065529
2026-10-02T12:16:20Z,46.521672,12.010644,2152.280952
2026-10-02T12:16:21Z,46.521677,12.010657,2152.50828
2026-10-02T12:16:22Z,46.521682,12.010671,2152.745225
2026-10-02T12:16:23Z,46.521687,12.010683,2152.987689
2026-10-02T12:16:24Z,46.521692,12.010693,2153.230237
2026-10-02T12:16:25Z,46.521696,12.010702,2153.467103
2026-10-02T12:16:26Z,46.521701,12.01071,2153.692147
2026-10-02T12:16:27Z,46.521706,12.01072,2153.901279
2026-10-02T12:16:28Z,46.521711,12.010729,2154.093779
2026-10-02T12:16:29Z,46.521715,12.010737,2154.272178
2026-10-02T12:16:30Z,46.521719,12.010745,2154.440522
2026-10-02T12:16:31Z,46.521723,12.010753,2154.604656
2026-10-02T12:16:32Z,46.521728,12.010765,2154.770066
2026-10-02T12:16:33Z,46.521735,12.010779,2154.940174
2026-10-02T12:16:34Z,46.521742,12.010792,2155.115069
2026-10-02T12:16:35Z,46.52175,12.010803,2155.293841
2026-10-02T12:16:36Z,46.521757,12.010813,2155.476649
2026-10-02T12:16:37Z,46.521763,12.010823,2155.664084
2026-10-02T12:16:38Z,46.52177,12.010836,2155.856178
2026-10-02T12:16:39Z,46.521778,12.010851,2156.052465
2026-10-02T12:16:40Z,46.521786,12.010865,2156.251883
2026-10-02T12:16:41Z,46.521792,12.010876,2156.451714
2026-10-02T12:16:42Z,46.521797,12.010884,2156.648688
2026-10-02T12:16:43Z,46.521801,12.010891,2156.840736
2026-10-02T12:16:44Z,46.521803,12.010897,2157.028803
2026-10-02T12:16:45Z,46.521805,12.010905,2157.214429
2026-10-02T12:16:46Z,46.521808,12.010915,2157.398341
2026-10-02T12:16:47Z,46.52181,12.010926,2157.580098
2026-10-02T12:16:48Z,46.52181,12.010935,2157.758533
2026-10-02T12:16:49Z,46.521809,12.010944,2157.931693
2026-10-02T12:16:50Z,46.521807,12.010953,2158.098374
2026-10-02T12:16:51Z,46.521806,12.010962,2158.259176
2026-10-02T12:16:52Z,46.521807,12.010969,2158.416138
2026-10-02T12:16:53Z,46.521808,12.010973,2158.571435
2026-10-02T12:16:54Z,46.521811,12.010975,2158.726127
2026-10-02T12:16:55Z,46.521816,12.010976,2158.880035
2026-10-02T12:16:56Z,46.521822,12.010977,2159.032071
2026-10-02T12:16:57Z,46.521828,12.010979,2159.180892
2026-10-02T12:16:58Z,46.521834,12.010983,2159.32569
2026-10-02T12:16:59Z,46.52184,12.01099,2159.465817
2026-10-02T12:17:00Z,46.521845,12.010998,2159.600468
2026-10-02T12:17:01Z,46.521847,12.011007,2159.728923
2026-10-02T12:17:02Z,46.521848,12.011015,2159.850868
2026-10-02T12:17:03Z,46.521848,12.011022,2159.965657
2026-10-02T12:17:04Z,46.521848,12.011027,2160.072461
2026-10-02T12:17:05Z,46.521848,12.011031,2160.170938
2026-10-02T12:17:06Z,46.521849,12.011035,2160.260199
2026-10-02T12:17:07Z,46.521851,12.011041,2160.340324
2026-10-02T12:17:08Z,46.521853,12.011049,2160.412666
2026-10-02T12:17:09Z,46.521856,12.011058,2160.48053
2026-10-02T12:17:10Z,46.521858,12.011068,2160.548499
2026-10-02T12:17:11Z,46.521861,12.011078,2160.622482
2026-10-02T12:17:12Z,46.521864,12.011088,2160.707329
2026-10-02T12:17:13Z,46.521869,12.011099,2160.8061
2026-10-02T12:17:14Z,46.521874,12.01111,2160.919905
2026-10-02T12:17:15Z,46.521881,12.011121,2161.047621
2026-10-02T12:17:16Z,46.521887,12.011132,2161.185469
2026-10-02T12:17:17Z,46.521893,12.011142,2161.327874
2026-10-02T12:17:18Z,46.521898,12.01115,2161.469823
2026-10-02T12:17:19Z,46.521902,12.011158,2161.605726
2026-10-02T12:17:20Z,46.521904,12.011165,2161.732284
2026-10-02T12:17:21Z,46.521905,12.011172,2161.848986
2026-10-02T12:17:22Z,46.521905,12.011179,2161.958899
2026-10-02T12:17:23Z,46.521904,12.011183,2162.064618
2026-10-02T12:17:24Z,46.521902,12.011185,2162.169799
2026-10-02T12:17:25Z,46.521901,12.011185,2162.277778
2026-10-02T12:17:26Z,46.521899,12.011184,2162.389754
2026-10-02T12:17:27Z,46.521898,12.011183,2162.503238
2026-10-02T12:17:28Z,46.521897,12.011181,2162.614872
2026-10-02T12:17:29Z,46.521897,12.011181,2162.718708
2026-10-02T12:17:30Z,46.521896,12.01118,2162.807614
2026-10-02T12:17:31Z,46.521896,12.011179,2162.875849
2026-10-02T12:17:32Z,46.521896,12.011179,2162.921194
2026-10-02T12:17:33Z,46.521896,12.011179,2162.94642
2026-10-02T12:17:34Z,46.521895,12.011179,2162.957891
2026-10-02T12:17:35Z,46.521895,12.01118,2162.96342
2026-10-02T12:17:36Z,46.521895,12.011181,2162.97015
2026-10-02T12:17:37Z,46.521894,12.011184,2162.982701
2026-10-02T12:17:38Z,46.521894,12.011187,2163.00321
2026-10-02T12:17:39Z,46.521894,12.01119,2163.031672
2026-10-02T12:17:40Z,46.521895,12.011195,2163.067068
2026-10-02T12:17:41Z,46.521897,12.011201,2163.108409
2026-10-02T12:17:42Z,46.5219,12.011207,2163.154853
2026-10-02T12:17:43Z,46.521905,12.011214,2163.205808
2026-10-02T12:17:44Z,46.521909,12.011222,2163.261228
2026-10-02T12:17:45Z,46.521915,12.011232,2163.321916
2026-10-02T12:17:46Z,46.52192,12.011243,2163.38904
2026-10-02T12:17:47Z,46.521925,12.011254,2163.463627
2026-10-02T12:17:48Z,46.521931,12.011265,2163.546016
2026-10-02T12:17:49Z,46.521936,12.011277,2163.635785
2026-10-02T12:17:50Z,46.521942,12.011289,2163.731757
2026-10-02T12:17:51Z,46.521946,12.0113,2163.832458
2026-10-02T12:17:52Z,46.521951,12.011311,2163.93626
2026-10-02T12:17:53Z,46.521955,12.011323,2164.041796
2026-10-02T12:17:54Z,46.521959,12.011334,2164.148491
2026-10-02T12:17:55Z,46.521963,12.011345,2164.256631
2026-10-02T12:17:56Z,46.521966,12.011355,2164.366577
2026-10-02T12:17:57Z,46.521969,12.011366,2164.478918
2026-10-02T12:17:58Z,46.521971,12.011375,2164.59449
2026-10-02T12:17:59Z,46.521974,12.011383,2164.713075
2026-10-02T12:18:00Z,46.521976,12.01139,2164.833887
2026-10-02T12:18:01Z,46.521978,12.011395,2164.955696
2026-10-02T12:18:02Z,46.521978,12.011396,2165.076709
2026-10-02T12:18:03Z,46.521979,12.011398,2165.194083
2026-10-02T12:18:04Z,46.52198,12.011401,2165.305084
2026-10-02T12:18:05Z,46.521982,12.011406,2165.407377
2026-10-02T12:18:06Z,46.521985,12.011412,2165.499584
2026-10-02T12:18:07Z,46.521987,12.011418,2165.581378
2026-10-02T12:18:08Z,46.521988,12.01142,2165.653675
2026-10-02T12:18:09Z,46.521988,12.011422,2165.719275
2026-10-02T12:18:10Z,46.521988,12.011423,2165.781601
2026-10-02T12:18:11Z,46.521988,12.011424,2165.843708
2026-10-02T12:18:12Z,46.521987,12.011425,2165.907877
2026-10-02T12:18:13Z,46.521988,12.011427,2165.975759
2026-10-02T12:18:14Z,46.521989,12.011431,2166.047489
2026-10-02T12:18:15Z,46.521991,12.011435,2166.122563
2026-10-02T12:18:16Z,46.521993,12.011439,2166.201256
2026-10-02T12:18:17Z,46.521995,12.011441,2166.282111
2026-10-02T12:18:18Z,46.521996,12.011442,2166.363132
2026-10-02T12:18:19Z,46.521997,12.011444,2166.44111
2026-10-02T12:18:20Z,46.521997,12.011444,2166.51154
2026-10-02T12:18:21Z,46.521997,12.011445,2166.568292
2026-10-02T12:18:22Z,46.521997,12.011446,2166.606357
2026-10-02T12:18:23Z,46.521996,12.011446,2166.620958
2026-10-02T12:18:24Z,46.521996,12.011448,2166.609084
2026-10-02T12:18:25Z,46.521995,12.011449,2166.571615
2026-10-02T12:18:26Z,46.521995,12.011451,2166.513601
2026-10-02T12:18:27Z,46.521996,12.011453,2166.441425
2026-10-02T12:18:28Z,46.521997,12.011455,2166.363102
2026-10-02T12:18:29Z,46.521997,12.011456,2166.287347
2026-10-02T12:18:30Z,46.521996,12.011457,2166.221886
2026-10-02T12:18:31Z,46.521996,12.011459,2166.171498
2026-10-02T12:18:32Z,46.521996,12.011463,2166.138249
2026-10-02T12:18:33Z,46.521997,12.01147,2166.121069
2026-10-02T12:18:34Z,46.521998,12.01148,2166.115083
2026-10-02T12:18:35Z,46.522001,12.011492,2166.114128
2026-10-02T12:18:36Z,46.522003,12.011504,2166.113035
2026-10-02T12:18:37Z,46.522006,12.011517,2166.110121
2026-10-02T12:18:38Z,46.522009,12.011529,2166.107383
2026-10-02T12:18:39Z,46.522012,12.01154,2166.110032
2026-10-02T12:18:40Z,46.522015,12.011552,2166.123152
2026-10-02T12:18:41Z,46.522019,12.011564,2166.150758
2026-10-02T12:18:42Z,46.522023,12.011575,2166.194579
2026-10-02T12:18:43Z,46.522027,12.011585,2166.25473
2026-10-02T12:18:44Z,46.522032,12.011596,2166.328808
2026-10-02T12:18:45Z,46.522037,12.011605,2166.413299
2026-10-02T12:18:46Z,46.522042,12.011615,2166.504641
2026-10-02T12:18:47Z,46.522046,12.011626,2166.60083
2026-10-02T12:18:48Z,46.52205,12.011638,2166.697796
2026-10-02T12:18:49Z,46.522054,12.01165,2166.793295
2026-10-02T12:18:50Z,46.522058,12.011662,2166.886811
2026-10-02T12:18:51Z,46.52206,12.011669,2166.978228
2026-10-02T12:18:52Z,46.52206,12.01167,2167.064043
2026-10-02T12:18:53Z,46.52206,12.011671,2167.142562
2026-10-02T12:18:54Z,46.522061,12.011671,2167.210498
2026-10-02T12:18:55Z,46.522062,12.011672,2167.263652
2026-10-02T12:18:56Z,46.522064,12.011674,2167.298243
2026-10-02T12:18:57Z,46.522065,12.011677,2167.315435
2026-10-02T12:18:58Z,46.522068,12.01168,2167.319903
2026-10-02T12:18:59Z,46.52207,12.011683,2167.319384
2026-10-02T12:19:00Z,46.522073,12.011686,2167.322287
2026-10-02T12:19:01Z,46.522076,12.011691,2167.335865
2026-10-02T12:19:02Z,46.52208,12.011698,2167.362325
2026-10-02T12:19:03Z,46.522084,12.011707,2167.398355
2026-10-02T12:19:04Z,46.52209,12.011717,2167.437077
2026-10-02T12:19:05Z,46.522095,12.011725,2167.471003
2026-10-02T12:19:06Z,46.5221,12.011731,2167.495342
2026-10-02T12:19:07Z,46.522104,12.011736,2167.509077
2026-10-02T12:19:08Z,46.522107,12.01174,2167.514793
2026-10-02T12:19:09Z,46.52211,12.011745,2167.517227
2026-10-02T12:19:10Z,46.522112,12.011748,2167.521791
2026-10-02T12:19:11Z,46.522113,12.011751,2167.533102
2026-10-02T12:19:12Z,46.522114,12.011753,2167.555776
2026-10-02T12:19:13Z,46.522115,12.011755,2167.599171
2026-10-02T12:19:14Z,46.522116,12.011758,2167.652481
2026-10-02T12:19:15Z,46.522118,12.011762,2167.712403
2026-10-02T12:19:16Z,46.52212,12.011768,2167.775952
2026-10-02T12:19:17Z,46.522123,12.011775,2167.840094
2026-10-02T12:19:18Z,46.522126,12.011783,2167.902207
2026-10-02T12:19:19Z,46.522129,12.011791,2167.959797
2026-10-02T12:19:20Z,46.522133,12.0118,2168.008644
2026-10-02T12:19:21Z,46.522137,12.011808,2168.042059
2026-10-02T12:19:22Z,46.522141,12.011815,2168.056695
2026-10-02T12:19:22Z,46.522141,12.011816,2168.063102
2026-10-02T12:19:23Z,46.522146,12.011825,2168.090029
2026-10-02T12:19:24Z,46.52215,12.011834,2168.14831
2026-10-02T12:19:25Z,46.522154,12.011843,2168.223829
2026-10-02T12:19:26Z,46.522158,12.011853,2168.306053
2026-10-02T12:19:27Z,46.522161,12.011864,2168.388062
2026-10-02T12:19:28Z,46.522164,12.011874,2168.466166
2026-10-02T12:19:29Z,46.522167,12.011885,2168.539728
2026-10-02T12:19:30Z,46.522171,12.011895,2168.609833
2026-10-02T12:19:31Z,46.522175,12.011904,2168.678311
2026-10-02T12:19:32Z,46.522179,12.011914,2168.747259
2026-10-02T12:19:33Z,46.522183,12.011923,2168.818776
2026-10-02T12:19:34Z,46.522187,12.011934,2168.894472
2026-10-02T12:19:35Z,46.522191,12.011945,2168.975235
2026-10-02T12:19:36Z,46.522194,12.011955,2169.061681
2026-10-02T12:19:37Z,46.522198,12.011965,2169.154692
2026-10-02T12:19:38Z,46.522202,12.011972,2169.254561
2026-10-02T12:19:39Z,46.522206,12.011978,2169.360597
2026-10-02T12:19:40Z,46.52221,12.011982,2169.471317
2026-10-02T12:19:41Z,46.522215,12.011985,2169.585901
2026-10-02T12:19:42Z,46.52222,12.011988,2169.701406
2026-10-02T12:19:43Z,46.522225,12.011991,2169.815363
2026-10-02T12:19:44Z,46.522227,12.011992,2169.926267
2026-10-02T12:19:45Z,46.522226,12.011992,2170.033254
2026-10-02T12:19:46Z,46.522226,12.011993,2170.134138
2026-10-02T12:19:47Z,46.522226,12.011996,2170.226931
2026-10-02T12:19:48Z,46.522227,12.012001,2170.309183
2026-10-02T12:19:49Z,46.52223,12.012009,2170.378418
2026-10-02T12:19:50Z,46.522234,12.012018,2170.43288
2026-10-02T12:19:51Z,46.522238,12.012029,2170.474022
2026-10-02T12:19:52Z,46.522243,12.01204,2170.50518
2026-10-02T12:19:53Z,46.522246,12.012049,2170.530805
2026-10-02T12:19:54Z,46.522248,12.012055,2170.555636
2026-10-02T12:19:55Z,46.522248,12.012059,2170.582966
2026-10-02T12:19:56Z,46.522249,12.012062,2170.612569
2026-10-02T12:19:57Z,46.522251,12.012066,2170.641567
2026-10-02T12:19:58Z,46.522254,12.012071,2170.6663
2026-10-02T12:19:59Z,46.522258,12.012078,2170.681334
2026-10-02T12:20:00Z,46.522262,12.012086,2170.684145
2026-10-02T12:20:01Z,46.522265,12.012093,2170.676032
2026-10-02T12:20:02Z,46.522267,12.012099,2170.662756
2026-10-02T12:20:03Z,46.522269,12.012105,2170.651469
2026-10-02T12:20:04Z,46.52227,12.012109,2170.65191
2026-10-02T12:20:05Z,46.522272,12.012113,2170.673448
2026-10-02T12:20:06Z,46.522273,12.012118,2170.722624
2026-10-02T12:20:07Z,46.522275,12.012122,2170.800649
2026-10-02T12:20:08Z,46.522275,12.012124,2170.90371
2026-10-02T12:20:09Z,46.522275,12.012126,2171.022767
2026-10-02T12:20:10Z,46.522274,12.012127,2171.145596
2026-10-02T12:20:11Z,46.522273,12.012128,2171.260091
2026-10-02T12:20:12Z,46.522272,12.012129,2171.357711
2026-10-02T12:20:13Z,46.522271,12.01213,2171.435826
2026-10-02T12:20:14Z,46.522269,12.012132,2171.496728
2026-10-02T12:20:15Z,46.522268,12.012134,2171.545493
2026-10-02T12:20:16Z,46.522267,12.012136,2171.587671
2026-10-02T12:20:17Z,46.522266,12.012138,2171.628307
2026-10-02T12:20:18Z,46.522265,12.01214,2171.6708
2026-10-02T12:20:19Z,46.522264,12.012142,2171.716874
2026-10-02T12:20:20Z,46.522263,12.012143,2171.766696
2026-10-02T12:20:21Z,46.522263,12.012145,2171.817838
2026-10-02T12:20:22Z,46.522262,12.012147,2171.866719
2026-10-02T12:20:23Z,46.522262,12.012149,2171.908792
2026-10-02T12:20:24Z,46.522261,12.012151,2171.939303
2026-10-02T12:20:25Z,46.522261,12.012153,2171.953664
2026-10-02T12:20:26Z,46.522261,12.012154,2171.950367
2026-10-02T12:20:27Z,46.522262,12.012155,2171.928767
2026-10-02T12:20:28Z,46.522264,12.012155,2171.889142
2026-10-02T12:20:29Z,46.522266,12.012156,2171.833116
2026-10-02T12:20:30Z,46.522269,12.012157,2171.763963
2026-10-02T12:20:31Z,46.522272,12.012158,2171.687369
2026-10-02T12:20:32Z,46.522276,12.01216,2171.610456
2026-10-02T12:20:33Z,46.522281,12.012162,2171.540871
2026-10-02T12:20:34Z,46.522285,12.012165,2171.485864
2026-10-02T12:20:35Z,46.522291,12.01217,2171.45063
2026-10-02T12:20:36Z,46.522297,12.012176,2171.437612
2026-10-02T12:20:37Z,46.522304,12.012182,2171.447137
2026-10-02T12:20:38Z,46.522311,12.01219,2171.47844
2026-10-02T12:20:39Z,46.52232,12.012198,2171.528976
2026-10-02T12:20:40Z,46.52233,12.012207,2171.595605
2026-10-02T12:20:41Z,46.52234,12.012215,2171.67501
2026-10-02T12:20:42Z,46.52235,12.012224,2171.76377
2026-10-02T12:20:43Z,46.522358,12.012233,2171.857876
2026-10-02T12:20:44Z,46.522367,12.012241,2171.954144
2026-10-02T12:20:45Z,46.522377,12.012248,2172.049636
2026-10-02T12:20:46Z,46.522385,12.012256,2172.141924
2026-10-02T12:20:47Z,46.522394,12.012263,2172.229506
2026-10-02T12:20:48Z,46.522403,12.01227,2172.31282
2026-10-02T12:20:49Z,46.522412,12.012277,2172.393619
2026-10-02T12:20:50Z,46.522421,12.012284,2172.474629
2026-10-02T12:20:51Z,46.522429,12.012291,2172.558465
2026-10-02T12:20:52Z,46.522436,12.012297,2172.646326
2026-10-02T12:20:53Z,46.522443,12.012304,2172.737605
2026-10-02T12:20:54Z,46.522451,12.012309,2172.830675
2026-10-02T12:20:55Z,46.522459,12.012314,2172.923075
2026-10-02T12:20:56Z,46.522467,12.012319,2173.011779
2026-10-02T12:20:57Z,46.522476,12.012326,2173.09534
2026-10-02T12:20:58Z,46.522486,12.012333,2173.173564
2026-10-02T12:20:59Z,46.522496,12.012341,2173.247371
2026-10-02T12:21:00Z,46.522506,12.012349,2173.318758
2026-10-02T12:21:01Z,46.522515,12.012354,2173.391042
2026-10-02T12:21:02Z,46.522525,12.012359,2173.468461
2026-10-02T12:21:03Z,46.522537,12.012365,2173.554992
2026-10-02T12:21:04Z,46.522547,12.012371,2173.653268
2026-10-02T12:21:05Z,46.522557,12.012378,2173.764117
2026-10-02T12:21:06Z,46.522567,12.012386,2173.886313
2026-10-02T12:21:07Z,46.522576,12.012393,2174.017067
2026-10-02T12:21:08Z,46.522585,12.012399,2174.153226
2026-10-02T12:21:09Z,46.522593,12.012404,2174.29249
2026-10-02T12:21:10Z,46.522599,12.012408,2174.43269
2026-10-02T12:21:11Z,46.522605,12.012411,2174.572144
2026-10-02T12:21:12Z,46.522611,12.012415,2174.709991
2026-10-02T12:21:13Z,46.522616,12.01242,2174.84579
2026-10-02T12:21:14Z,46.522622,12.012425,2174.979003
2026-10-02T12:21:15Z,46.522627,12.012429,2175.108937
2026-10-02T12:21:16Z,46.522632,12.012433,2175.234931
2026-10-02T12:21:17Z,46.522637,12.012437,2175.35627
2026-10-02T12:21:18Z,46.522643,12.012442,2175.472469
2026-10-02T12:21:19Z,46.522649,12.012447,2175.583813
2026-10-02T12:21:20Z,46.522655,12.012451,2175.692291
2026-10-02T12:21:21Z,46.522659,12.012455,2175.800224
2026-10-02T12:21:22Z,46.522663,12.012459,2175.90915
2026-10-02T12:21:23Z,46.522668,12.012464,2176.019252
2026-10-02T12:21:24Z,46.522673,12.01247,2176.130333
2026-10-02T12:21:25Z,46.522678,12.012474,2176.241457
2026-10-02T12:21:26Z,46.522684,12.012477,2176.351698
2026-10-02T12:21:27Z,46.52269,12.012479,2176.460667
2026-10-02T12:21:28Z,46.522695,12.012481,2176.567299
2026-10-02T12:21:29Z,46.5227,12.012481,2176.669974
2026-10-02T12:21:30Z,46.522704,12.01248,2176.766237
2026-10-02T12:21:31Z,46.522706,12.01248,2176.852836
2026-10-02T12:21:32Z,46.522707,12.012479,2176.925568
2026-10-02T12:21:33Z,46.522708,12.012479,2176.982144
2026-10-02T12:21:34Z,46.522708,12.01248,2177.021136
2026-10-02T12:21:35Z,46.52271,12.012482,2177.042601
2026-10-02T12:21:36Z,46.522712,12.012488,2177.048848
2026-10-02T12:21:37Z,46.522715,12.012496,2177.043844
2026-10-02T12:21:38Z,46.522717,12.012506,2177.033358
2026-10-02T12:21:39Z,46.522719,12.012516,2177.024426
2026-10-02T12:21:40Z,46.522721,12.012526,2177.024551
2026-10-02T12:21:41Z,46.522723,12.012536,2177.040273
2026-10-02T12:21:42Z,46.522726,12.012545,2177.076401
2026-10-02T12:21:43Z,46.522729,12.012552,2177.135536
2026-10-02T12:21:44Z,46.522733,12.01256,2177.217985
2026-10-02T12:21:45Z,46.522739,12.012569,2177.322223
2026-10-02T12:21:46Z,46.522745,12.012577,2177.444273
2026-10-02T12:21:47Z,46.522751,12.012585,2177.579643
2026-10-02T12:21:48Z,46.522756,12.012593,2177.723287
2026-10-02T12:21:49Z,46.522761,12.0126,2177.869909
2026-10-02T12:21:50Z,46.522766,12.012609,2178.014308
2026-10-02T12:21:51Z,46.522771,12.012618,2178.153629
2026-10-02T12:21:52Z,46.522777,12.012627,2178.285395
2026-10-02T12:21:53Z,46.522783,12.012635,2178.407196
2026-10-02T12:21:54Z,46.522791,12.012645,2178.517296
2026-10-02T12:21:55Z,46.5228,12.012656,2178.615203
2026-10-02T12:21:56Z,46.52281,12.012667,2178.701859
2026-10-02T12:21:57Z,46.522819,12.012678,2178.78011
2026-10-02T12:21:58Z,46.522829,12.012689,2178.854683
2026-10-02T12:21:59Z,46.522838,12.012699,2178.931149
2026-10-02T12:22:00Z,46.522845,12.012709,2179.014355
2026-10-02T12:22:01Z,46.522853,12.012721,2179.106904
2026-10-02T12:22:02Z,46.522861,12.012733,2179.209062
2026-10-02T12:22:03Z,46.522869,12.012746,2179.319195
2026-10-02T12:22:04Z,46.522877,12.012757,2179.434856
2026-10-02T12:22:05Z,46.522885,12.012769,2179.55331
2026-10-02T12:22:06Z,46.522894,12.01278,2179.672331
2026-10-02T12:22:07Z,46.522902,12.012791,2179.79051
2026-10-02T12:22:08Z,46.522912,12.012802,2179.907357
2026-10-02T12:22:09Z,46.522921,12.012813,2180.02275
2026-10-02T12:22:10Z,46.52293,12.012822,2180.137114
2026-10-02T12:22:11Z,46.522939,12.012832,2180.251222
2026-10-02T12:22:12Z,46.522948,12.012842,2180.365611
2026-10-02T12:22:13Z,46.522955,12.012851,2180.480386
2026-10-02T12:22:14Z,46.522962,12.01286,2180.595247
2026-10-02T12:22:15Z,46.522969,12.012869,2180.70944
2026-10-02T12:22:16Z,46.522975,12.012879,2180.821883
2026-10-02T12:22:17Z,46.522981,12.012888,2180.931109
2026-10-02T12:22:18Z,46.522988,12.012897,2181.035787
2026-10-02T12:22:19Z,46.522995,12.012906,2181.135201
2026-10-02T12:22:20Z,46.523001,12.012915,2181.229352
2026-10-02T12:22:21Z,46.523007,12.012924,2181.318632
2026-10-02T12:22:22Z,46.523014,12.012933,2181.404335
2026-10-02T12:22:23Z,46.52302,12.012941,2181.487886
2026-10-02T12:22:24Z,46.523026,12.01295,2181.57053
2026-10-02T12:22:25Z,46.523032,12.012959,2181.653333
2026-10-02T12:22:26Z,46.523039,12.012968,2181.737748
2026-10-02T12:22:27Z,46.523045,12.012978,2181.824766
2026-10-02T12:22:28Z,46.523053,12.012988,2181.91522
2026-10-02T12:22:29Z,46.52306,12.012999,2182.009613
2026-10-02T12:22:30Z,46.523067,12.013009,2182.107558
2026-10-02T12:22:31Z,46.523074,12.013022,2182.207555
2026-10-02T12:22:32Z,46.52308,12.013035,2182.307728
2026-10-02T12:22:33Z,46.523085,12.013048,2182.405936
2026-10-02T12:22:34Z,46.523091,12.013063,2182.499737
2026-10-02T12:22:35Z,46.523096,12.013077,2182.587701
2026-10-02T12:22:36Z,46.5231,12.013089,2182.669692
2026-10-02T12:22:37Z,46.523104,12.013102,2182.746699
2026-10-02T12:22:38Z,46.523109,12.013114,2182.820455
2026-10-02T12:22:39Z,46.523113,12.013126,2182.89351
2026-10-02T12:22:40Z,46.523117,12.013139,2182.968859
2026-10-02T12:22:41Z,46.523121,12.013152,2183.048713
2026-10-02T12:22:42Z,46.523126,12.013164,2183.133956
2026-10-02T12:22:43Z,46.523131,12.013175,2183.224777
2026-10-02T12:22:44Z,46.523136,12.013187,2183.320257
2026-10-02T12:22:45Z,46.523142,12.013198,2183.41854
2026-10-02T12:22:46Z,46.523147,12.013207,2183.518107
2026-10-02T12:22:47Z,46.523152,12.013216,2183.618946
2026-10-02T12:22:48Z,46.523158,12.013226,2183.72185
2026-10-02T12:22:49Z,46.523163,12.013236,2183.82829
2026-10-02T12:22:50Z,46.523169,12.013247,2183.939879
2026-10-02T12:22:51Z,46.523174,12.013259,2184.057577
2026-10-02T12:22:52Z,46.52318,12.013272,2184.180886
2026-10-02T12:22:53Z,46.523186,12.013283,2184.307746
2026-10-02T12:22:54Z,46.523192,12.013296,2184.435254
2026-10-02T12:22:55Z,46.523199,12.01331,2184.560869
2026-10-02T12:22:56Z,46.523204,12.013324,2184.683281
2026-10-02T12:22:57Z,46.523209,12.013336,2184.802607
2026-10-02T12:22:58Z,46.523212,12.013347,2184.919868
2026-10-02T12:22:59Z,46.523215,12.013358,2185.0368
2026-10-02T12:23:00Z,46.523217,12.013369,2185.155151
2026-10-02T12:23:01Z,46.52322,12.013379,2185.275762
2026-10-02T12:23:02Z,46.523222,12.01339,2185.399433
2026-10-02T12:23:03Z,46.523223,12.013399,2185.525805
2026-10-02T12:23:04Z,46.523224,12.013406,2185.653411
2026-10-02T12:23:05Z,46.523224,12.013411,2185.779879
2026-10-02T12:23:06Z,46.523224,12.013413,2185.901171
2026-10-02T12:23:07Z,46.523224,12.013413,2186.012243
2026-10-02T12:23:08Z,46.523223,12.013412,2186.108782
2026-10-02T12:23:09Z,46.523223,12.013411,2186.187922
2026-10-02T12:23:10Z,46.523223,12.01341,2186.247051
2026-10-02T12:23:11Z,46.523224,12.013411,2186.286731
2026-10-02T12:23:12Z,46.523224,12.013412,2186.309576
2026-10-02T12:23:13Z,46.523225,12.013413,2186.32033
2026-10-02T12:23:14Z,46.523227,12.013413,2186.325472
2026-10-02T12:23:15Z,46.523229,12.013414,2186.333853
2026-10-02T12:23:16Z,46.52323,12.013415,2186.353327
2026-10-02T12:23:17Z,46.523232,12.013415,2186.390468
2026-10-02T12:23:18Z,46.523233,12.013416,2186.449317
2026-10-02T12:23:19Z,46.523233,12.013416,2186.529332
2026-10-02T12:23:20Z,46.523233,12.013416,2186.625475
2026-10-02T12:23:21Z,46.523232,12.013415,2186.730256
2026-10-02T12:23:22Z,46.523231,12.013414,2186.834914
2026-10-02T12:23:23Z,46.52323,12.013414,2186.930736
2026-10-02T12:23:24Z,46.523229,12.013414,2187.009967
2026-10-02T12:23:25Z,46.523229,12.013413,2187.067899
2026-10-02T12:23:26Z,46.523229,12.013413,2187.10366
2026-10-02T12:23:27Z,46.523229,12.013414,2187.119755
2026-10-02T12:23:28Z,46.523228,12.013414,2187.121265
2026-10-02T12:23:29Z,46.523228,12.013414,2187.114721
2026-10-02T12:23:30Z,46.523227,12.013414,2187.105955
2026-10-02T12:23:31Z,46.523227,12.013414,2187.098169
2026-10-02T12:23:32Z,46.523228,12.013413,2187.091448
2026-10-02T12:23:33Z,46.523228,12.013412,2187.084341
2026-10-02T12:23:34Z,46.523228,12.013412,2187.075039
2026-10-02T12:23:35Z,46.523229,12.013411,2187.061801
2026-10-02T12:23:36Z,46.52323,12.013411,2187.043147
2026-10-02T12:23:37Z,46.52323,12.01341,2187.019039
2026-10-02T12:23:38Z,46.523231,12.01341,2186.989672
2026-10-02T12:23:39Z,46.523232,12.013409,2186.955527
2026-10-02T12:23:40Z,46.523233,12.013408,2186.917715
2026-10-02T12:23:41Z,46.523234,12.013406,2186.877959
2026-10-02T12:23:42Z,46.523234,12.013405,2186.841224
2026-10-02T12:23:43Z,46.523235,12.013404,2186.819708
2026-10-02T12:23:44Z,46.523236,12.013404,2186.806848
2026-10-02T12:23:45Z,46.523237,12.013405,2186.804939
2026-10-02T12:23:46Z,46.523239,12.013408,2186.816445
2026-10-02T12:23:47Z,46.523241,12.013413,2186.842332
2026-10-02T12:23:48Z,46.523244,12.013419,2186.88127
2026-10-02T12:23:49Z,46.523247,12.013427,2186.929578
2026-10-02T12:23:50Z,46.523249,12.013437,2186.981049
2026-10-02T12:23:51Z,46.523252,12.013447,2187.026517
2026-10-02T12:23:52Z,46.523254,12.013456,2187.057199
2026-10-02T12:23:52Z,46.523254,12.013458,2187.067133
2026-10-02T12:23:53Z,46.523256,12.01347,2187.119317
2026-10-02T12:23:54Z,46.523259,12.013483,2187.210032
2026-10-02T12:23:55Z,46.523262,12.013496,2187.324593
2026-10-02T12:23:56Z,46.523266,12.013508,2187.451089
2026-10-02T12:23:57Z,46.523269,12.01352,2187.580821
2026-10-02T12:23:58Z,46.523272,12.01353,2187.708012
2026-10-02T12:23:59Z,46.523275,12.01354,2187.828503
2026-10-02T12:24:00Z,46.523277,12.013549,2187.940176
2026-10-02T12:24:01Z,46.52328,12.013559,2188.042292
2026-10-02T12:24:02Z,46.523282,12.01357,2188.135419
2026-10-02T12:24:03Z,46.523283,12.013582,2188.221324
2026-10-02T12:24:04Z,46.523284,12.013594,2188.30287
2026-10-02T12:24:05Z,46.523286,12.013605,2188.384331
2026-10-02T12:24:06Z,46.523287,12.013615,2188.470262
2026-10-02T12:24:07Z,46.523288,12.013627,2188.564372
2026-10-02T12:24:08Z,46.52329,12.013641,2188.668743
2026-10-02T12:24:09Z,46.523292,12.013657,2188.784145
2026-10-02T12:24:10Z,46.523294,12.013673,2188.910158
2026-10-02T12:24:11Z,46.523296,12.013689,2189.045646
2026-10-02T12:24:12Z,46.523299,12.013704,2189.189338
2026-10-02T12:24:13Z,46.523301,12.013718,2189.339823
2026-10-02T12:24:14Z,46.523304,12.013733,2189.495535
2026-10-02T12:24:15Z,46.523306,12.013749,2189.654524
2026-10-02T12:24:16Z,46.523309,12.013765,2189.81459
2026-10-02T12:24:17Z,46.523313,12.013781,2189.973998
2026-10-02T12:24:18Z,46.523315,12.013796,2190.131052
2026-10-02T12:24:19Z,46.523318,12.013811,2190.284373
2026-10-02T12:24:20Z,46.52332,12.013825,2190.43289
2026-10-02T12:24:21Z,46.523322,12.01384,2190.576107
2026-10-02T12:24:22Z,46.523323,12.013855,2190.713742
2026-10-02T12:24:23Z,46.523323,12.01387,2190.845569
2026-10-02T12:24:24Z,46.523325,12.013885,2190.971538
2026-10-02T12:24:25Z,46.523328,12.0139,2191.092106
2026-10-02T12:24:26Z,46.523331,12.013915,2191.207042
2026-10-02T12:24:27Z,46.523335,12.013929,2191.316363
2026-10-02T12:24:28Z,46.523339,12.013944,2191.420554
2026-10-02T12:24:29Z,46.523344,12.013959,2191.520208
2026-10-02T12:24:30Z,46.523347,12.013973,2191.614939
2026-10-02T12:24:31Z,46.523351,12.013988,2191.70441
2026-10-02T12:24:32Z,46.523354,12.014006,2191.787665
2026-10-02T12:24:33Z,46.523356,12.014024,2191.864024
2026-10-02T12:24:34Z,46.523358,12.014042,2191.934272
2026-10-02T12:24:35Z,46.523361,12.014059,2192.000358
2026-10-02T12:24:36Z,46.523363,12.014076,2192.066277
2026-10-02T12:24:37Z,46.523366,12.014092,2192.137375
2026-10-02T12:24:38Z,46.523369,12.014107,2192.219411
2026-10-02T12:24:39Z,46.523372,12.01412,2192.316438
2026-10-02T12:24:40Z,46.523374,12.01413,2192.43132
2026-10-02T12:24:41Z,46.523375,12.014138,2192.565565
2026-10-02T12:24:42Z,46.523376,12.014145,2192.719001
2026-10-02T12:24:43Z,46.523377,12.014153,2192.889312
2026-10-02T12:24:44Z,46.523378,12.01416,2193.072967
2026-10-02T12:24:45Z,46.523379,12.014167,2193.265443
2026-10-02T12:24:46Z,46.523381,12.014177,2193.461689
2026-10-02T12:24:47Z,46.523384,12.01419,2193.657208
2026-10-02T12:24:48Z,46.523387,12.014204,2193.849083
2026-10-02T12:24:49Z,46.52339,12.014218,2194.036921
2026-10-02T12:24:50Z,46.523393,12.01423,2194.222509
2026-10-02T12:24:51Z,46.523395,12.01424,2194.407998
2026-10-02T12:24:52Z,46.523397,12.014246,2194.594572
2026-10-02T12:24:53Z,46.523399,12.014251,2194.782821
2026-10-02T12:24:54Z,46.523402,12.014254,2194.972385
2026-10-02T12:24:55Z,46.523404,12.014257,2195.162515
2026-10-02T12:24:56Z,46.523406,12.014261,2195.352576
2026-10-02T12:24:57Z,46.523408,12.014267,2195.541966
2026-10-02T12:24:58Z,46.52341,12.014275,2195.729345
2026-10-02T12:24:59Z,46.523412,12.014283,2195.912783
2026-10-02T12:25:00Z,46.523414,12.01429,2196.090282
2026-10-02T12:25:01Z,46.523416,12.0143,2196.260432
2026-10-02T12:25:02Z,46.523419,12.014312,2196.423321
2026-10-02T12:25:03Z,46.523423,12.014325,2196.580414
2026-10-02T12:25:04Z,46.523426,12.014336,2196.733745
2026-10-02T12:25:05Z,46.523429,12.014347,2196.885215
2026-10-02T12:25:06Z,46.523433,12.014359,2197.036787
2026-10-02T12:25:07Z,46.523436,12.014372,2197.190133
2026-10-02T12:25:08Z,46.52344,12.014385,2197.345899
2026-10-02T12:25:09Z,46.523443,12.014399,2197.503568
2026-10-02T12:25:10Z,46.523446,12.014413,2197.662677
2026-10-02T12:25:11Z,46.523448,12.014427,2197.822781
2026-10-02T12:25:12Z,46.523452,12.014441,2197.981939
2026-10-02T12:25:13Z,46.523456,12.014454,2198.138215
2026-10-02T12:25:14Z,46.523459,12.014466,2198.290957
2026-10-02T12:25:15Z,46.523461,12.014479,2198.440787
2026-10-02T12:25:16Z,46.523464,12.014492,2198.588503
2026-10-02T12:25:17Z,46.523466,12.014506,2198.735138
2026-10-02T12:25:18Z,46.523469,12.014519,2198.881238
2026-10-02T12:25:19Z,46.523472,12.01453,2199.026097
2026-10-02T12:25:20Z,46.523476,12.014539,2199.166773
2026-10-02T12:25:21Z,46.523481,12.014549,2199.300951
2026-10-02T12:25:22Z,46.523486,12.014561,2199.428224
2026-10-02T12:25:23Z,46.523491,12.014573,2199.549627
2026-10-02T12:25:24Z,46.523497,12.014586,2199.666615
2026-10-02T12:25:25Z,46.523503,12.014598,2199.781656
2026-10-02T12:25:26Z,46.523509,12.014609,2199.896311
2026-10-02T12:25:27Z,46.523514,12.014621,2200.010333
2026-10-02T12:25:28Z,46.52352,12.014635,2200.122155
2026-10-02T12:25:29Z,46.523525,12.014646,2200.230568
2026-10-02T12:25:30Z,46.523528,12.014657,2200.334795
2026-10-02T12:25:31Z,46.523531,12.014666,2200.43511
2026-10-02T12:25:32Z,46.523533,12.014676,2200.532892
2026-10-02T12:25:33Z,46.523536,12.014686,2200.631105
2026-10-02T12:25:34Z,46.523539,12.014698,2200.732045
2026-10-02T12:25:35Z,46.523544,12.014711,2200.836343
2026-10-02T12:25:36Z,46.523548,12.014723,2200.943114
2026-10-02T12:25:37Z,46.523552,12.014735,2201.050964
2026-10-02T12:25:38Z,46.523556,12.014747,2201.157776
2026-10-02T12:25:39Z,46.523559,12.014759,2201.261923
2026-10-02T12:25:40Z,46.523563,12.014771,2201.363411
2026-10-02T12:25:41Z,46.523567,12.014783,2201.464717
2026-10-02T12:25:42Z,46.523571,12.014796,2201.569098
2026-10-02T12:25:43Z,46.523575,12.014808,2201.678269
2026-10-02T12:25:44Z,46.52358,12.014819,2201.793115
2026-10-02T12:25:45Z,46.523585,12.01483,2201.914487
2026-10-02T12:25:46Z,46.523589,12.014839,2202.04252
2026-10-02T12:25:47Z,46.523592,12.014849,2202.177422
2026-10-02T12:25:48Z,46.523594,12.014861,2202.32011
2026-10-02T12:25:49Z,46.523594,12.014873,2202.471007
2026-10-02T12:25:50Z,46.523596,12.014885,2202.628232
2026-10-02T12:25:51Z,46.523599,12.014896,2202.788762
2026-10-02T12:25:52Z,46.523602,12.014907,2202.948881
2026-10-02T12:25:53Z,46.523607,12.014917,2203.1056
2026-10-02T12:25:54Z,46.523611,12.014928,2203.257556
2026-10-02T12:25:55Z,46.523616,12.014939,2203.404797
2026-10-02T12:25:56Z,46.52362,12.01495,2203.548756
2026-10-02T12:25:57Z,46.523625,12.01496,2203.691401
2026-10-02T12:25:58Z,46.523629,12.01497,2203.834396
2026-10-02T12:25:59Z,46.523633,12.014979,2203.97872
2026-10-02T12:26:00Z,46.523637,12.014987,2204.125212
2026-10-02T12:26:01Z,46.52364,12.014995,2204.272737
2026-10-02T12:26:02Z,46.523643,12.015002,2204.418992
2026-10-02T12:26:03Z,46.523647,12.015011,2204.561052
2026-10-02T12:26:04Z,46.523651,12.015019,2204.697826
2026-10-02T12:26:05Z,46.523655,12.015028,2204.827747
2026-10-02T12:26:06Z,46.52366,12.015034,2204.949887
2026-10-02T12:26:07Z,46.523666,12.015039,2205.064329
2026-10-02T12:26:08Z,46.523673,12.015045,2205.172645
2026-10-02T12:26:09Z,46.523678,12.015051,2205.2756
2026-10-02T12:26:10Z,46.523682,12.015056,2205.376274
2026-10-02T12:26:11Z,46.523685,12.015059,2205.479833
2026-10-02T12:26:12Z,46.523687,12.01506,2205.591207
2026-10-02T12:26:13Z,46.523688,12.01506,2205.713676
2026-10-02T12:26:14Z,46.523689,12.01506,2205.847533
2026-10-02T12:26:15Z,46.52369,12.015061,2205.989159
2026-10-02T12:26:16Z,46.523692,12.015061,2206.131275
2026-10-02T12:26:17Z,46.523694,12.015062,2206.265688
2026-10-02T12:26:18Z,46.523695,12.015062,2206.385263
2026-10-02T12:26:19Z,46.523697,12.015062,2206.484948
2026-10-02T12:26:20Z,46.523698,12.01506,2206.562756
2026-10-02T12:26:21Z,46.523699,12.015058,2206.620382
2026-10-02T12:26:22Z,46.523701,12.015057,2206.662074
2026-10-02T12:26:23Z,46.523702,12.015055,2206.693266
2026-10-02T12:26:24Z,46.523704,12.015056,2206.718502
2026-10-02T12:26:25Z,46.523705,12.015057,2206.740171
2026-10-02T12:26:26Z,46.523706,12.015057,2206.757488
2026-10-02T12:26:27Z,46.523708,12.015057,2206.768786
2026-10-02T12:26:28Z,46.523709,12.015057,2206.771462
2026-10-02T12:26:29Z,46.523711,12.015058,2206.763871
2026-10-02T12:26:30Z,46.523714,12.01506,2206.747329
2026-10-02T12:26:31Z,46.523716,12.015063,2206.725275
2026-10-02T12:26:32Z,46.52372,12.01507,2206.701683
2026-10-02T12:26:33Z,46.523724,12.015079,2206.681432
2026-10-02T12:26:34Z,46.523728,12.015089,2206.670286
2026-10-02T12:26:35Z,46.523732,12.015099,2206.674565
2026-10-02T12:26:36Z,46.523736,12.015109,2206.699333
2026-10-02T12:26:37Z,46.52374,12.015119,2206.747251
2026-10-02T12:26:38Z,46.523745,12.01513,2206.81819
2026-10-02T12:26:39Z,46.523749,12.01514,2206.909422
2026-10-02T12:26:40Z,46.523754,12.01515,2207.015705
2026-10-02T12:26:41Z,46.523758,12.015161,2207.131573
2026-10-02T12:26:42Z,46.523762,12.015171,2207.253007
2026-10-02T12:26:43Z,46.523765,12.015181,2207.377675
2026-10-02T12:26:44Z,46.523768,12.015191,2207.504023
2026-10-02T12:26:45Z,46.523771,12.0152,2207.631105
2026-10-02T12:26:46Z,46.523774,12.015208,2207.758143
2026-10-02T12:26:47Z,46.523778,12.015217,2207.884439
2026-10-02T12:26:48Z,46.523783,12.015226,2208.009285
2026-10-02T12:26:49Z,46.523787,12.015236,2208.132536
2026-10-02T12:26:50Z,46.523791,12.015247,2208.254562
2026-10-02T12:26:51Z,46.523795,12.015258,2208.376111
2026-10-02T12:26:52Z,46.523797,12.015269,2208.498217
2026-10-02T12:26:53Z,46.523798,12.01528,2208.620728
2026-10-02T12:26:54Z,46.523799,12.01529,2208.742645
2026-10-02T12:26:55Z,46.5238,12.0153,2208.862565
2026-10-02T12:26:56Z,46.5238,12.015308,2208.979047
2026-10-02T12:26:57Z,46.523799,12.015312,2209.090592
2026-10-02T12:26:58Z,46.523798,12.015314,2209.195875
2026-10-02T12:26:59Z,46.523797,12.015315,2209.294235
2026-10-02T12:27:00Z,46.523796,12.015317,2209.385528
2026-10-02T12:27:01Z,46.523797,12.015319,2209.469589
2026-10-02T12:27:02Z,46.523797,12.015324,2209.546805
2026-10-02T12:27:03Z,46.523799,12.015331,2209.619091
2026-10-02T12:27:04Z,46.5238,12.015339,2209.688482
2026-10-02T12:27:05Z,46.523801,12.015346,2209.755975
2026-10-02T12:27:06Z,46.523802,12.015351,2209.821421
2026-10-02T12:27:07Z,46.523804,12.015356,2209.883912
2026-10-02T12:27:08Z,46.523805,12.015362,2209.942691
2026-10-02T12:27:09Z,46.523808,12.01537,2209.997872
2026-10-02T12:27:10Z,46.523811,12.01538,2210.051388
2026-10-02T12:27:11Z,46.523815,12.015392,2210.105166
2026-10-02T12:27:12Z,46.523819,12.015405,2210.160893
2026-10-02T12:27:13Z,46.523822,12.015419,2210.219586
2026-10-02T12:27:14Z,46.523827,12.015432,2210.281827
2026-10-02T12:27:15Z,46.523833,12.015444,2210.346514
2026-10-02T12:27:16Z,46.523839,12.015453,2210.413787
2026-10-02T12:27:17Z,46.523844,12.015461,2210.48425
2026-10-02T12:27:18Z,46.523847,12.015466,2210.558845
2026-10-02T12:27:19Z,46.523849,12.01547,2210.637773
2026-10-02T12:27:20Z,46.52385,12.015472,2210.723448
2026-10-02T12:27:21Z,46.523851,12.015472,2210.818369
2026-10-02T12:27:22Z,46.523852,12.015472,2210.92453
2026-10-02T12:27:23Z,46.523853,12.015471,2211.042145
2026-10-02T12:27:24Z,46.523854,12.015471,2211.168869
2026-10-02T12:27:25Z,46.523855,12.01547,2211.298793
2026-10-02T12:27:26Z,46.523856,12.01547,2211.423254
2026-10-02T12:27:27Z,46.523857,12.01547,2211.532788
2026-10-02T12:27:28Z,46.523857,12.01547,2211.619449
2026-10-02T12:27:29Z,46.523857,12.01547,2211.678804
2026-10-02T12:27:30Z,46.523858,12.015471,2211.710248
2026-10-02T12:27:31Z,46.523858,12.015472,2211.717047
2026-10-02T12:27:32Z,46.523859,12.015473,2211.705438
2026-10-02T12:27:33Z,46.52386,12.015475,2211.682519
2026-10-02T12:27:34Z,46.523861,12.015478,2211.655274
2026-10-02T12:27:35Z,46.523861,12.015481,2211.62966
2026-10-02T12:27:36Z,46.523862,12.015485,2211.610134
2026-10-02T12:27:37Z,46.523863,12.015489,2211.599314
2026-10-02T12:27:38Z,46.523862,12.015494,2211.598794
2026-10-02T12:27:39Z,46.523862,12.015498,2211.608989
2026-10-02T12:27:40Z,46.523861,12.015502,2211.629388
2026-10-02T12:27:41Z,46.523861,12.015506,2211.658681
2026-10-02T12:27:42Z,46.52386,12.015509,2211.694768
2026-10-02T12:27:43Z,46.52386,12.015513,2211.734834
2026-10-02T12:27:44Z,46.52386,12.015515,2211.775822
2026-10-02T12:27:45Z,46.523861,12.015517,2211.814951
2026-10-02T12:27:46Z,46.523861,12.015519,2211.849232
2026-10-02T12:27:47Z,46.523862,12.01552,2211.878266
2026-10-02T12:27:48Z,46.523863,12.01552,2211.903009
2026-10-02T12:27:49Z,46.523864,12.015521,2211.925636
2026-10-02T12:27:50Z,46.523865,12.015521,2211.948998
2026-10-02T12:27:51Z,46.523866,12.015522,2211.977369
2026-10-02T12:27:52Z,46.523868,12.015523,2212.014291
2026-10-02T12:27:53Z,46.52387,12.015526,2212.062634
2026-10-02T12:27:54Z,46.523872,12.015529,2212.12433
2026-10-02T12:27:55Z,46.523874,12.015531,2212.199744
2026-10-02T12:27:56Z,46.523875,12.015531,2212.286964
2026-10-02T12:27:57Z,46.523876,12.015531,2212.381505
2026-10-02T12:27:58Z,46.523876,12.01553,2212.47712
2026-10-02T12:27:59Z,46.523876,12.01553,2212.567464
2026-10-02T12:28:00Z,46.523875,12.01553,2212.6472
2026-10-02T12:28:01Z,46.523875,12.01553,2212.712606
2026-10-02T12:28:02Z,46.523874,12.015531,2212.762322
2026-10-02T12:28:03Z,46.523874,12.015532,2212.796909
2026-10-02T12:28:04Z,46.523873,12.015532,2212.817543
2026-10-02T12:28:05Z,46.523873,12.015533,2212.826059
2026-10-02T12:28:06Z,46.523873,12.015533,2212.824397
2026-10-02T12:28:07Z,46.523873,12.015534,2212.814572
2026-10-02T12:28:08Z,46.523873,12.015535,2212.798597
2026-10-02T12:28:09Z,46.523874,12.015536,2212.778646
2026-10-02T12:28:10Z,46.523874,12.015538,2212.757231
2026-10-02T12:28:11Z,46.523874,12.01554,2212.736893
2026-10-02T12:28:12Z,46.523873,12.01554,2212.719808
2026-10-02T12:28:13Z,46.523872,12.01554,2212.707462
2026-10-02T12:28:14Z,46.52387,12.01554,2212.700656
2026-10-02T12:28:15Z,46.523868,12.015539,2212.699197
2026-10-02T12:28:16Z,46.523867,12.015538,2212.702137
2026-10-02T12:28:17Z,46.523866,12.015537,2212.70851
2026-10-02T12:28:18Z,46.523865,12.015537,2212.717045
2026-10-02T12:28:19Z,46.523864,12.015536,2212.726366
2026-10-02T12:28:20Z,46.523864,12.015536,2212.734952
2026-10-02T12:28:21Z,46.523863,12.015536,2212.741286
2026-10-02T12:28:22Z,46.523863,12.015535,2212.743806
2026-10-02T12:28:23Z,46.523863,12.015535,2212.741235
2026-10-02T12:28:24Z,46.523862,12.015535,2212.732676
2026-10-02T12:28:25Z,46.523862,12.015535,2212.717794
2026-10-02T12:28:26Z,46.523861,12.015535,2212.697315
2026-10-02T12:28:27Z,46.523861,12.015535,2212.67261
2026-10-02T12:28:28Z,46.52386,12.015535,2212.645607
2026-10-02T12:28:29Z,46.52386,12.015536,2212.618486
2026-10-02T12:28:30Z,46.523859,12.015536,2212.593361
2026-10-02T12:28:31Z,46.523859,12.015536,2212.571927
2026-10-02T12:28:32Z,46.523858,12.015537,2212.555277
2026-10-02T12:28:33Z,46.523858,12.015538,2212.544379
2026-10-02T12:28:34Z,46.523858,12.01554,2212.540324
2026-10-02T12:28:35Z,46.523858,12.015543,2212.543435
2026-10-02T12:28:36Z,46.52386,12.015545,2212.554227
2026-10-02T12:28:37Z,46.523862,12.015549,2212.573222
2026-10-02T12:28:38Z,46.523865,12.015553,2212.60119
2026-10-02T12:28:39Z,46.523869,12.015558,2212.63923
2026-10-02T12:28:40Z,46.523874,12.015564,2212.689139
2026-10-02T12:28:41Z,46.523879,12.015572,2212.752661
2026-10-02T12:28:42Z,46.523884,12.01558,2212.831131
2026-10-02T12:28:43Z,46.523889,12.015589,2212.924908
2026-10-02T12:28:44Z,46.523894,12.0156,2213.033015
2026-10-02T12:28:45Z,46.5239,12.01561,2213.153133
2026-10-02T12:28:46Z,46.523906,12.01562,2213.282044
2026-10-02T12:28:47Z,46.523912,12.01563,2213.416198
2026-10-02T12:28:48Z,46.523918,12.01564,2213.552421
2026-10-02T12:28:49Z,46.523923,12.015649,2213.687776
2026-10-02T12:28:50Z,46.523927,12.015659,2213.820198
2026-10-02T12:28:51Z,46.523931,12.015669,2213.948794
2026-10-02T12:28:52Z,46.523934,12.01568,2214.073848
2026-10-02T12:28:53Z,46.523938,12.01569,2214.196053
2026-10-02T12:28:54Z,46.523943,12.0157,2214.316545
2026-10-02T12:28:55Z,46.523948,12.015709,2214.436542
2026-10-02T12:28:56Z,46.523954,12.015718,2214.557068
2026-10-02T12:28:57Z,46.52396,12.015727,2214.678249
2026-10-02T12:28:58Z,46.523966,12.015734,2214.800654
2026-10-02T12:28:59Z,46.523972,12.015741,2214.924414
2026-10-02T12:29:00Z,46.523978,12.015748,2215.049034
2026-10-02T12:29:01Z,46.523984,12.015754,2215.172768
2026-10-02T12:29:02Z,46.52399,12.015759,2215.294576
2026-10-02T12:29:03Z,46.523995,12.015762,2215.412409
2026-10-02T12:29:04Z,46.524,12.015766,2215.524049
2026-10-02T12:29:05Z,46.524007,12.015769,2215.627987
2026-10-02T12:29:06Z,46.524014,12.015772,2215.723958
2026-10-02T12:29:07Z,46.524022,12.015776,2215.81371
2026-10-02T12:29:08Z,46.52403,12.01578,2215.901013
2026-10-02T12:29:09Z,46.524037,12.015787,2215.991453
2026-10-02T12:29:10Z,46.524045,12.015795,2216.091606
2026-10-02T12:29:11Z,46.524053,12.015802,2216.20745
2026-10-02T12:29:12Z,46.52406,12.015808,2216.341975
2026-10-02T12:29:13Z,46.524065,12.015815,2216.49556
2026-10-02T12:29:14Z,46.524068,12.015822,2216.666545
2026-10-02T12:29:15Z,46.524071,12.015829,2216.852953
2026-10-02T12:29:16Z,46.524074,12.015837,2217.052448
2026-10-02T12:29:17Z,46.524079,12.015844,2217.262029
2026-10-02T12:29:18Z,46.524086,12.015852,2217.478359
2026-10-02T12:29:19Z,46.52409,12.01586,2217.69845
2026-10-02T12:29:20Z,46.524094,12.015869,2217.919257
2026-10-02T12:29:21Z,46.524099,12.015881,2218.138552
2026-10-02T12:29:22Z,46.524106,12.015893,2218.355384
2026-10-02T12:29:23Z,46.524113,12.015903,2218.569611
2026-10-02T12:29:24Z,46.52412,12.015912,2218.781451
2026-10-02T12:29:25Z,46.524126,12.01592,2218.988317
2026-10-02T12:29:26Z,46.52413,12.015926,2219.18702
2026-10-02T12:29:27Z,46.524135,12.015931,2219.374869
2026-10-02T12:29:28Z,46.524139,12.015937,2219.549773
2026-10-02T12:29:29Z,46.524143,12.015941,2219.709898
2026-10-02T12:29:30Z,46.524147,12.015944,2219.854032
2026-10-02T12:29:31Z,46.52415,12.015946,2219.980897
2026-10-02T12:29:32Z,46.524151,12.015947,2220.088713
2026-10-02T12:29:33Z,46.524152,12.015948,2220.175862
2026-10-02T12:29:34Z,46.524152,12.015948,2220.242041
2026-10-02T12:29:35Z,46.524151,12.015947,2220.289346
2026-10-02T12:29:36Z,46.52415,12.015946,2220.321904
2026-10-02T12:29:37Z,46.524149,12.015945,2220.344356
2026-10-02T12:29:38Z,46.524148,12.015944,2220.362333
2026-10-02T12:29:39Z,46.524147,12.015943,2220.380883
2026-10-02T12:29:40Z,46.524148,12.015941,2220.403825
2026-10-02T12:29:41Z,46.52415,12.01594,2220.433582
2026-10-02T12:29:42Z,46.524154,12.015939,2220.471694
2026-10-02T12:29:43Z,46.52416,12.015936,2220.519206
2026-10-02T12:29:44Z,46.524168,12.015932,2220.576819
2026-10-02T12:29:45Z,46.524175,12.01593,2220.644892
2026-10-02T12:29:46Z,46.524183,12.015931,2220.723636
2026-10-02T12:29:47Z,46.524191,12.015932,2220.812601
2026-10-02T12:29:48Z,46.524199,12.015933,2220.910364
2026-10-02T12:29:49Z,46.524206,12.015933,2221.015105
2026-10-02T12:29:50Z,46.524212,12.015933,2221.125518
2026-10-02T12:29:51Z,46.524216,12.015933,2221.240305
2026-10-02T12:29:52Z,46.524219,12.015933,2221.358568
2026-10-02T12:29:53Z,46.52422,12.015934,2221.479864
2026-10-02T12:29:54Z,46.524221,12.015935,2221.602383
2026-10-02T12:29:55Z,46.524221,12.015935,2221.724204
2026-10-02T12:29:56Z,46.524221,12.015936,2221.842827
2026-10-02T12:29:57Z,46.524221,12.015938,2221.955004
2026-10-02T12:29:58Z,46.524222,12.015939,2222.057607
2026-10-02T12:29:59Z,46.524223,12.015941,2222.149824
2026-10-02T12:30:00Z,46.524226,12.015943,2222.231949
2026-10-02T12:30:01Z,46.52423,12.015945,2222.305591
2026-10-02T12:30:02Z,46.524234,12.015947,2222.374217
2026-10-02T12:30:03Z,46.524238,12.015947,2222.443275
2026-10-02T12:30:04Z,46.524244,12.015946,2222.51788
2026-10-02T12:30:05Z,46.52425,12.015944,2222.603532
2026-10-02T12:30:06Z,46.524255,12.015942,2222.705284
2026-10-02T12:30:07Z,46.524259,12.015941,2222.82569
2026-10-02T12:30:08Z,46.524263,12.015941,2222.963707
2026-10-02T12:30:09Z,46.524266,12.01594,2223.114101
2026-10-02T12:30:10Z,46.524268,12.015939,2223.269048
2026-10-02T12:30:11Z,46.524269,12.015938,2223.419938
2026-10-02T12:30:12Z,46.52427,12.015938,2223.558953
2026-10-02T12:30:13Z,46.524269,12.015938,2223.680444
2026-10-02T12:30:14Z,46.524269,12.015938,2223.782367
2026-10-02T12:30:15Z,46.524268,12.015939,2223.865341
2026-10-02T12:30:16Z,46.524267,12.01594,2223.931558
2026-10-02T12:30:17Z,46.524267,12.01594,2223.983676
2026-10-02T12:30:18Z,46.524267,12.015941,2224.02487
2026-10-02T12:30:19Z,46.524267,12.015941,2224.05801
2026-10-02T12:30:20Z,46.524268,12.015941,2224.085514
2026-10-02T12:30:21Z,46.524269,12.015942,2224.109176
2026-10-02T12:30:22Z,46.524271,12.015941,2224.130556
2026-10-02T12:30:23Z,46.524274,12.01594,2224.150326
2026-10-02T12:30:24Z,46.524277,12.015939,2224.168011
2026-10-02T12:30:25Z,46.52428,12.015939,2224.182383
2026-10-02T12:30:26Z,46.524282,12.015938,2224.19233
2026-10-02T12:30:27Z,46.524285,12.015938,2224.197209
2026-10-02T12:30:28Z,46.524286,12.015937,2224.197058
2026-10-02T12:30:29Z,46.524287,12.015936,2224.192612
2026-10-02T12:30:30Z,46.524287,12.015935,2224.185071
2026-10-02T12:30:31Z,46.524286,12.015935,2224.175392
2026-10-02T12:30:32Z,46.524286,12.015934,2224.16403
2026-10-02T12:30:33Z,46.524285,12.015934,2224.151188
2026-10-02T12:30:34Z,46.524284,12.015934,2224.137183
2026-10-02T12:30:35Z,46.524284,12.015934,2224.122099
2026-10-02T12:30:36Z,46.524284,12.015934,2224.106201
2026-10-02T12:30:37Z,46.524283,12.015934,2224.08972
2026-10-02T12:30:38Z,46.524283,12.015934,2224.072663
2026-10-02T12:30:39Z,46.524283,12.015934,2224.054579
2026-10-02T12:30:40Z,46.524282,12.015935,2224.034781
2026-10-02T12:30:41Z,46.524282,12.015935,2224.012305
2026-10-02T12:30:42Z,46.524282,12.015935,2223.986028
2026-10-02T12:30:43Z,46.524281,12.015935,2223.954888
2026-10-02T12:30:44Z,46.524281,12.015936,2223.917844
2026-10-02T12:30:45Z,46.524281,12.015936,2223.875599
2026-10-02T12:30:46Z,46.524281,12.015936,2223.829437
2026-10-02T12:30:47Z,46.524281,12.015937,2223.78108
2026-10-02T12:30:48Z,46.524281,12.015937,2223.733129
2026-10-02T12:30:49Z,46.52428,12.015937,2223.688738
2026-10-02T12:30:50Z,46.524279,12.015937,2223.650427
2026-10-02T12:30:51Z,46.524279,12.015938,2223.620606
2026-10-02T12:30:52Z,46.524278,12.015938,2223.601902
2026-10-02T12:30:53Z,46.524277,12.015939,2223.59632
2026-10-02T12:30:54Z,46.524277,12.015939,2223.604595
2026-10-02T12:30:55Z,46.524277,12.01594,2223.625928
2026-10-02T12:30:56Z,46.524277,12.015941,2223.658019
2026-10-02T12:30:57Z,46.524277,12.015942,2223.696594
2026-10-02T12:30:58Z,46.524277,12.015943,2223.737937
2026-10-02T12:30:59Z,46.524278,12.015946,2223.779012
2026-10-02T12:31:00Z,46.524279,12.015949,2223.818469
2026-10-02T12:31:01Z,46.524282,12.015953,2223.856764
2026-10-02T12:31:02Z,46.524286,12.015958,2223.895467
2026-10-02T12:31:03Z,46.524291,12.015964,2223.938536
2026-10-02T12:31:04Z,46.524296,12.015971,2223.990497
2026-10-02T12:31:05Z,46.524303,12.015978,2224.055424
2026-10-02T12:31:06Z,46.52431,12.015984,2224.137291
2026-10-02T12:31:07Z,46.524316,12.015989,2224.239387
2026-10-02T12:31:08Z,46.524321,12.015995,2224.362958
2026-10-02T12:31:09Z,46.524326,12.016,2224.508205
2026-10-02T12:31:10Z,46.524332,12.016004,2224.675741
2026-10-02T12:31:11Z,46.524338,12.016007,2224.865111
2026-10-02T12:31:12Z,46.524344,12.01601,2225.075029
2026-10-02T12:31:13Z,46.52435,12.016014,2225.302145
2026-10-02T12:31:14Z,46.524356,12.016017,2225.540803
2026-10-02T12:31:15Z,46.524363,12.016019,2225.783659
2026-10-02T12:31:16Z,46.52437,12.01602,2226.022395
2026-10-02T12:31:17Z,46.524376,12.016021,2226.24922
2026-10-02T12:31:18Z,46.524379,12.016022,2226.458123
2026-10-02T12:31:19Z,46.52438,12.016023,2226.645013
2026-10-02T12:31:20Z,46.524381,12.016023,2226.807682
2026-10-02T12:31:21Z,46.524381,12.016024,2226.946647
2026-10-02T12:31:22Z,46.524382,12.016025,2227.064026
2026-10-02T12:31:23Z,46.524383,12.016026,2227.162647
2026-10-02T12:31:24Z,46.524385,12.016026,2227.246795
2026-10-02T12:31:25Z,46.524388,12.016027,2227.320678
2026-10-02T12:31:26Z,46.524393,12.016029,2227.388981
2026-10-02T12:31:27Z,46.524401,12.016029,2227.45699
2026-10-02T12:31:28Z,46.524409,12.016029,2227.530927
2026-10-02T12:31:29Z,46.524418,12.016031,2227.616111
2026-10-02T12:31:30Z,46.524426,12.016034,2227.717303
2026-10-02T12:31:31Z,46.524433,12.016038,2227.837973
2026-10-02T12:31:32Z,46.524439,12.016042,2227.979994
2026-10-02T12:31:33Z,46.524446,12.016046,2228.143213
2026-10-02T12:31:34Z,46.524452,12.016049,2228.325589
2026-10-02T12:31:35Z,46.524457,12.016051,2228.523585
2026-10-02T12:31:36Z,46.52446,12.016055,2228.732628
2026-10-02T12:31:37Z,46.524464,12.01606,2228.947296
2026-10-02T12:31:38Z,46.524468,12.016067,2229.162827
2026-10-02T12:31:39Z,46.524473,12.016074,2229.376724
2026-10-02T12:31:40Z,46.524477,12.01608,2229.588166
2026-10-02T12:31:41Z,46.524479,12.016087,2229.797177
2026-10-02T12:31:42Z,46.52448,12.016095,2230.003157
2026-10-02T12:31:43Z,46.524481,12.016102,2230.20558
2026-10-02T12:31:44Z,46.524482,12.01611,2230.403799
2026-10-02T12:31:45Z,46.524484,12.016117,2230.597245
2026-10-02T12:31:46Z,46.524488,12.016124,2230.785713
2026-10-02T12:31:47Z,46.524493,12.01613,2230.969838
2026-10-02T12:31:48Z,46.524497,12.016135,2231.150016
2026-10-02T12:31:49Z,46.524502,12.016138,2231.325722
2026-10-02T12:31:50Z,46.524505,12.016141,2231.495672
2026-10-02T12:31:51Z,46.524508,12.016146,2231.658364
2026-10-02T12:31:52Z,46.52451,12.016153,2231.814087
2026-10-02T12:31:53Z,46.524511,12.016161,2231.964244
2026-10-02T12:31:54Z,46.524514,12.016169,2232.110977
2026-10-02T12:31:55Z,46.524517,12.016175,2232.257358
2026-10-02T12:31:56Z,46.524521,12.016179,2232.407074
2026-10-02T12:31:57Z,46.524528,12.016181,2232.562811
2026-10-02T12:31:58Z,46.524535,12.016182,2232.726331
2026-10-02T12:31:59Z,46.524544,12.016182,2232.89918
2026-10-02T12:32:00Z,46.524553,12.016183,2233.083081
2026-10-02T12:32:01Z,46.524562,12.016184,2233.27816
2026-10-02T12:32:02Z,46.524572,12.016186,2233.482655
2026-10-02T12:32:03Z,46.524581,12.016189,2233.694763
2026-10-02T12:32:04Z,46.524589,12.016191,2233.912105
2026-10-02T12:32:05Z,46.524597,12.016194,2234.130913
2026-10-02T12:32:06Z,46.524604,12.016197,2234.347971
2026-10-02T12:32:07Z,46.524611,12.016201,2234.562194
2026-10-02T12:32:08Z,46.524617,12.016204,2234.774985
2026-10-02T12:32:09Z,46.524624,12.016206,2234.987822
2026-10-02T12:32:10Z,46.524632,12.016207,2235.202043
2026-10-02T12:32:11Z,46.524641,12.016206,2235.418181
2026-10-02T12:32:12Z,46.524649,12.016203,2235.638121
2026-10-02T12:32:13Z,46.524656,12.0162,2235.869777
2026-10-02T12:32:14Z,46.524662,12.016196,2236.101032
2026-10-02T12:32:15Z,46.524668,12.016192,2236.331426
2026-10-02T12:32:16Z,46.524675,12.016188,2236.562503
2026-10-02T12:32:17Z,46.524683,12.016184,2236.795496
2026-10-02T12:32:18Z,46.524689,12.016181,2237.029337
2026-10-02T12:32:19Z,46.524694,12.01618,2237.25975
2026-10-02T12:32:20Z,46.524699,12.01618,2237.4787
2026-10-02T12:32:21Z,46.524704,12.016182,2237.674434
2026-10-02T12:32:22Z,46.524708,12.016183,2237.819042
2026-10-02T12:32:22Z,46.524709,12.016184,2237.848448
2026-10-02T12:32:23Z,46.524715,12.016186,2238.023276
2026-10-02T12:32:24Z,46.524722,12.016192,2238.229273
2026-10-02T12:32:25Z,46.524728,12.0162,2238.455135
2026-10-02T12:32:26Z,46.524733,12.016209,2238.692572
2026-10-02T12:32:27Z,46.524739,12.016219,2238.935989
2026-10-02T12:32:28Z,46.524743,12.016228,2239.181663
2026-10-02T12:32:29Z,46.524749,12.016235,2239.427167
2026-10-02T12:32:30Z,46.524755,12.016242,2239.670841
2026-10-02T12:32:31Z,46.524761,12.016247,2239.911946
2026-10-02T12:32:32Z,46.524768,12.016252,2240.150451
2026-10-02T12:32:33Z,46.524773,12.016256,2240.386218
2026-10-02T12:32:34Z,46.524778,12.016259,2240.618678
2026-10-02T12:32:35Z,46.524781,12.016262,2240.846835
2026-10-02T12:32:36Z,46.524784,12.016264,2241.070732
2026-10-02T12:32:37Z,46.524785,12.016266,2241.290716
2026-10-02T12:32:38Z,46.524787,12.016268,2241.507089
2026-10-02T12:32:39Z,46.524789,12.016271,2241.719285
2026-10-02T12:32:40Z,46.524791,12.016273,2241.927137
2026-10-02T12:32:41Z,46.524794,12.016275,2242.128809
2026-10-02T12:32:42Z,46.524797,12.016275,2242.322103
2026-10-02T12:32:43Z,46.524798,12.016274,2242.505273
2026-10-02T12:32:44Z,46.524798,12.016271,2242.677425
2026-10-02T12:32:45Z,46.524796,12.016269,2242.837028
2026-10-02T12:32:46Z,46.524795,12.016266,2242.981025
2026-10-02T12:32:47Z,46.524793,12.016264,2243.105553
2026-10-02T12:32:48Z,46.524792,12.016262,2243.207629
2026-10-02T12:32:49Z,46.52479,12.01626,2243.285221
2026-10-02T12:32:50Z,46.524789,12.016259,2243.338163
2026-10-02T12:32:51Z,46.524787,12.016259,2243.368771
2026-10-02T12:32:52Z,46.524786,12.016258,2243.381276
2026-10-02T12:32:53Z,46.524785,12.016257,2243.37979
2026-10-02T12:32:54Z,46.524783,12.016257,2243.367524
2026-10-02T12:32:55Z,46.524782,12.016256,2243.346798
2026-10-02T12:32:56Z,46.524782,12.016256,2243.319724
2026-10-02T12:32:57Z,46.524781,12.016256,2243.289469
2026-10-02T12:32:58Z,46.524782,12.016256,2243.25908
2026-10-02T12:32:59Z,46.524783,12.016257,2243.233342
2026-10-02T12:33:00Z,46.524786,12.016258,2243.217555
2026-10-02T12:33:01Z,46.524791,12.016261,2243.216247
2026-10-02T12:33:02Z,46.524796,12.016264,2243.233732
2026-10-02T12:33:03Z,46.524802,12.016267,2243.274027
2026-10-02T12:33:04Z,46.524807,12.01627,2243.341298
2026-10-02T12:33:05Z,46.524812,12.016275,2243.439675
2026-10-02T12:33:06Z,46.524818,12.01628,2243.573659
2026-10-02T12:33:07Z,46.524824,12.016286,2243.743879
2026-10-02T12:33:08Z,46.52483,12.016293,2243.949039
2026-10-02T12:33:09Z,46.524836,12.016299,2244.185243
2026-10-02T12:33:10Z,46.52484,12.016303,2244.445893
2026-10-02T12:33:11Z,46.524844,12.016308,2244.722286
2026-10-02T12:33:12Z,46.524848,12.016313,2245.005554
2026-10-02T12:33:13Z,46.524853,12.01632,2245.286679
2026-10-02T12:33:14Z,46.524858,12.016327,2245.557079
2026-10-02T12:33:15Z,46.524864,12.016334,2245.809359
2026-10-02T12:33:16Z,46.52487,12.016341,2246.039093
2026-10-02T12:33:17Z,46.524875,12.016348,2246.245812
2026-10-02T12:33:18Z,46.524878,12.016353,2246.432315
2026-10-02T12:33:19Z,46.524882,12.016358,2246.603353
2026-10-02T12:33:20Z,46.524885,12.016362,2246.764404
2026-10-02T12:33:21Z,46.524888,12.016367,2246.920216
2026-10-02T12:33:22Z,46.524891,12.016373,2247.073857
2026-10-02T12:33:23Z,46.524895,12.016378,2247.226855
2026-10-02T12:33:24Z,46.524899,12.016383,2247.37947
2026-10-02T12:33:25Z,46.524903,12.016388,2247.532509
2026-10-02T12:33:26Z,46.524908,12.016392,2247.686824
2026-10-02T12:33:27Z,46.524912,12.016397,2247.843335
2026-10-02T12:33:28Z,46.524916,12.016402,2248.003063
2026-10-02T12:33:29Z,46.524919,12.016408,2248.167475
2026-10-02T12:33:30Z,46.524923,12.016413,2248.337741
2026-10-02T12:33:31Z,46.524927,12.016418,2248.514867
2026-10-02T12:33:32Z,46.52493,12.016423,2248.699573
2026-10-02T12:33:33Z,46.524934,12.016428,2248.892722
2026-10-02T12:33:34Z,46.524938,12.016432,2249.094255
2026-10-02T12:33:35Z,46.524942,12.016436,2249.303006
2026-10-02T12:33:36Z,46.524946,12.016441,2249.51711
2026-10-02T12:33:37Z,46.524951,12.016446,2249.734839
2026-10-02T12:33:38Z,46.524956,12.016451,2249.95447
2026-10-02T12:33:39Z,46.524961,12.016455,2250.175224
2026-10-02T12:33:40Z,46.524965,12.01646,2250.397228
2026-10-02T12:33:41Z,46.524969,12.016464,2250.620888
2026-10-02T12:33:42Z,46.524972,12.016467,2250.847172
2026-10-02T12:33:43Z,46.524974,12.01647,2251.074461
2026-10-02T12:33:44Z,46.524977,12.016473,2251.299769
2026-10-02T12:33:45Z,46.524979,12.016476,2251.519307
2026-10-02T12:33:46Z,46.524981,12.016479,2251.729619
2026-10-02T12:33:47Z,46.524983,12.016482,2251.926363
2026-10-02T12:33:48Z,46.524982,12.016485,2252.106987
2026-10-02T12:33:49Z,46.524982,12.016487,2252.270441
2026-10-02T12:33:50Z,46.524982,12.01649,2252.417038
2026-10-02T12:33:51Z,46.524985,12.016495,2252.548365
2026-10-02T12:33:52Z,46.524989,12.016501,2252.669048
2026-10-02T12:33:53Z,46.524992,12.016509,2252.786002
2026-10-02T12:33:54Z,46.524996,12.016521,2252.906912
2026-10-02T12:33:55Z,46.525001,12.016536,2253.039766
2026-10-02T12:33:56Z,46.525006,12.016551,2253.188033
2026-10-02T12:33:57Z,46.52501,12.016565,2253.350937
2026-10-02T12:33:58Z,46.525014,12.016578,2253.523612
2026-10-02T12:33:59Z,46.525016,12.016588,2253.699183
2026-10-02T12:34:00Z,46.525018,12.016595,2253.869136
2026-10-02T12:34:01Z,46.525019,12.016602,2254.025849
2026-10-02T12:34:02Z,46.525021,12.016607,2254.163963
2026-10-02T12:34:03Z,46.525022,12.01661,2254.281525
2026-10-02T12:34:04Z,46.525023,12.01661,2254.378507
2026-10-02T12:34:05Z,46.525025,12.016609,2254.458637
2026-10-02T12:34:06Z,46.525026,12.016607,2254.528163
2026-10-02T12:34:07Z,46.525027,12.016605,2254.593405
2026-10-02T12:34:08Z,46.525029,12.016601,2254.657844
2026-10-02T12:34:09Z,46.525032,12.016599,2254.722569
2026-10-02T12:34:10Z,46.525036,12.016598,2254.785444
2026-10-02T12:34:11Z,46.52504,12.016597,2254.842324
2026-10-02T12:34:12Z,46.525042,12.016595,2254.888794
2026-10-02T12:34:13Z,46.525044,12.016593,2254.921985
2026-10-02T12:34:14Z,46.525045,12.016591,2254.941579
2026-10-02T12:34:15Z,46.525046,12.016589,2254.949382
2026-10-02T12:34:16Z,46.525046,12.016588,2254.948344
2026-10-02T12:34:17Z,46.525047,12.016586,2254.942229
2026-10-02T12:34:18Z,46.525047,12.016585,2254.934216
2026-10-02T12:34:19Z,46.525049,12.016584,2254.926272
2026-10-02T12:34:20Z,46.52505,12.016583,2254.919462
2026-10-02T12:34:21Z,46.525052,12.016581,2254.914355
2026-10-02T12:34:22Z,46.525055,12.01658,2254.913138
2026-10-02T12:34:23Z,46.525058,12.016579,2254.917375
2026-10-02T12:34:24Z,46.525062,12.016578,2254.930162
2026-10-02T12:34:25Z,46.525067,12.01658,2254.956122
2026-10-02T12:34:26Z,46.52507,12.016583,2255.000806
2026-10-02T12:34:27Z,46.525073,12.01659,2255.067876
2026-10-02T12:34:28Z,46.525075,12.016599,2255.161917
2026-10-02T12:34:29Z,46.525077,12.01661,2255.287558
2026-10-02T12:34:30Z,46.525077,12.016622,2255.447676
2026-10-02T12:34:31Z,46.525078,12.016634,2255.643161
2026-10-02T12:34:32Z,46.525078,12.016648,2255.872299
2026-10-02T12:34:33Z,46.525077,12.01666,2256.129471
2026-10-02T12:34:34Z,46.525077,12.016672,2256.404755
2026-10-02T12:34:35Z,46.525076,12.016684,2256.685256
2026-10-02T12:34:36Z,46.525076,12.016695,2256.95837
2026-10-02T12:34:37Z,46.525076,12.016707,2257.214359
2026-10-02T12:34:38Z,46.525076,12.016718,2257.447506
2026-10-02T12:34:39Z,46.525075,12.016727,2257.656464
2026-10-02T12:34:40Z,46.525073,12.016735,2257.843506
2026-10-02T12:34:41Z,46.525072,12.016741,2258.012688
2026-10-02T12:34:42Z,46.525071,12.016745,2258.168017
2026-10-02T12:34:43Z,46.525071,12.016749,2258.312714
2026-10-02T12:34:44Z,46.525072,12.016752,2258.449874
2026-10-02T12:34:45Z,46.525073,12.016756,2258.580495
2026-10-02T12:34:46Z,46.525074,12.016758,2258.704862
2026-10-02T12:34:47Z,46.525076,12.016759,2258.822691
2026-10-02T12:34:48Z,46.525077,12.016759,2258.93312
2026-10-02T12:34:49Z,46.525078,12.016757,2259.034276
2026-10-02T12:34:50Z,46.525077,12.016753,2259.124641
2026-10-02T12:34:51Z,46.525076,12.016749,2259.202802
2026-10-02T12:34:52Z,46.525074,12.016745,2259.267645
2026-10-02T12:34:53Z,46.525072,12.016742,2259.317995
2026-10-02T12:34:54Z,46.525071,12.016739,2259.354146
2026-10-02T12:34:55Z,46.525071,12.016737,2259.37819
2026-10-02T12:34:56Z,46.525071,12.016736,2259.393443
2026-10-02T12:34:57Z,46.525072,12.016736,2259.403427
2026-10-02T12:34:58Z,46.525073,12.016735,2259.411264
2026-10-02T12:34:59Z,46.525074,12.016734,2259.418719
2026-10-02T12:35:00Z,46.525075,12.016733,2259.425768
2026-10-02T12:35:01Z,46.525076,12.016733,2259.43115
2026-10-02T12:35:02Z,46.525076,12.016733,2259.433685
2026-10-02T12:35:03Z,46.525076,12.016733,2259.432625
2026-10-02T12:35:04Z,46.525076,12.016733,2259.427645
2026-10-02T12:35:05Z,46.525076,12.016734,2259.418803
2026-10-02T12:35:06Z,46.525075,12.016735,2259.40754
2026-10-02T12:35:07Z,46.525075,12.016736,2259.394645
2026-10-02T12:35:08Z,46.525074,12.016739,2259.382136
2026-10-02T12:35:09Z,46.525074,12.016743,2259.37284
2026-10-02T12:35:10Z,46.525073,12.016749,2259.370169
2026-10-02T12:35:11Z,46.525073,12.016756,2259.378414
2026-10-02T12:35:12Z,46.525073,12.016766,2259.402733
2026-10-02T12:35:13Z,46.525073,12.016778,2259.44911
2026-10-02T12:35:14Z,46.525071,12.016792,2259.523558
2026-10-02T12:35:15Z,46.525069,12.016808,2259.630968
2026-10-02T12:35:16Z,46.525067,12.016825,2259.773611
2026-10-02T12:35:17Z,46.525066,12.016841,2259.951339
2026-10-02T12:35:18Z,46.525065,12.016856,2260.161273
2026-10-02T12:35:19Z,46.525064,12.01687,2260.398125
2026-10-02T12:35:20Z,46.525062,12.016884,2260.6556
2026-10-02T12:35:21Z,46.52506,12.016896,2260.927739
2026-10-02T12:35:22Z,46.525059,12.016908,2261.208889
2026-10-02T12:35:23Z,46.525058,12.01692,2261.493761
2026-10-02T12:35:24Z,46.525058,12.016933,2261.778249
2026-10-02T12:35:25Z,46.525058,12.016944,2262.059505
2026-10-02T12:35:26Z,46.525057,12.016955,2262.335798
2026-10-02T12:35:27Z,46.525056,12.016966,2262.606725
2026-10-02T12:35:28Z,46.525055,12.016976,2262.87339
2026-10-02T12:35:29Z,46.525054,12.016987,2263.137954
2026-10-02T12:35:30Z,46.525053,12.016997,2263.403004
2026-10-02T12:35:31Z,46.525052,12.017008,2263.67027
2026-10-02T12:35:32Z,46.52505,12.017019,2263.940008
2026-10-02T12:35:33Z,46.525048,12.017031,2264.211434
2026-10-02T12:35:34Z,46.525046,12.017043,2264.482236
2026-10-02T12:35:35Z,46.525044,12.017055,2264.74955
2026-10-02T12:35:36Z,46.525041,12.017065,2265.010634
2026-10-02T12:35:37Z,46.525037,12.017074,2265.263117
2026-10-02T12:35:38Z,46.525032,12.017081,2265.505122
2026-10-02T12:35:39Z,46.525028,12.017088,2265.734645
2026-10-02T12:35:40Z,46.525023,12.017094,2265.950111
2026-10-02T12:35:41Z,46.525019,12.017099,2266.150886
2026-10-02T12:35:42Z,46.525015,12.017104,2266.336666
2026-10-02T12:35:43Z,46.525012,12.017108,2266.507674
2026-10-02T12:35:44Z,46.525009,12.017111,2266.664577
2026-10-02T12:35:45Z,46.525007,12.017112,2266.808114
2026-10-02T12:35:46Z,46.525007,12.017112,2266.93894
2026-10-02T12:35:47Z,46.525006,12.017111,2267.056759
2026-10-02T12:35:48Z,46.525006,12.01711,2267.161317
2026-10-02T12:35:49Z,46.525006,12.01711,2267.252611
2026-10-02T12:35:50Z,46.525006,12.017109,2267.330878
2026-10-02T12:35:51Z,46.525006,12.017109,2267.396553
2026-10-02T12:35:52Z,46.525006,12.017109,2267.450855
2026-10-02T12:35:53Z,46.525006,12.017108,2267.494957
2026-10-02T12:35:54Z,46.525006,12.017108,2267.529621
2026-10-02T12:35:55Z,46.525005,12.017108,2267.555533
2026-10-02T12:35:56Z,46.525004,12.017108,2267.573139
2026-10-02T12:35:57Z,46.525003,12.017108,2267.584292
2026-10-02T12:35:58Z,46.525002,12.017109,2267.591908
2026-10-02T12:35:59Z,46.524999,12.017111,2267.599259
2026-10-02T12:36:00Z,46.524995,12.017116,2267.611043
2026-10-02T12:36:01Z,46.524991,12.017124,2267.632081
2026-10-02T12:36:02Z,46.524988,12.017133,2267.666683
2026-10-02T12:36:03Z,46.524985,12.017145,2267.718474
2026-10-02T12:36:04Z,46.524983,12.017158,2267.791219
2026-10-02T12:36:05Z,46.524981,12.01717,2267.886711
2026-10-02T12:36:06Z,46.524979,12.017183,2268.005302
2026-10-02T12:36:07Z,46.524977,12.017194,2268.145583
2026-10-02T12:36:08Z,46.524975,12.017204,2268.304622
2026-10-02T12:36:09Z,46.524972,12.017215,2268.477699
2026-10-02T12:36:10Z,46.524967,12.017226,2268.65871
2026-10-02T12:36:11Z,46.524962,12.017237,2268.842319
2026-10-02T12:36:12Z,46.524955,12.017246,2269.023199
2026-10-02T12:36:13Z,46.524949,12.017254,2269.197902
2026-10-02T12:36:14Z,46.524942,12.01726,2269.365146
2026-10-02T12:36:15Z,46.524936,12.017265,2269.525871
2026-10-02T12:36:16Z,46.524932,12.01727,2269.682591
2026-10-02T12:36:17Z,46.52493,12.017274,2269.837914
2026-10-02T12:36:18Z,46.52493,12.017278,2269.99351
2026-10-02T12:36:19Z,46.524929,12.017283,2270.150135
2026-10-02T12:36:20Z,46.524929,12.017288,2270.307612
2026-10-02T12:36:21Z,46.524929,12.017293,2270.465006
2026-10-02T12:36:22Z,46.524928,12.017296,2270.620839
2026-10-02T12:36:23Z,46.524928,12.017298,2270.773188
2026-10-02T12:36:24Z,46.524928,12.017298,2270.919478
2026-10-02T12:36:25Z,46.524929,12.017296,2271.056867
2026-10-02T12:36:26Z,46.52493,12.017294,2271.182425
2026-10-02T12:36:27Z,46.524931,12.017293,2271.293667
2026-10-02T12:36:28Z,46.524931,12.017291,2271.389238
2026-10-02T12:36:29Z,46.524931,12.01729,2271.469085
2026-10-02T12:36:30Z,46.524931,12.017289,2271.534506
2026-10-02T12:36:31Z,46.52493,12.017288,2271.587715
2026-10-02T12:36:32Z,46.52493,12.017287,2271.63154
2026-10-02T12:36:33Z,46.52493,12.017285,2271.668841
2026-10-02T12:36:34Z,46.524929,12.017284,2271.70209
2026-10-02T12:36:35Z,46.524929,12.017283,2271.733215
2026-10-02T12:36:36Z,46.52493,12.017283,2271.763108
2026-10-02T12:36:37Z,46.52493,12.017282,2271.791974
2026-10-02T12:36:38Z,46.52493,12.017281,2271.819439
2026-10-02T12:36:39Z,46.52493,12.017281,2271.844705
2026-10-02T12:36:40Z,46.52493,12.01728,2271.866874
2026-10-02T12:36:41Z,46.524931,12.01728,2271.885174
2026-10-02T12:36:42Z,46.524931,12.017279,2271.900638
2026-10-02T12:36:43Z,46.524932,12.017278,2271.920979
2026-10-02T12:36:44Z,46.524933,12.017278,2271.936772
2026-10-02T12:36:45Z,46.524934,12.017278,2271.947472
2026-10-02T12:36:46Z,46.524935,12.017279,2271.953319
2026-10-02T12:36:47Z,46.524936,12.017283,2271.956037
2026-10-02T12:36:48Z,46.524937,12.017288,2271.95776
2026-10-02T12:36:49Z,46.524939,12.017297,2271.959764
2026-10-02T12:36:50Z,46.524941,12.017308,2271.961571
2026-10-02T12:36:51Z,46.524944,12.017321,2271.960535
2026-10-02T12:36:52Z,46.524946,12.017332,2271.957687
2026-10-02T12:36:52Z,46.524946,12.017334,2271.962898
2026-10-02T12:36:53Z,46.524948,12.017348,2271.986849
2026-10-02T12:36:54Z,46.52495,12.017362,2272.064146
2026-10-02T12:36:55Z,46.524953,12.017373,2272.182697
2026-10-02T12:36:56Z,46.524957,12.017382,2272.331153
2026-10-02T12:36:57Z,46.524961,12.017389,2272.499093
2026-10-02T12:36:58Z,46.524966,12.017397,2272.677617
2026-10-02T12:36:59Z,46.524972,12.017405,2272.860352
2026-10-02T12:37:00Z,46.524979,12.017411,2273.043585
2026-10-02T12:37:01Z,46.524986,12.017418,2273.226218
2026-10-02T12:37:02Z,46.524993,12.017424,2273.409051
2026-10-02T12:37:03Z,46.525,12.017431,2273.593805
2026-10-02T12:37:04Z,46.525008,12.017439,2273.781692
2026-10-02T12:37:05Z,46.525017,12.017446,2273.973223
2026-10-02T12:37:06Z,46.525025,12.017453,2274.168551
2026-10-02T12:37:07Z,46.525033,12.017459,2274.367389
2026-10-02T12:37:08Z,46.525039,12.017466,2274.568916
2026-10-02T12:37:09Z,46.525046,12.017474,2274.77172
2026-10-02T12:37:10Z,46.525054,12.017481,2274.974002
2026-10-02T12:37:11Z,46.525061,12.017488,2275.173964
2026-10-02T12:37:12Z,46.525068,12.017494,2275.36992
2026-10-02T12:37:13Z,46.525075,12.017499,2275.560702
2026-10-02T12:37:14Z,46.525082,12.017503,2275.745883
2026-10-02T12:37:15Z,46.52509,12.017506,2275.925765
2026-10-02T12:37:16Z,46.525097,12.017508,2276.101003
2026-10-02T12:37:17Z,46.525104,12.017511,2276.272477
2026-10-02T12:37:18Z,46.525111,12.017513,2276.441072
2026-10-02T12:37:19Z,46.525119,12.017517,2276.607554
2026-10-02T12:37:20Z,46.525127,12.01752,2276.772426
2026-10-02T12:37:21Z,46.525134,12.017523,2276.93607
2026-10-02T12:37:22Z,46.525141,12.017526,2277.099043
2026-10-02T12:37:23Z,46.525146,12.01753,2277.262065
2026-10-02T12:37:24Z,46.525152,12.017534,2277.425817
2026-10-02T12:37:25Z,46.525158,12.017539,2277.59078
2026-10-02T12:37:26Z,46.525166,12.017545,2277.757313
2026-10-02T12:37:27Z,46.525174,12.01755,2277.925611
2026-10-02T12:37:28Z,46.525181,12.017554,2278.095709
2026-10-02T12:37:29Z,46.525189,12.017557,2278.267738
2026-10-02T12:37:30Z,46.525197,12.01756,2278.441737
2026-10-02T12:37:31Z,46.525204,12.017563,2278.617627
2026-10-02T12:37:32Z,46.525212,12.017566,2278.795038
2026-10-02T12:37:33Z,46.525219,12.017569,2278.972918
2026-10-02T12:37:34Z,46.525227,12.017571,2279.150141
2026-10-02T12:37:35Z,46.525234,12.017573,2279.325296
2026-10-02T12:37:36Z,46.52524,12.017574,2279.49686
2026-10-02T12:37:37Z,46.525246,12.017576,2279.663518
2026-10-02T12:37:38Z,46.525252,12.017578,2279.82366
2026-10-02T12:37:39Z,46.525258,12.017579,2279.97581
2026-10-02T12:37:40Z,46.525263,12.017579,2280.11854
2026-10-02T12:37:41Z,46.525268,12.017579,2280.250484
2026-10-02T12:37:42Z,46.525271,12.017579,2280.37071
2026-10-02T12:37:43Z,46.525274,12.017579,2280.478366
2026-10-02T12:37:44Z,46.525275,12.017579,2280.572929
2026-10-02T12:37:45Z,46.525275,12.017578,2280.654264
2026-10-02T12:37:46Z,46.525274,12.017577,2280.72265
2026-10-02T12:37:47Z,46.525273,12.017577,2280.778653
2026-10-02T12:37:48Z,46.525272,12.017577,2280.823199
2026-10-02T12:37:49Z,46.525272,12.017576,2280.857432
2026-10-02T12:37:50Z,46.525271,12.017576,2280.882619
2026-10-02T12:37:51Z,46.525271,12.017576,2280.900104
2026-10-02T12:37:52Z,46.525271,12.017576,2280.911337
2026-10-02T12:37:53Z,46.525271,12.017576,2280.917984
2026-10-02T12:37:54Z,46.525271,12.017576,2280.921744
2026-10-02T12:37:55Z,46.525271,12.017576,2280.924119
2026-10-02T12:37:56Z,46.525271,12.017576,2280.926183
2026-10-02T12:37:57Z,46.525271,12.017576,2280.928426
2026-10-02T12:37:58Z,46.525271,12.017577,2280.93127
2026-10-02T12:37:59Z,46.525271,12.017578,2280.935642
2026-10-02T12:38:00Z,46.525272,12.017579,2280.942124
2026-10-02T12:38:01Z,46.525274,12.017581,2280.952155
2026-10-02T12:38:02Z,46.525277,12.017583,2280.967514
2026-10-02T12:38:03Z,46.525282,12.017586,2280.990266
2026-10-02T12:38:04Z,46.525289,12.01759,2281.022882
2026-10-02T12:38:05Z,46.525296,12.017593,2281.068239
2026-10-02T12:38:06Z,46.525304,12.017596,2281.12936
2026-10-02T12:38:07Z,46.525313,12.017599,2281.208841
2026-10-02T12:38:08Z,46.525321,12.017601,2281.308296
2026-10-02T12:38:09Z,46.52533,12.017605,2281.427716
2026-10-02T12:38:10Z,46.525339,12.017609,2281.565576
2026-10-02T12:38:11Z,46.525348,12.017614,2281.719293
2026-10-02T12:38:12Z,46.525358,12.017618,2281.885792
2026-10-02T12:38:13Z,46.525367,12.017622,2282.061899
2026-10-02T12:38:14Z,46.525377,12.017624,2282.244681
2026-10-02T12:38:15Z,46.525386,12.017626,2282.431838
2026-10-02T12:38:16Z,46.525395,12.017627,2282.621485
2026-10-02T12:38:17Z,46.525404,12.017628,2282.813093
2026-10-02T12:38:18Z,46.525415,12.017629,2283.006107
2026-10-02T12:38:19Z,46.525425,12.017629,2283.200327
2026-10-02T12:38:20Z,46.525435,12.017628,2283.39536
2026-10-02T12:38:21Z,46.525445,12.017626,2283.590447
2026-10-02T12:38:22Z,46.525455,12.017622,2283.784191
2026-10-02T12:38:23Z,46.525464,12.017616,2283.97474
2026-10-02T12:38:24Z,46.525472,12.017611,2284.160258
2026-10-02T12:38:25Z,46.52548,12.017608,2284.339502
2026-10-02T12:38:26Z,46.525487,12.017606,2284.51175
2026-10-02T12:38:27Z,46.525493,12.017606,2284.677167
2026-10-02T12:38:28Z,46.525501,12.017606,2284.836959
2026-10-02T12:38:29Z,46.525508,12.017607,2284.992643
2026-10-02T12:38:30Z,46.525514,12.017608,2285.146513
2026-10-02T12:38:31Z,46.52552,12.017608,2285.301107
2026-10-02T12:38:32Z,46.525524,12.017609,2285.457775
2026-10-02T12:38:33Z,46.525527,12.017609,2285.617079
2026-10-02T12:38:34Z,46.52553,12.017609,2285.778213
2026-10-02T12:38:35Z,46.525532,12.017609,2285.938188
2026-10-02T12:38:36Z,46.525533,12.017609,2286.092825
2026-10-02T12:38:37Z,46.525532,12.017609,2286.237334
2026-10-02T12:38:38Z,46.525532,12.017609,2286.366737
2026-10-02T12:38:39Z,46.525531,12.017609,2286.476317
2026-10-02T12:38:40Z,46.52553,12.017609,2286.563464
2026-10-02T12:38:41Z,46.52553,12.01761,2286.626828
2026-10-02T12:38:42Z,46.52553,12.01761,2286.667312
2026-10-02T12:38:43Z,46.525531,12.01761,2286.688133
2026-10-02T12:38:44Z,46.525533,12.017611,2286.694473
2026-10-02T12:38:45Z,46.525537,12.017611,2286.692836
2026-10-02T12:38:46Z,46.525542,12.017612,2286.690362
2026-10-02T12:38:47Z,46.525548,12.017611,2286.693985
2026-10-02T12:38:48Z,46.525555,12.01761,2286.709788
2026-10-02T12:38:49Z,46.525563,12.017609,2286.742097
2026-10-02T12:38:50Z,46.525571,12.017607,2286.792943
2026-10-02T12:38:51Z,46.525579,12.017606,2286.862496
2026-10-02T12:38:52Z,46.525587,12.017605,2286.949409
2026-10-02T12:38:53Z,46.525594,12.017604,2287.050251
2026-10-02T12:38:54Z,46.525602,12.017603,2287.160876
2026-10-02T12:38:55Z,46.525609,12.017604,2287.27788
2026-10-02T12:38:56Z,46.525615,12.017605,2287.398331
2026-10-02T12:38:57Z,46.52562,12.017607,2287.51904
2026-10-02T12:38:58Z,46.525624,12.01761,2287.637898
2026-10-02T12:38:59Z,46.525627,12.017613,2287.753339
2026-10-02T12:39:00Z,46.525632,12.017616,2287.864566
2026-10-02T12:39:01Z,46.525639,12.017619,2287.971995
2026-10-02T12:39:02Z,46.525646,12.017622,2288.078143
2026-10-02T12:39:03Z,46.525653,12.017625,2288.186675
2026-10-02T12:39:04Z,46.525661,12.017628,2288.301692
2026-10-02T12:39:05Z,46.525669,12.01763,2288.426193
2026-10-02T12:39:06Z,46.525677,12.017632,2288.56106
2026-10-02T12:39:07Z,46.525686,12.017633,2288.704817
2026-10-02T12:39:08Z,46.525696,12.017632,2288.854846
2026-10-02T12:39:09Z,46.525706,12.01763,2289.007762
2026-10-02T12:39:10Z,46.525715,12.017628,2289.160212
2026-10-02T12:39:11Z,46.525723,12.017624,2289.309559
2026-10-02T12:39:12Z,46.525731,12.017619,2289.454182
2026-10-02T12:39:13Z,46.525739,12.017612,2289.594026
2026-10-02T12:39:14Z,46.525747,12.017604,2289.73051
2026-10-02T12:39:15Z,46.525756,12.017597,2289.866153
2026-10-02T12:39:16Z,46.525764,12.01759,2290.004077
2026-10-02T12:39:17Z,46.525773,12.017586,2290.147312
2026-10-02T12:39:18Z,46.525781,12.017582,2290.29772
2026-10-02T12:39:19Z,46.52579,12.017578,2290.455715
2026-10-02T12:39:20Z,46.525799,12.017574,2290.620809
2026-10-02T12:39:21Z,46.525808,12.017571,2290.792328
2026-10-02T12:39:22Z,46.525817,12.017569,2290.969141
2026-10-02T12:39:23Z,46.525825,12.01757,2291.149611
2026-10-02T12:39:24Z,46.525833,12.017573,2291.331815
2026-10-02T12:39:25Z,46.525842,12.017578,2291.51372
2026-10-02T12:39:26Z,46.52585,12.017584,2291.693791
2026-10-02T12:39:27Z,46.525858,12.017591,2291.871278
2026-10-02T12:39:28Z,46.525866,12.017599,2292.046413
2026-10-02T12:39:29Z,46.525874,12.017606,2292.22052
2026-10-02T12:39:30Z,46.525883,12.017614,2292.395576
2026-10-02T12:39:31Z,46.525892,12.017622,2292.573
2026-10-02T12:39:32Z,46.5259,12.01763,2292.753389
2026-10-02T12:39:33Z,46.525908,12.017638,2292.937322
2026-10-02T12:39:34Z,46.525916,12.017647,2293.12405
2026-10-02T12:39:35Z,46.525922,12.017654,2293.312314
2026-10-02T12:39:36Z,46.525928,12.01766,2293.499984
2026-10-02T12:39:37Z,46.525932,12.017664,2293.683748
2026-10-02T12:39:38Z,46.525936,12.017667,2293.859588
2026-10-02T12:39:39Z,46.525939,12.01767,2294.023221
2026-10-02T12:39:40Z,46.52594,12.017672,2294.170546
2026-10-02T12:39:41Z,46.525941,12.017672,2294.298346
2026-10-02T12:39:42Z,46.52594,12.017673,2294.405559
2026-10-02T12:39:43Z,46.525939,12.017673,2294.492679
2026-10-02T12:39:44Z,46.525938,12.017673,2294.561568
2026-10-02T12:39:45Z,46.525938,12.017674,2294.615339
2026-10-02T12:39:46Z,46.525939,12.017674,2294.658546
2026-10-02T12:39:47Z,46.525941,12.017674,2294.695037
2026-10-02T12:39:48Z,46.525942,12.017674,2294.728323
2026-10-02T12:39:49Z,46.525942,12.017673,2294.761372
2026-10-02T12:39:50Z,46.525941,12.017672,2294.796247
2026-10-02T12:39:51Z,46.525941,12.017671,2294.832426
2026-10-02T12:39:52Z,46.52594,12.017669,2294.869293
2026-10-02T12:39:53Z,46.52594,12.017668,2294.905539
2026-10-02T12:39:54Z,46.52594,12.017666,2294.940166
2026-10-02T12:39:55Z,46.525941,12.017665,2294.973427
2026-10-02T12:39:56Z,46.525943,12.017663,2295.007507
2026-10-02T12:39:57Z,46.525948,12.017662,2295.046958
2026-10-02T12:39:58Z,46.525953,12.01766,2295.097556
2026-10-02T12:39:59Z,46.52596,12.017658,2295.164781
2026-10-02T12:40:00Z,46.525968,12.017656,2295.252697
2026-10-02T12:40:01Z,46.525976,12.017655,2295.363325
2026-10-02T12:40:02Z,46.525983,12.017654,2295.496029
2026-10-02T12:40:03Z,46.52599,12.017654,2295.648228
2026-10-02T12:40:04Z,46.525996,12.017655,2295.81645
2026-10-02T12:40:05Z,46.526002,12.017656,2295.997317
2026-10-02T12:40:06Z,46.526009,12.017656,2296.187576
2026-10-02T12:40:07Z,46.526016,12.017656,2296.384154
2026-10-02T12:40:08Z,46.526023,12.017656,2296.584256
2026-10-02T12:40:09Z,46.52603,12.017655,2296.785788
2026-10-02T12:40:10Z,46.526036,12.017654,2296.986915
2026-10-02T12:40:11Z,46.526043,12.017652,2297.186373
2026-10-02T12:40:12Z,46.526051,12.01765,2297.383512
2026-10-02T12:40:13Z,46.526059,12.017648,2297.578286
2026-10-02T12:40:14Z,46.526067,12.017645,2297.770669
2026-10-02T12:40:15Z,46.526075,12.017641,2297.960405
2026-10-02T12:40:16Z,46.526083,12.017635,2298.147085
2026-10-02T12:40:17Z,46.526091,12.017631,2298.33034
2026-10-02T12:40:18Z,46.526097,12.017626,2298.509981
2026-10-02T12:40:19Z,46.526104,12.017624,2298.686317
2026-10-02T12:40:20Z,46.526111,12.017623,2298.860031
2026-10-02T12:40:21Z,46.526119,12.017623,2299.031905
2026-10-02T12:40:22Z,46.526127,12.017622,2299.202792
2026-10-02T12:40:23Z,46.526135,12.017621,2299.372562
2026-10-02T12:40:24Z,46.526143,12.01762,2299.541049
2026-10-02T12:40:25Z,46.526149,12.017618,2299.707375
2026-10-02T12:40:26Z,46.526153,12.017616,2299.869814
2026-10-02T12:40:27Z,46.526154,12.017613,2300.026699
2026-10-02T12:40:28Z,46.526154,12.017612,2300.175863
2026-10-02T12:40:29Z,46.526151,12.017612,2300.3148
2026-10-02T12:40:30Z,46.526148,12.017613,2300.441203
2026-10-02T12:40:31Z,46.526146,12.017614,2300.553153
2026-10-02T12:40:32Z,46.526142,12.017615,2300.649372
2026-10-02T12:40:33Z,46.526139,12.017617,2300.729239
2026-10-02T12:40:34Z,46.526136,12.017618,2300.792842
2026-10-02T12:40:35Z,46.526133,12.017619,2300.840776
2026-10-02T12:40:36Z,46.526131,12.01762,2300.875399
2026-10-02T12:40:37Z,46.526129,12.017621,2300.899309
2026-10-02T12:40:38Z,46.526126,12.017622,2300.915811
2026-10-02T12:40:39Z,46.526124,12.017623,2300.928976
2026-10-02T12:40:40Z,46.526123,12.017624,2300.942831
2026-10-02T12:40:41Z,46.526123,12.017626,2300.96109
2026-10-02T12:40:42Z,46.526125,12.017628,2300.987552
2026-10-02T12:40:43Z,46.526127,12.017631,2301.026113
2026-10-02T12:40:44Z,46.52613,12.017634,2301.080142
2026-10-02T12:40:45Z,46.526133,12.017637,2301.151985
2026-10-02T12:40:46Z,46.526136,12.01764,2301.242802
2026-10-02T12:40:47Z,46.526139,12.017643,2301.352133
2026-10-02T12:40:48Z,46.526143,12.017644,2301.477719
2026-10-02T12:40:49Z,46.526147,12.017645,2301.616433
2026-10-02T12:40:50Z,46.526151,12.017645,2301.764883
2026-10-02T12:40:51Z,46.526155,12.017645,2301.920028
2026-10-02T12:40:52Z,46.526159,12.017646,2302.079678
2026-10-02T12:40:53Z,46.526163,12.017647,2302.242864
2026-10-02T12:40:54Z,46.526168,12.017648,2302.409701
2026-10-02T12:40:55Z,46.526173,12.017649,2302.580693
2026-10-02T12:40:56Z,46.52618,12.017649,2302.7563
2026-10-02T12:40:57Z,46.526187,12.017649,2302.936834
2026-10-02T12:40:58Z,46.526196,12.017648,2303.12206
2026-10-02T12:40:59Z,46.526206,12.017646,2303.31127
2026-10-02T12:41:00Z,46.526215,12.017642,2303.503734
2026-10-02T12:41:01Z,46.526225,12.017638,2303.699119
2026-10-02T12:41:02Z,46.526234,12.017633,2303.897474
2026-10-02T12:41:03Z,46.526242,12.017628,2304.099205
2026-10-02T12:41:04Z,46.52625,12.017624,2304.304861
2026-10-02T12:41:05Z,46.526257,12.01762,2304.514803
2026-10-02T12:41:06Z,46.526265,12.017618,2304.728852
2026-10-02T12:41:07Z,46.526273,12.017615,2304.946452
2026-10-02T12:41:08Z,46.526281,12.017613,2305.16682
2026-10-02T12:41:09Z,46.52629,12.017611,2305.389045
2026-10-02T12:41:10Z,46.526299,12.017609,2305.612236
2026-10-02T12:41:11Z,46.526308,12.017608,2305.83594
2026-10-02T12:41:12Z,46.526317,12.017606,2306.059665
2026-10-02T12:41:13Z,46.526326,12.017605,2306.283067
2026-10-02T12:41:14Z,46.526333,12.017604,2306.505773
2026-10-02T12:41:15Z,46.52634,12.017603,2306.727232
2026-10-02T12:41:16Z,46.526347,12.017603,2306.946594
2026-10-02T12:41:17Z,46.526354,12.017602,2307.162809
2026-10-02T12:41:18Z,46.52636,12.017602,2307.374797
2026-10-02T12:41:19Z,46.526367,12.017601,2307.581717
2026-10-02T12:41:20Z,46.526374,12.017599,2307.783129
2026-10-02T12:41:21Z,46.526382,12.017597,2307.979223
2026-10-02T12:41:22Z,46.52639,12.017594,2308.170473
2026-10-02T12:41:23Z,46.526398,12.017589,2308.357506
2026-10-02T12:41:24Z,46.526406,12.017585,2308.54114
2026-10-02T12:41:25Z,46.526412,12.01758,2308.721723
2026-10-02T12:41:26Z,46.526418,12.017576,2308.899073
2026-10-02T12:41:27Z,46.526424,12.017573,2309.072872
2026-10-02T12:41:28Z,46.52643,12.01757,2309.243046
2026-10-02T12:41:29Z,46.526437,12.017569,2309.409408
2026-10-02T12:41:30Z,46.526443,12.017568,2309.571737
2026-10-02T12:41:31Z,46.526451,12.017568,2309.730427
2026-10-02T12:41:32Z,46.526459,12.017567,2309.886561
2026-10-02T12:41:33Z,46.526466,12.017563,2310.040803
2026-10-02T12:41:34Z,46.526471,12.017558,2310.194521
2026-10-02T12:41:35Z,46.526474,12.017553,2310.348609
2026-10-02T12:41:36Z,46.526477,12.017547,2310.502948
2026-10-02T12:41:37Z,46.526478,12.017543,2310.655792
2026-10-02T12:41:38Z,46.526477,12.017542,2310.803761
2026-10-02T12:41:39Z,46.526475,12.017543,2310.942267
2026-10-02T12:41:40Z,46.526473,12.017546,2311.066609
2026-10-02T12:41:41Z,46.526472,12.017548,2311.172933
2026-10-02T12:41:42Z,46.52647,12.017549,2311.258877
2026-10-02T12:41:43Z,46.526469,12.017551,2311.324672
2026-10-02T12:41:44Z,46.526468,12.017553,2311.372503
2026-10-02T12:41:45Z,46.526467,12.017555,2311.405975
2026-10-02T12:41:46Z,46.526466,12.017558,2311.429419
2026-10-02T12:41:47Z,46.526466,12.017561,2311.447026
2026-10-02T12:41:48Z,46.526465,12.017563,2311.46306
2026-10-02T12:41:49Z,46.526465,12.017564,2311.481059
2026-10-02T12:41:50Z,46.526466,12.017565,2311.503584
2026-10-02T12:41:51Z,46.526467,12.017562,2311.533108
2026-10-02T12:41:52Z,46.52647,12.017557,2311.571327
2026-10-02T12:41:53Z,46.526474,12.017549,2311.619509
2026-10-02T12:41:54Z,46.526479,12.017539,2311.678871
2026-10-02T12:41:55Z,46.526485,12.017529,2311.750853
2026-10-02T12:41:56Z,46.52649,12.01752,2311.837307
2026-10-02T12:41:57Z,46.526496,12.017512,2311.940026
2026-10-02T12:41:58Z,46.526501,12.017504,2312.060292
2026-10-02T12:41:59Z,46.526507,12.017498,2312.198598
2026-10-02T12:42:00Z,46.526513,12.017493,2312.354511
2026-10-02T12:42:01Z,46.52652,12.017489,2312.526336
2026-10-02T12:42:02Z,46.526526,12.017486,2312.711734
2026-10-02T12:42:03Z,46.526533,12.017482,2312.908136
2026-10-02T12:42:04Z,46.52654,12.017478,2313.112891
2026-10-02T12:42:05Z,46.526548,12.017474,2313.323816
2026-10-02T12:42:06Z,46.526555,12.01747,2313.538287
2026-10-02T12:42:07Z,46.526562,12.017467,2313.753746
2026-10-02T12:42:08Z,46.526567,12.017465,2313.967986
2026-10-02T12:42:09Z,46.526571,12.017463,2314.178004
2026-10-02T12:42:10Z,46.526575,12.017462,2314.380871
2026-10-02T12:42:11Z,46.526578,12.017462,2314.573788
2026-10-02T12:42:12Z,46.526579,12.017461,2314.754015
2026-10-02T12:42:13Z,46.526579,12.017462,2314.918874
2026-10-02T12:42:14Z,46.526579,12.017463,2315.065783
2026-10-02T12:42:15Z,46.526579,12.017464,2315.192805
2026-10-02T12:42:16Z,46.526578,12.017465,2315.29899
2026-10-02T12:42:17Z,46.526577,12.017465,2315.384452
2026-10-02T12:42:18Z,46.526576,12.017466,2315.450603
2026-10-02T12:42:19Z,46.526575,12.017466,2315.499892
2026-10-02T12:42:20Z,46.526574,12.017465,2315.535185
2026-10-02T12:42:21Z,46.526574,12.017465,2315.559122
2026-10-02T12:42:22Z,46.526573,12.017465,2315.574056
2026-10-02T12:42:23Z,46.526573,12.017464,2315.581913
2026-10-02T12:42:24Z,46.526572,12.017464,2315.584152
2026-10-02T12:42:25Z,46.526572,12.017464,2315.581931
2026-10-02T12:42:26Z,46.526571,12.017464,2315.576233
2026-10-02T12:42:27Z,46.52657,12.017464,2315.568475
2026-10-02T12:42:28Z,46.526569,12.017465,2315.559868
2026-10-02T12:42:29Z,46.526568,12.017465,2315.551858
2026-10-02T12:42:30Z,46.526567,12.017466,2315.546189
2026-10-02T12:42:31Z,46.526566,12.017466,2315.544116
2026-10-02T12:42:32Z,46.526566,12.017467,2315.547329
2026-10-02T12:42:33Z,46.526569,12.017468,2315.557621
2026-10-02T12:42:34Z,46.526573,12.017468,2315.577194
2026-10-02T12:42:35Z,46.52658,12.017468,2315.608788
2026-10-02T12:42:36Z,46.526587,12.017467,2315.655045
2026-10-02T12:42:37Z,46.526594,12.017464,2315.718224
2026-10-02T12:42:38Z,46.526601,12.01746,2315.79993
2026-10-02T12:42:39Z,46.526608,12.017456,2315.9008
2026-10-02T12:42:40Z,46.526616,12.017451,2316.020321
2026-10-02T12:42:41Z,46.526624,12.017447,2316.157733
2026-10-02T12:42:42Z,46.526631,12.017442,2316.31245
2026-10-02T12:42:43Z,46.526638,12.017437,2316.489302
2026-10-02T12:42:44Z,46.526644,12.017432,2316.674936
2026-10-02T12:42:45Z,46.526649,12.017428,2316.863625
2026-10-02T12:42:46Z,46.526653,12.017425,2317.049967
2026-10-02T12:42:47Z,46.526656,12.017424,2317.228053
2026-10-02T12:42:48Z,46.526657,12.017423,2317.391359
2026-10-02T12:42:49Z,46.526657,12.017422,2317.532665
2026-10-02T12:42:50Z,46.526657,12.017422,2317.643691
2026-10-02T12:42:51Z,46.526657,12.017422,2317.714138
2026-10-02T12:42:52Z,46.526655,12.017423,2317.740407
2026-10-02T12:42:52Z,46.526655,12.017424,2317.746946
2026-10-02T12:42:53Z,46.526652,12.017425,2317.766458
2026-10-02T12:42:54Z,46.52665,12.017427,2317.801257
2026-10-02T12:42:55Z,46.526647,12.017429,2317.845089
2026-10-02T12:42:56Z,46.526645,12.017431,2317.893557
2026-10-02T12:42:57Z,46.526644,12.017433,2317.943324
2026-10-02T12:42:58Z,46.526643,12.017434,2317.992317
2026-10-02T12:42:59Z,46.526642,12.017435,2318.039405
2026-10-02T12:43:00Z,46.526644,12.017435,2318.085242
2026-10-02T12:43:01Z,46.526647,12.017434,2318.131862
2026-10-02T12:43:02Z,46.526651,12.017431,2318.181808
2026-10-02T12:43:03Z,46.526656,12.017427,2318.237159
2026-10-02T12:43:04Z,46.526661,12.017423,2318.300075
2026-10-02T12:43:05Z,46.526667,12.017417,2318.372434
2026-10-02T12:43:06Z,46.526674,12.017412,2318.455277
2026-10-02T12:43:07Z,46.526681,12.017407,2318.548849
2026-10-02T12:43:08Z,46.526687,12.017401,2318.652649
2026-10-02T12:43:09Z,46.526693,12.017395,2318.76489
2026-10-02T12:43:10Z,46.526697,12.01739,2318.882503
2026-10-02T12:43:11Z,46.526701,12.017386,2319.002384
2026-10-02T12:43:12Z,46.526705,12.017382,2319.121332
2026-10-02T12:43:13Z,46.52671,12.017378,2319.237444
2026-10-02T12:43:14Z,46.526716,12.017374,2319.35049
2026-10-02T12:43:15Z,46.526724,12.017369,2319.462049
2026-10-02T12:43:16Z,46.526732,12.017365,2319.575196
2026-10-02T12:43:17Z,46.52674,12.01736,2319.694038
2026-10-02T12:43:18Z,46.526748,12.017355,2319.822431
2026-10-02T12:43:19Z,46.526756,12.017349,2319.96318
2026-10-02T12:43:20Z,46.526765,12.017343,2320.117686
2026-10-02T12:43:21Z,46.526773,12.017336,2320.285799
2026-10-02T12:43:22Z,46.526781,12.01733,2320.465782
2026-10-02T12:43:23Z,46.526789,12.017324,2320.654731
2026-10-02T12:43:24Z,46.526798,12.017318,2320.849315
2026-10-02T12:43:25Z,46.526806,12.017313,2321.046381
2026-10-02T12:43:26Z,46.526812,12.01731,2321.24294
2026-10-02T12:43:27Z,46.526817,12.017308,2321.436988
2026-10-02T12:43:28Z,46.526821,12.017307,2321.62793
2026-10-02T12:43:29Z,46.526825,12.017305,2321.815155
2026-10-02T12:43:30Z,46.52683,12.017303,2321.998582
2026-10-02T12:43:31Z,46.526834,12.017302,2322.177706
2026-10-02T12:43:32Z,46.526839,12.017301,2322.351208
2026-10-02T12:43:33Z,46.526843,12.0173,2322.516916
2026-10-02T12:43:34Z,46.526846,12.017299,2322.671661
2026-10-02T12:43:35Z,46.526847,12.017298,2322.8121
2026-10-02T12:43:36Z,46.526847,12.017298,2322.935063
2026-10-02T12:43:37Z,46.526847,12.017297,2323.03786
2026-10-02T12:43:38Z,46.526846,12.017297,2323.118983
2026-10-02T12:43:39Z,46.526846,12.017297,2323.178612
2026-10-02T12:43:40Z,46.526845,12.017297,2323.217903
2026-10-02T12:43:41Z,46.526844,12.017297,2323.238581
2026-10-02T12:43:42Z,46.526844,12.017296,2323.243138
2026-10-02T12:43:43Z,46.526844,12.017295,2323.234083
2026-10-02T12:43:44Z,46.526843,12.017295,2323.214068
2026-10-02T12:43:45Z,46.526843,12.017294,2323.186036
2026-10-02T12:43:46Z,46.526843,12.017294,2323.153416
2026-10-02T12:43:47Z,46.526842,12.017295,2323.119779
2026-10-02T12:43:48Z,46.526842,12.017296,2323.088643
2026-10-02T12:43:49Z,46.526841,12.017297,2323.062864
2026-10-02T12:43:50Z,46.52684,12.017298,2323.044272
2026-10-02T12:43:51Z,46.526838,12.017299,2323.033608
2026-10-02T12:43:52Z,46.526836,12.017301,2323.030061
2026-10-02T12:43:53Z,46.526833,12.017303,2323.031944
2026-10-02T12:43:54Z,46.526831,12.017305,2323.037044
2026-10-02T12:43:55Z,46.526827,12.017308,2323.042892
2026-10-02T12:43:56Z,46.526824,12.01731,2323.046526
2026-10-02T12:43:57Z,46.526821,12.017312,2323.046776
2026-10-02T12:43:58Z,46.526818,12.017313,2323.043181
2026-10-02T12:43:59Z,46.526816,12.017314,2323.035841
2026-10-02T12:44:00Z,46.526814,12.017314,2323.02662
2026-10-02T12:44:01Z,46.526813,12.017314,2323.018748
2026-10-02T12:44:02Z,46.526813,12.017312,2323.015882
2026-10-02T12:44:03Z,46.526814,12.01731,2323.022231
2026-10-02T12:44:04Z,46.526816,12.017308,2323.04283
2026-10-02T12:44:05Z,46.526817,12.017305,2323.081509
2026-10-02T12:44:06Z,46.526819,12.017303,2323.140818
2026-10-02T12:44:07Z,46.52682,12.0173,2323.220326
2026-10-02T12:44:08Z,46.526821,12.017299,2323.31625
2026-10-02T12:44:09Z,46.526822,12.017297,2323.421829
2026-10-02T12:44:10Z,46.526824,12.017295,2323.529511
2026-10-02T12:44:11Z,46.526825,12.017293,2323.631493
2026-10-02T12:44:12Z,46.526826,12.017291,2323.721331
2026-10-02T12:44:13Z,46.526827,12.01729,2323.795004
2026-10-02T12:44:14Z,46.526829,12.017289,2323.850582
2026-10-02T12:44:15Z,46.52683,12.017288,2323.889242
2026-10-02T12:44:16Z,46.52683,12.017288,2323.914734
2026-10-02T12:44:17Z,46.52683,12.017289,2323.93286
2026-10-02T12:44:18Z,46.52683,12.01729,2323.949516
2026-10-02T12:44:19Z,46.52683,12.017291,2323.97035
2026-10-02T12:44:20Z,46.526829,12.017293,2323.999375
2026-10-02T12:44:21Z,46.526829,12.017294,2324.038695
2026-10-02T12:44:22Z,46.526828,12.017296,2324.088784
2026-10-02T12:44:23Z,46.526828,12.017298,2324.148106
2026-10-02T12:44:24Z,46.526827,12.017301,2324.213555
2026-10-02T12:44:25Z,46.526827,12.017302,2324.280768
2026-10-02T12:44:26Z,46.526827,12.017304,2324.344961
2026-10-02T12:44:27Z,46.526827,12.017305,2324.40212
2026-10-02T12:44:28Z,46.526826,12.017306,2324.449699
2026-10-02T12:44:29Z,46.526826,12.017307,2324.486591
2026-10-02T12:44:30Z,46.526826,12.017307,2324.512755
2026-10-02T12:44:31Z,46.526826,12.017308,2324.528449
2026-10-02T12:44:32Z,46.526825,12.017309,2324.53389
2026-10-02T12:44:33Z,46.526825,12.017311,2324.530477
2026-10-02T12:44:34Z,46.526825,12.017313,2324.520083
2026-10-02T12:44:35Z,46.526824,12.017316,2324.504028
2026-10-02T12:44:36Z,46.526825,12.017318,2324.485044
2026-10-02T12:44:37Z,46.526828,12.01732,2324.465982
2026-10-02T12:44:38Z,46.526833,12.01732,2324.450242
2026-10-02T12:44:39Z,46.526838,12.017319,2324.441978
2026-10-02T12:44:40Z,46.526844,12.017316,2324.446437
2026-10-02T12:44:41Z,46.52685,12.017312,2324.469344
2026-10-02T12:44:42Z,46.526857,12.017307,2324.51598
2026-10-02T12:44:43Z,46.526863,12.017303,2324.590069
2026-10-02T12:44:44Z,46.526869,12.017298,2324.692973
2026-10-02T12:44:45Z,46.526876,12.017292,2324.823857
2026-10-02T12:44:46Z,46.526882,12.017286,2324.979911
2026-10-02T12:44:47Z,46.526888,12.017281,2325.157638
2026-10-02T12:44:48Z,46.526894,12.017276,2325.353229
2026-10-02T12:44:49Z,46.526899,12.01727,2325.562305
2026-10-02T12:44:50Z,46.526906,12.017267,2325.781106
2026-10-02T12:44:51Z,46.526911,12.017266,2326.006715
2026-10-02T12:44:52Z,46.526917,12.017266,2326.236669
2026-10-02T12:44:53Z,46.526924,12.017267,2326.467976
2026-10-02T12:44:54Z,46.52693,12.01727,2326.698805
2026-10-02T12:44:55Z,46.526936,12.017273,2326.927067
2026-10-02T12:44:56Z,46.52694,12.017278,2327.150521
2026-10-02T12:44:57Z,46.526944,12.017284,2327.3675
2026-10-02T12:44:58Z,46.526949,12.017291,2327.579096
2026-10-02T12:44:59Z,46.526955,12.017299,2327.786943
2026-10-02T12:45:00Z,46.526962,12.017306,2327.993546
2026-10-02T12:45:01Z,46.526969,12.017314,2328.201459
2026-10-02T12:45:02Z,46.526976,12.017322,2328.413189
2026-10-02T12:45:03Z,46.526984,12.017329,2328.628959
2026-10-02T12:45:04Z,46.526993,12.017335,2328.847171
2026-10-02T12:45:05Z,46.527003,12.01734,2329.064985
2026-10-02T12:45:06Z,46.527013,12.017342,2329.279487
2026-10-02T12:45:07Z,46.527023,12.017344,2329.48926
2026-10-02T12:45:08Z,46.527033,12.017345,2329.695571
2026-10-02T12:45:09Z,46.527042,12.017347,2329.901936
2026-10-02T12:45:10Z,46.52705,12.01735,2330.112857
2026-10-02T12:45:11Z,46.527057,12.017351,2330.33242
2026-10-02T12:45:12Z,46.527065,12.017352,2330.562793
2026-10-02T12:45:13Z,46.527073,12.017353,2330.804022
2026-10-02T12:45:14Z,46.527082,12.017353,2331.054338
2026-10-02T12:45:15Z,46.527091,12.017353,2331.310765
2026-10-02T12:45:16Z,46.5271,12.017354,2331.569536
2026-10-02T12:45:17Z,46.527108,12.017354,2331.826487
2026-10-02T12:45:18Z,46.527115,12.017355,2332.078199
2026-10-02T12:45:19Z,46.527123,12.017355,2332.322887
2026-10-02T12:45:20Z,46.52713,12.017355,2332.560403
2026-10-02T12:45:21Z,46.527138,12.017355,2332.791923
2026-10-02T12:45:22Z,46.527145,12.017353,2333.018948
2026-10-02T12:45:23Z,46.527152,12.017351,2333.242774
2026-10-02T12:45:24Z,46.527158,12.017349,2333.464148
2026-10-02T12:45:25Z,46.527162,12.017346,2333.682842
2026-10-02T12:45:26Z,46.527165,12.017344,2333.898391
2026-10-02T12:45:27Z,46.527167,12.017342,2334.109805
2026-10-02T12:45:28Z,46.527169,12.01734,2334.315502
2026-10-02T12:45:29Z,46.527171,12.017338,2334.513828
2026-10-02T12:45:30Z,46.527172,12.017333,2334.703002
2026-10-02T12:45:31Z,46.527172,12.017326,2334.881394
2026-10-02T12:45:32Z,46.52717,12.017319,2335.047516
2026-10-02T12:45:33Z,46.527168,12.017312,2335.19969
2026-10-02T12:45:34Z,46.527165,12.017306,2335.336315
2026-10-02T12:45:35Z,46.527163,12.0173,2335.45628
2026-10-02T12:45:36Z,46.52716,12.017295,2335.55904
2026-10-02T12:45:37Z,46.527158,12.01729,2335.644816
2026-10-02T12:45:38Z,46.527155,12.017286,2335.715237
2026-10-02T12:45:39Z,46.527152,12.017282,2335.772257
2026-10-02T12:45:40Z,46.527148,12.01728,2335.818401
2026-10-02T12:45:41Z,46.527145,12.017278,2335.85676
2026-10-02T12:45:42Z,46.527141,12.017277,2335.8911
2026-10-02T12:45:43Z,46.527137,12.017277,2335.925193
2026-10-02T12:45:44Z,46.527134,12.017277,2335.963138
2026-10-02T12:45:45Z,46.527131,12.017277,2336.008231
2026-10-02T12:45:46Z,46.527128,12.017278,2336.062156
2026-10-02T12:45:47Z,46.527125,12.017279,2336.125277
2026-10-02T12:45:48Z,46.527123,12.01728,2336.196439
2026-10-02T12:45:49Z,46.52712,12.017282,2336.272975
2026-10-02T12:45:50Z,46.527118,12.017283,2336.350938
2026-10-02T12:45:51Z,46.527117,12.017284,2336.425669
2026-10-02T12:45:52Z,46.527116,12.017284,2336.492533
2026-10-02T12:45:53Z,46.527115,12.017285,2336.547883
2026-10-02T12:45:54Z,46.527114,12.017285,2336.589587
2026-10-02T12:45:55Z,46.527114,12.017285,2336.617387
2026-10-02T12:45:56Z,46.527113,12.017286,2336.632765
2026-10-02T12:45:57Z,46.527113,12.017286,2336.638264
2026-10-02T12:45:58Z,46.527113,12.017285,2336.636609
2026-10-02T12:45:59Z,46.527114,12.017285,2336.630254
2026-10-02T12:46:00Z,46.527114,12.017285,2336.621253
2026-10-02T12:46:01Z,46.527114,12.017285,2336.611094
2026-10-02T12:46:02Z,46.527114,12.017284,2336.600646
2026-10-02T12:46:03Z,46.527115,12.017284,2336.590183
2026-10-02T12:46:04Z,46.527115,12.017284,2336.579531
2026-10-02T12:46:05Z,46.527116,12.017283,2336.568326
2026-10-02T12:46:06Z,46.527117,12.017282,2336.555905
2026-10-02T12:46:07Z,46.527119,12.01728,2336.541684
2026-10-02T12:46:08Z,46.52712,12.017279,2336.525342
2026-10-02T12:46:09Z,46.527122,12.017277,2336.506646
2026-10-02T12:46:10Z,46.527123,12.017276,2336.485352
2026-10-02T12:46:11Z,46.527125,12.017275,2336.46143
2026-10-02T12:46:12Z,46.527126,12.017274,2336.434905
2026-10-02T12:46:13Z,46.527127,12.017273,2336.405746
2026-10-02T12:46:14Z,46.527128,12.017273,2336.373776
2026-10-02T12:46:15Z,46.527129,12.017272,2336.338912
2026-10-02T12:46:16Z,46.52713,12.017272,2336.301475
2026-10-02T12:46:17Z,46.527131,12.017271,2336.262275
2026-10-02T12:46:18Z,46.527132,12.017271,2336.222048
2026-10-02T12:46:19Z,46.527133,12.017272,2336.182489
2026-10-02T12:46:20Z,46.527134,12.017272,2336.145377
2026-10-02T12:46:21Z,46.527134,12.017274,2336.112176
2026-10-02T12:46:22Z,46.527134,12.017275,2336.083748
2026-10-02T12:46:23Z,46.527133,12.017277,2336.061001
2026-10-02T12:46:24Z,46.527132,12.017279,2336.044813
2026-10-02T12:46:25Z,46.527131,12.017281,2336.035875
2026-10-02T12:46:26Z,46.52713,12.017282,2336.034349
2026-10-02T12:46:27Z,46.527128,12.017284,2336.040649
2026-10-02T12:46:28Z,46.527127,12.017286,2336.053991
2026-10-02T12:46:29Z,46.527126,12.017287,2336.073328
2026-10-02T12:46:30Z,46.527125,12.017288,2336.098001
2026-10-02T12:46:31Z,46.527126,12.017289,2336.128092
2026-10-02T12:46:32Z,46.527129,12.017288,2336.164829
2026-10-02T12:46:33Z,46.527132,12.017288,2336.2104
2026-10-02T12:46:34Z,46.527137,12.017287,2336.268128
2026-10-02T12:46:35Z,46.527141,12.017286,2336.342374
2026-10-02T12:46:36Z,46.527147,12.017285,2336.436962
2026-10-02T12:46:37Z,46.527152,12.017283,2336.554706
2026-10-02T12:46:38Z,46.527158,12.01728,2336.697173
2026-10-02T12:46:39Z,46.527164,12.017276,2336.864586
2026-10-02T12:46:40Z,46.527171,12.017271,2337.055478
2026-10-02T12:46:41Z,46.527178,12.017267,2337.268835
2026-10-02T12:46:42Z,46.527185,12.017263,2337.505028
2026-10-02T12:46:43Z,46.527192,12.017259,2337.772371
2026-10-02T12:46:44Z,46.527198,12.017257,2338.056239
2026-10-02T12:46:45Z,46.527204,12.017256,2338.351385
2026-10-02T12:46:46Z,46.527209,12.017255,2338.653002
2026-10-02T12:46:47Z,46.527215,12.017254,2338.955992
2026-10-02T12:46:48Z,46.52722,12.017253,2339.254325
2026-10-02T12:46:49Z,46.527225,12.017253,2339.540933
2026-10-02T12:46:50Z,46.52723,12.017252,2339.808134
2026-10-02T12:46:51Z,46.527236,12.017252,2340.044209
2026-10-02T12:46:52Z,46.527241,12.017253,2340.220558
2026-10-02T12:46:52Z,46.527242,12.017253,2340.250892
2026-10-02T12:46:53Z,46.527248,12.017253,2340.451694
2026-10-02T12:46:54Z,46.527255,12.017254,2340.67723
2026-10-02T12:46:55Z,46.527261,12.017256,2340.914963
2026-10-02T12:46:56Z,46.527268,12.017258,2341.155582
2026-10-02T12:46:57Z,46.527274,12.01726,2341.392716
2026-10-02T12:46:58Z,46.52728,12.017261,2341.622803
2026-10-02T12:46:59Z,46.527287,12.017263,2341.844587
2026-10-02T12:47:00Z,46.527294,12.017266,2342.058636
2026-10-02T12:47:01Z,46.5273,12.017268,2342.266793
2026-10-02T12:47:02Z,46.527306,12.017271,2342.471877
2026-10-02T12:47:03Z,46.527312,12.017273,2342.676058
2026-10-02T12:47:04Z,46.527317,12.017276,2342.881007
2026-10-02T12:47:05Z,46.527322,12.017277,2343.08759
2026-10-02T12:47:06Z,46.527326,12.017277,2343.295809
2026-10-02T12:47:07Z,46.527328,12.017275,2343.504641
2026-10-02T12:47:08Z,46.52733,12.017271,2343.712449
2026-10-02T12:47:09Z,46.52733,12.017266,2343.917456
2026-10-02T12:47:10Z,46.527331,12.017261,2344.118058
2026-10-02T12:47:11Z,46.527331,12.017257,2344.312506
2026-10-02T12:47:12Z,46.527331,12.017252,2344.500184
2026-10-02T12:47:13Z,46.527331,12.017247,2344.68096
2026-10-02T12:47:14Z,46.527331,12.017243,2344.854905
2026-10-02T12:47:15Z,46.527331,12.017238,2345.021816
2026-10-02T12:47:16Z,46.527331,12.017233,2345.180647
2026-10-02T12:47:17Z,46.527331,12.017228,2345.329029
2026-10-02T12:47:18Z,46.527331,12.017222,2345.464862
2026-10-02T12:47:19Z,46.527331,12.017216,2345.587024
2026-10-02T12:47:20Z,46.527331,12.017211,2345.694739
2026-10-02T12:47:21Z,46.527332,12.017206,2345.790065
2026-10-02T12:47:22Z,46.527333,12.017201,2345.87699
2026-10-02T12:47:23Z,46.527335,12.017196,2345.961027
2026-10-02T12:47:24Z,46.527337,12.017188,2346.0484
2026-10-02T12:47:25Z,46.527339,12.017179,2346.146098
2026-10-02T12:47:26Z,46.527341,12.01717,2346.260684
2026-10-02T12:47:27Z,46.527344,12.017162,2346.397128
2026-10-02T12:47:28Z,46.527348,12.017155,2346.557569
2026-10-02T12:47:29Z,46.527352,12.017149,2346.741072
2026-10-02T12:47:30Z,46.527357,12.017143,2346.94373
2026-10-02T12:47:31Z,46.527362,12.017138,2347.160052
2026-10-02T12:47:32Z,46.527367,12.017135,2347.384321
2026-10-02T12:47:33Z,46.527373,12.017131,2347.612054
2026-10-02T12:47:34Z,46.52738,12.017129,2347.840238
2026-10-02T12:47:35Z,46.527387,12.017126,2348.067859
2026-10-02T12:47:36Z,46.527396,12.017124,2348.294926
2026-10-02T12:47:37Z,46.527404,12.017122,2348.521738
2026-10-02T12:47:38Z,46.527412,12.017122,2348.749404
2026-10-02T12:47:39Z,46.527419,12.017124,2348.977376
2026-10-02T12:47:40Z,46.527425,12.017126,2349.204224
2026-10-02T12:47:41Z,46.527429,12.017128,2349.42711
2026-10-02T12:47:42Z,46.527434,12.017131,2349.641324
2026-10-02T12:47:43Z,46.527437,12.017134,2349.841384
2026-10-02T12:47:44Z,46.527438,12.017137,2350.021968
2026-10-02T12:47:45Z,46.527437,12.017138,2350.17816
2026-10-02T12:47:46Z,46.527435,12.017138,2350.305835
2026-10-02T12:47:47Z,46.527434,12.017138,2350.403829
2026-10-02T12:47:48Z,46.527432,12.017138,2350.47305
2026-10-02T12:47:49Z,46.527432,12.017137,2350.516442
2026-10-02T12:47:50Z,46.527432,12.017136,2350.5388
2026-10-02T12:47:51Z,46.527432,12.017134,2350.547209
2026-10-02T12:47:52Z,46.527433,12.017133,2350.547937
2026-10-02T12:47:53Z,46.527434,12.017131,2350.546764
2026-10-02T12:47:54Z,46.527434,12.017129,2350.548573
2026-10-02T12:47:55Z,46.527435,12.017127,2350.556988
2026-10-02T12:47:56Z,46.527435,12.017125,2350.57246
2026-10-02T12:47:57Z,46.527436,12.017124,2350.593395
2026-10-02T12:47:58Z,46.527436,12.017122,2350.617038
2026-10-02T12:47:59Z,46.527435,12.017122,2350.640835
2026-10-02T12:48:00Z,46.527434,12.017122,2350.662665
2026-10-02T12:48:01Z,46.527432,12.017122,2350.682891
2026-10-02T12:48:02Z,46.52743,12.017123,2350.70384
2026-10-02T12:48:03Z,46.527428,12.017124,2350.728451
2026-10-02T12:48:04Z,46.527425,12.017125,2350.758367
2026-10-02T12:48:05Z,46.527423,12.017126,2350.793593
2026-10-02T12:48:06Z,46.527422,12.017126,2350.83191
2026-10-02T12:48:07Z,46.527421,12.017127,2350.869683
2026-10-02T12:48:08Z,46.52742,12.017127,2350.903075
2026-10-02T12:48:09Z,46.527419,12.017127,2350.929526
2026-10-02T12:48:10Z,46.527419,12.017127,2350.947865
2026-10-02T12:48:11Z,46.527419,12.017127,2350.958759
2026-10-02T12:48:12Z,46.527418,12.017127,2350.964197
2026-10-02T12:48:13Z,46.527418,12.017127,2350.966627
2026-10-02T12:48:14Z,46.527418,12.017126,2350.968386
2026-10-02T12:48:15Z,46.527417,12.017126,2350.970572
2026-10-02T12:48:16Z,46.527417,12.017126,2350.973135
2026-10-02T12:48:17Z,46.527416,12.017125,2350.975027
2026-10-02T12:48:18Z,46.527416,12.017125,2350.974129
2026-10-02T12:48:19Z,46.527416,12.017124,2350.967626
2026-10-02T12:48:20Z,46.527416,12.017124,2350.95386
2026-10-02T12:48:21Z,46.527417,12.017124,2350.932218
2026-10-02T12:48:22Z,46.527418,12.017124,2350.902381
2026-10-02T12:48:23Z,46.52742,12.017125,2350.865695
2026-10-02T12:48:24Z,46.527423,12.017126,2350.824288
2026-10-02T12:48:25Z,46.527426,12.017128,2350.781622
2026-10-02T12:48:26Z,46.52743,12.01713,2350.742673
2026-10-02T12:48:27Z,46.527434,12.017133,2350.712868
2026-10-02T12:48:28Z,46.527438,12.017135,2350.699034
2026-10-02T12:48:29Z,46.527443,12.017138,2350.707673
2026-10-02T12:48:30Z,46.527449,12.01714,2350.743685
2026-10-02T12:48:31Z,46.527454,12.017142,2350.809509
2026-10-02T12:48:32Z,46.527461,12.017146,2350.905993
2026-10-02T12:48:33Z,46.527468,12.01715,2351.032354
2026-10-02T12:48:34Z,46.527477,12.017156,2351.186508
2026-10-02T12:48:35Z,46.527485,12.017163,2351.365235
2026-10-02T12:48:36Z,46.527493,12.017172,2351.564724
2026-10-02T12:48:37Z,46.527499,12.017182,2351.780572
2026-10-02T12:48:38Z,46.527505,12.017193,2352.007109
2026-10-02T12:48:39Z,46.527511,12.017204,2352.238188
2026-10-02T12:48:40Z,46.527516,12.017215,2352.468311
2026-10-02T12:48:41Z,46.527522,12.017226,2352.694601
2026-10-02T12:48:42Z,46.527527,12.017235,2352.915484
2026-10-02T12:48:43Z,46.527532,12.017243,2353.13029
2026-10-02T12:48:44Z,46.527537,12.017249,2353.338774
2026-10-02T12:48:45Z,46.527541,12.017255,2353.540717
2026-10-02T12:48:46Z,46.527546,12.017259,2353.735923
2026-10-02T12:48:47Z,46.527551,12.017262,2353.926084
2026-10-02T12:48:48Z,46.527558,12.017266,2354.113111
2026-10-02T12:48:49Z,46.527564,12.01727,2354.300108
2026-10-02T12:48:50Z,46.52757,12.017274,2354.489578
2026-10-02T12:48:51Z,46.527576,12.017279,2354.683445
2026-10-02T12:48:52Z,46.527582,12.017283,2354.882227
2026-10-02T12:48:53Z,46.527586,12.017287,2355.085208
2026-10-02T12:48:54Z,46.527589,12.017292,2355.292504
2026-10-02T12:48:55Z,46.527591,12.017295,2355.503657
2026-10-02T12:48:56Z,46.527594,12.017299,2355.717261
2026-10-02T12:48:57Z,46.527597,12.017302,2355.932775
2026-10-02T12:48:58Z,46.527601,12.017304,2356.149817
2026-10-02T12:48:59Z,46.527607,12.017307,2356.367741
2026-10-02T12:49:00Z,46.527612,12.01731,2356.585122
2026-10-02T12:49:01Z,46.527617,12.017313,2356.800894
2026-10-02T12:49:02Z,46.527621,12.017316,2357.013412
2026-10-02T12:49:03Z,46.527625,12.017318,2357.219527
2026-10-02T12:49:04Z,46.527628,12.01732,2357.416972
2026-10-02T12:49:05Z,46.527632,12.017322,2357.603915
2026-10-02T12:49:06Z,46.527635,12.017323,2357.779349
2026-10-02T12:49:07Z,46.527637,12.017323,2357.943245
2026-10-02T12:49:08Z,46.52764,12.017322,2358.097361
2026-10-02T12:49:09Z,46.527643,12.017323,2358.24581
2026-10-02T12:49:10Z,46.527647,12.017324,2358.394381
2026-10-02T12:49:11Z,46.527652,12.017322,2358.549606
2026-10-02T12:49:12Z,46.527658,12.01732,2358.716513
2026-10-02T12:49:13Z,46.527665,12.017317,2358.898203
2026-10-02T12:49:14Z,46.527672,12.017314,2359.094852
2026-10-02T12:49:15Z,46.527681,12.017309,2359.304174
2026-10-02T12:49:16Z,46.527691,12.017302,2359.52258
2026-10-02T12:49:17Z,46.5277,12.017296,2359.746894
2026-10-02T12:49:18Z,46.527708,12.017291,2359.974319
2026-10-02T12:49:19Z,46.527715,12.017287,2360.202043
2026-10-02T12:49:20Z,46.52772,12.017285,2360.426136
2026-10-02T12:49:21Z,46.527724,12.017284,2360.64306
2026-10-02T12:49:22Z,46.527729,12.017285,2360.851202
2026-10-02T12:49:23Z,46.527734,12.017286,2361.050102
2026-10-02T12:49:24Z,46.527739,12.017288,2361.23948
2026-10-02T12:49:25Z,46.527743,12.017291,2361.420371
2026-10-02T12:49:26Z,46.52775,12.017297,2361.594076
2026-10-02T12:49:27Z,46.527757,12.017304,2361.761027
2026-10-02T12:49:28Z,46.527765,12.01731,2361.921522
2026-10-02T12:49:29Z,46.52777,12.017316,2362.078296
2026-10-02T12:49:30Z,46.527774,12.017321,2362.234055
2026-10-02T12:49:31Z,46.527776,12.017322,2362.391515
2026-10-02T12:49:32Z,46.527777,12.01732,2362.551774
2026-10-02T12:49:33Z,46.527778,12.017318,2362.713647
2026-10-02T12:49:34Z,46.527778,12.017315,2362.872976
2026-10-02T12:49:35Z,46.527778,12.017311,2363.023955
2026-10-02T12:49:36Z,46.527779,12.017308,2363.160204
2026-10-02T12:49:37Z,46.52778,12.017304,2363.276731
2026-10-02T12:49:38Z,46.527782,12.0173,2363.372918
2026-10-02T12:49:39Z,46.527783,12.017296,2363.451582
2026-10-02T12:49:40Z,46.527786,12.017292,2363.518167
2026-10-02T12:49:41Z,46.527789,12.017288,2363.579865
2026-10-02T12:49:42Z,46.527793,12.017284,2363.644721
2026-10-02T12:49:43Z,46.527798,12.01728,2363.719531
2026-10-02T12:49:44Z,46.527806,12.017276,2363.809915
2026-10-02T12:49:45Z,46.527814,12.017274,2363.919391
2026-10-02T12:49:46Z,46.527822,12.017272,2364.048683
2026-10-02T12:49:47Z,46.527828,12.017272,2364.195866
2026-10-02T12:49:48Z,46.527832,12.017273,2364.354765
2026-10-02T12:49:49Z,46.527835,12.017276,2364.517404
2026-10-02T12:49:50Z,46.527837,12.017277,2364.676152
2026-10-02T12:49:51Z,46.527839,12.017278,2364.825446
2026-10-02T12:49:52Z,46.527841,12.017277,2364.961494
2026-10-02T12:49:53Z,46.527843,12.017275,2365.082022
2026-10-02T12:49:54Z,46.527844,12.017273,2365.186199
2026-10-02T12:49:55Z,46.527845,12.017271,2365.274453
2026-10-02T12:49:56Z,46.527846,12.017268,2365.348328
2026-10-02T12:49:57Z,46.527847,12.017265,2365.410324
2026-10-02T12:49:58Z,46.527848,12.017261,2365.464717
2026-10-02T12:49:59Z,46.527849,12.017257,2365.51645
2026-10-02T12:50:00Z,46.52785,12.017252,2365.569059
2026-10-02T12:50:01Z,46.527851,12.017247,2365.625305
2026-10-02T12:50:02Z,46.527852,12.017243,2365.687508
2026-10-02T12:50:03Z,46.527853,12.017239,2365.7577
2026-10-02T12:50:04Z,46.527854,12.017237,2365.837391
2026-10-02T12:50:05Z,46.527856,12.017235,2365.928854
2026-10-02T12:50:06Z,46.527859,12.017235,2366.033022
2026-10-02T12:50:07Z,46.527862,12.017235,2366.149639
2026-10-02T12:50:08Z,46.527865,12.017235,2366.276564
2026-10-02T12:50:09Z,46.527867,12.017235,2366.409393
2026-10-02T12:50:10Z,46.527868,12.017235,2366.541711
2026-10-02T12:50:11Z,46.527868,12.017234,2366.666364
2026-10-02T12:50:12Z,46.527868,12.017234,2366.776569
2026-10-02T12:50:13Z,46.527867,12.017233,2366.867229
2026-10-02T12:50:14Z,46.527866,12.017232,2366.935644
2026-10-02T12:50:15Z,46.527864,12.017231,2366.98187
2026-10-02T12:50:16Z,46.527863,12.017229,2367.00814
2026-10-02T12:50:17Z,46.527861,12.017226,2367.018038
2026-10-02T12:50:18Z,46.527859,12.017223,2367.015356
2026-10-02T12:50:19Z,46.527857,12.01722,2367.004652
2026-10-02T12:50:20Z,46.527855,12.017216,2366.989563
2026-10-02T12:50:21Z,46.527853,12.017213,2366.972528
2026-10-02T12:50:22Z,46.527851,12.01721,2366.95518
2026-10-02T12:50:23Z,46.52785,12.017208,2366.938921
2026-10-02T12:50:24Z,46.527848,12.017205,2366.92436
2026-10-02T12:50:25Z,46.527846,12.017202,2366.912338
2026-10-02T12:50:26Z,46.527843,12.0172,2366.904306
2026-10-02T12:50:27Z,46.52784,12.017198,2366.901577
2026-10-02T12:50:28Z,46.527837,12.017195,2366.904441
2026-10-02T12:50:29Z,46.527833,12.017193,2366.912483
2026-10-02T12:50:30Z,46.527829,12.017191,2366.924395
2026-10-02T12:50:31Z,46.527825,12.017189,2366.937896
2026-10-02T12:50:32Z,46.527821,12.017187,2366.950588
2026-10-02T12:50:33Z,46.527817,12.017185,2366.961075
2026-10-02T12:50:34Z,46.527814,12.017183,2366.969076
2026-10-02T12:50:35Z,46.527812,12.017181,2366.975163
2026-10-02T12:50:36Z,46.52781,12.017179,2366.981023
2026-10-02T12:50:37Z,46.527808,12.017178,2366.988706
2026-10-02T12:50:38Z,46.527806,12.017177,2366.99949
2026-10-02T12:50:39Z,46.527805,12.017177,2367.013062
2026-10-02T12:50:40Z,46.527804,12.017178,2367.027825
2026-10-02T12:50:41Z,46.527804,12.01718,2367.041196
2026-10-02T12:50:42Z,46.527805,12.017182,2367.050112
2026-10-02T12:50:43Z,46.527806,12.017184,2367.052098
2026-10-02T12:50:44Z,46.527807,12.017186,2367.046184
2026-10-02T12:50:45Z,46.527809,12.017189,2367.033087
2026-10-02T12:50:46Z,46.52781,12.017192,2367.014472
2026-10-02T12:50:47Z,46.527813,12.017196,2366.992545
2026-10-02T12:50:48Z,46.527815,12.017199,2366.969489
2026-10-02T12:50:49Z,46.527818,12.017203,2366.946981
2026-10-02T12:50:50Z,46.527821,12.017206,2366.925628
2026-10-02T12:50:51Z,46.527825,12.01721,2366.905602
2026-10-02T12:50:52Z,46.527828,12.017213,2366.887203
2026-10-02T12:50:53Z,46.527831,12.017216,2366.871031
2026-10-02T12:50:54Z,46.527834,12.017219,2366.857052
2026-10-02T12:50:55Z,46.527837,12.017221,2366.846519
2026-10-02T12:50:56Z,46.527841,12.017223,2366.840609
2026-10-02T12:50:57Z,46.527844,12.017224,2366.840277
2026-10-02T12:50:58Z,46.527847,12.017226,2366.847181
2026-10-02T12:50:59Z,46.52785,12.017227,2366.863815
2026-10-02T12:51:00Z,46.527854,12.017227,2366.893093
2026-10-02T12:51:01Z,46.527859,12.017229,2366.938262
2026-10-02T12:51:02Z,46.527865,12.01723,2367.002301
2026-10-02T12:51:03Z,46.527869,12.017232,2367.08851
2026-10-02T12:51:04Z,46.527874,12.017233,2367.198723
2026-10-02T12:51:05Z,46.52788,12.017232,2367.332392
2026-10-02T12:51:06Z,46.527887,12.017231,2367.487523
2026-10-02T12:51:07Z,46.527894,12.017229,2367.66161
2026-10-02T12:51:08Z,46.5279,12.017227,2367.849608
2026-10-02T12:51:09Z,46.527906,12.017224,2368.046777
2026-10-02T12:51:10Z,46.52791,12.017222,2368.249176
2026-10-02T12:51:11Z,46.527914,12.017219,2368.453086
2026-10-02T12:51:12Z,46.527918,12.017217,2368.654712
2026-10-02T12:51:13Z,46.52792,12.017216,2368.848949
2026-10-02T12:51:14Z,46.527922,12.017214,2369.02979
2026-10-02T12:51:15Z,46.527924,12.017213,2369.191018
2026-10-02T12:51:16Z,46.527925,12.017213,2369.327396
2026-10-02T12:51:17Z,46.527925,12.017212,2369.435125
2026-10-02T12:51:18Z,46.527926,12.017212,2369.513825
2026-10-02T12:51:19Z,46.527926,12.017212,2369.566002
2026-10-02T12:51:20Z,46.527927,12.017211,2369.595918
2026-10-02T12:51:21Z,46.527927,12.017212,2369.608522
2026-10-02T12:51:22Z,46.527927,12.017212,2369.609656
2026-10-02T12:51:23Z,46.527927,12.017213,2369.605501
2026-10-02T12:51:24Z,46.527927,12.017214,2369.601873
2026-10-02T12:51:25Z,46.527927,12.017215,2369.603729
2026-10-02T12:51:26Z,46.527927,12.017216,2369.614447
2026-10-02T12:51:27Z,46.527927,12.017216,2369.635449
2026-10-02T12:51:28Z,46.527927,12.017217,2369.66582
2026-10-02T12:51:29Z,46.527927,12.017217,2369.702325
2026-10-02T12:51:30Z,46.527927,12.017217,2369.740971
2026-10-02T12:51:31Z,46.527926,12.017216,2369.778009
2026-10-02T12:51:32Z,46.527926,12.017215,2369.810299
2026-10-02T12:51:33Z,46.527926,12.017214,2369.835379
2026-10-02T12:51:34Z,46.527926,12.017213,2369.852128
2026-10-02T12:51:35Z,46.527926,12.017212,2369.859973
2026-10-02T12:51:36Z,46.527925,12.01721,2369.859
2026-10-02T12:51:37Z,46.527925,12.017208,2369.850085
2026-10-02T12:51:38Z,46.527925,12.017205,2369.83501
2026-10-02T12:51:39Z,46.527924,12.017202,2369.816395
2026-10-02T12:51:40Z,46.527924,12.017199,2369.797434
2026-10-02T12:51:41Z,46.527923,12.017195,2369.781207
2026-10-02T12:51:42Z,46.527922,12.017192,2369.770025
2026-10-02T12:51:43Z,46.527921,12.01719,2369.76513
2026-10-02T12:51:44Z,46.52792,12.017188,2369.766975
2026-10-02T12:51:45Z,46.527919,12.017188,2369.774992
2026-10-02T12:51:46Z,46.527917,12.017189,2369.787835
2026-10-02T12:51:47Z,46.527916,12.017189,2369.804352
2026-10-02T12:51:48Z,46.527914,12.01719,2369.823802
2026-10-02T12:51:49Z,46.527912,12.017191,2369.845218
2026-10-02T12:51:50Z,46.52791,12.017192,2369.867998
2026-10-02T12:51:51Z,46.527908,12.017193,2369.892799
2026-10-02T12:51:52Z,46.527907,12.017193,2369.919482
2026-10-02T12:51:53Z,46.527905,12.017194,2369.947514
2026-10-02T12:51:54Z,46.527904,12.017194,2369.975831
2026-10-02T12:51:55Z,46.527903,12.017193,2370.002643
2026-10-02T12:51:56Z,46.527902,12.017193,2370.024322
2026-10-02T12:51:57Z,46.527901,12.017193,2370.037493
2026-10-02T12:51:58Z,46.5279,12.017194,2370.039236
2026-10-02T12:51:59Z,46.527898,12.017195,2370.028134
2026-10-02T12:52:00Z,46.527897,12.017196,2370.004552
2026-10-02T12:52:01Z,46.527895,12.017197,2369.971228
2026-10-02T12:52:02Z,46.527893,12.017199,2369.933088
2026-10-02T12:52:03Z,46.52789,12.017201,2369.895881
2026-10-02T12:52:04Z,46.527888,12.017204,2369.864579
2026-10-02T12:52:05Z,46.527885,12.017207,2369.84213
2026-10-02T12:52:06Z,46.527882,12.01721,2369.829196
2026-10-02T12:52:07Z,46.527879,12.017213,2369.824558
2026-10-02T12:52:08Z,46.527877,12.017216,2369.825992
2026-10-02T12:52:09Z,46.527874,12.017219,2369.831505
2026-10-02T12:52:10Z,46.527872,12.017222,2369.838925
2026-10-02T12:52:11Z,46.52787,12.017225,2369.846657
2026-10-02T12:52:12Z,46.527868,12.017227,2369.85338
2026-10-02T12:52:13Z,46.527867,12.017229,2369.857891
2026-10-02T12:52:14Z,46.527866,12.017231,2369.858776
2026-10-02T12:52:15Z,46.527866,12.017233,2369.856016
2026-10-02T12:52:16Z,46.527866,12.017235,2369.849754
2026-10-02T12:52:17Z,46.527868,12.017236,2369.839884
2026-10-02T12:52:18Z,46.52787,12.017236,2369.826087
2026-10-02T12:52:19Z,46.527872,12.017235,2369.808662
2026-10-02T12:52:20Z,46.527873,12.017236,2369.788938
2026-10-02T12:52:21Z,46.527873,12.017236,2369.769244
2026-10-02T12:52:22Z,46.527873,12.017237,2369.752651
2026-10-02T12:52:23Z,46.527873,12.017237,2369.741396
2026-10-02T12:52:24Z,46.527873,12.017237,2369.736639
2026-10-02T12:52:25Z,46.527873,12.017238,2369.737765
2026-10-02T12:52:26Z,46.527874,12.017238,2369.742718
2026-10-02T12:52:27Z,46.527874,12.017238,2369.748333
2026-10-02T12:52:28Z,46.527875,12.017237,2369.752356
2026-10-02T12:52:29Z,46.527876,12.017237,2369.752512
2026-10-02T12:52:30Z,46.527876,12.017236,2369.747204
2026-10-02T12:52:31Z,46.527877,12.017235,2369.736522
2026-10-02T12:52:32Z,46.527878,12.017234,2369.722315
2026-10-02T12:52:33Z,46.527878,12.017233,2369.707302
2026-10-02T12:52:34Z,46.527879,12.017231,2369.695484
2026-10-02T12:52:35Z,46.52788,12.01723,2369.691603
2026-10-02T12:52:36Z,46.527881,12.017227,2369.698465
2026-10-02T12:52:37Z,46.527883,12.017224,2369.717062
2026-10-02T12:52:38Z,46.527884,12.017221,2369.74713
2026-10-02T12:52:39Z,46.527886,12.017218,2369.786597
2026-10-02T12:52:40Z,46.527887,12.017216,2369.831045
2026-10-02T12:52:41Z,46.527889,12.017214,2369.874803
2026-10-02T12:52:42Z,46.52789,12.017212,2369.912378
2026-10-02T12:52:43Z,46.52789,12.01721,2369.939748
2026-10-02T12:52:44Z,46.52789,12.01721,2369.955182
2026-10-02T12:52:45Z,46.52789,12.017209,2369.960106
2026-10-02T12:52:46Z,46.52789,12.017209,2369.958487
2026-10-02T12:52:47Z,46.527889,12.017208,2369.954999
2026-10-02T12:52:48Z,46.527889,12.017208,2369.952987
2026-10-02T12:52:49Z,46.527889,12.017208,2369.953733
2026-10-02T12:52:50Z,46.527889,12.017207,2369.956627
2026-10-02T12:52:51Z,46.52789,12.017207,2369.960444
2026-10-02T12:52:52Z,46.527892,12.017206,2369.963791
2026-10-02T12:52:53Z,46.527894,12.017205,2369.965633
2026-10-02T12:52:54Z,46.527895,12.017204,2369.965787
2026-10-02T12:52:55Z,46.527896,12.017203,2369.964983
2026-10-02T12:52:56Z,46.527897,12.017202,2369.964271
2026-10-02T12:52:57Z,46.527898,12.017201,2369.964899
2026-10-02T12:52:58Z,46.527898,12.0172,2369.968616
2026-10-02T12:52:59Z,46.527898,12.0172,2369.976317
2026-10-02T12:53:00Z,46.527898,12.0172,2369.988159
2026-10-02T12:53:01Z,46.527898,12.0172,2370.003253
2026-10-02T12:53:02Z,46.527898,12.0172,2370.019804
2026-10-02T12:53:03Z,46.527898,12.0172,2370.034946
2026-10-02T12:53:04Z,46.527898,12.017201,2370.046172
2026-10-02T12:53:05Z,46.527898,12.017201,2370.051377
2026-10-02T12:53:06Z,46.527898,12.017201,2370.049384
2026-10-02T12:53:07Z,46.527898,12.017201,2370.040045
2026-10-02T12:53:08Z,46.527898,12.017201,2370.024747
2026-10-02T12:53:09Z,46.527898,12.017201,2370.005742
2026-10-02T12:53:10Z,46.527898,12.017201,2369.985797
2026-10-02T12:53:11Z,46.527899,12.017201,2369.967712
2026-10-02T12:53:12Z,46.5279,12.0172,2369.95469
2026-10-02T12:53:13Z,46.527902,12.0172,2369.954907
2026-10-02T12:53:14Z,46.527903,12.017199,2369.95874
2026-10-02T12:53:15Z,46.527904,12.017198,2369.962992
2026-10-02T12:53:16Z,46.527905,12.017196,2369.964827
2026-10-02T12:53:17Z,46.527907,12.017195,2369.961274
2026-10-02T12:53:18Z,46.527908,12.017193,2369.949403
2026-10-02T12:53:19Z,46.527909,12.017192,2369.925878
2026-10-02T12:53:20Z,46.52791,12.017191,2369.886444
2026-10-02T12:53:21Z,46.527911,12.017191,2369.825202
2026-10-02T12:53:22Z,46.527911,12.01719,2369.753335
2026-10-02T12:53:22Z,46.527911,12.01719,2369.745906
2026-10-02T12:53:23Z,46.527912,12.01719,2369.668272
2026-10-02T12:53:24Z,46.527912,12.017191,2369.618241
2026-10-02T12:53:25Z,46.527913,12.017191,2369.587015
2026-10-02T12:53:26Z,46.527913,12.017191,2369.567768
2026-10-02T12:53:27Z,46.527914,12.017192,2369.555467
2026-10-02T12:53:28Z,46.527916,12.017192,2369.546641
2026-10-02T12:53:29Z,46.527917,12.017193,2369.539177
2026-10-02T12:53:30Z,46.527919,12.017193,2369.532083
2026-10-02T12:53:31Z,46.527921,12.017193,2369.525049
2026-10-02T12:53:32Z,46.527924,12.017193,2369.518469
2026-10-02T12:53:33Z,46.527926,12.017194,2369.513308
2026-10-02T12:53:34Z,46.527928,12.017194,2369.510773
2026-10-02T12:53:35Z,46.52793,12.017195,2369.511422
2026-10-02T12:53:36Z,46.527931,12.017195,2369.515612
2026-10-02T12:53:37Z,46.527932,12.017195,2369.523595
2026-10-02T12:53:38Z,46.527932,12.017194,2369.535528
2026-10-02T12:53:39Z,46.527933,12.017193,2369.551559
2026-10-02T12:53:40Z,46.527934,12.017192,2369.57144
2026-10-02T12:53:41Z,46.527934,12.017191,2369.594388
2026-10-02T12:53:42Z,46.527934,12.017189,2369.618911
2026-10-02T12:53:43Z,46.527934,12.017189,2369.64334
2026-10-02T12:53:44Z,46.527934,12.017188,2369.666116
2026-10-02T12:53:45Z,46.527933,12.017188,2369.686273
2026-10-02T12:53:46Z,46.527932,12.017188,2369.703458
2026-10-02T12:53:47Z,46.52793,12.017188,2369.718022
2026-10-02T12:53:48Z,46.527929,12.017189,2369.730031
2026-10-02T12:53:49Z,46.527929,12.01719,2369.739818
2026-10-02T12:53:50Z,46.527928,12.01719,2369.747914
2026-10-02T12:53:51Z,46.527927,12.017191,2369.754801
2026-10-02T12:53:52Z,46.527927,12.017193,2369.760197
2026-10-02T12:53:53Z,46.527928,12.017195,2369.763986
2026-10-02T12:53:54Z,46.527929,12.017198,2369.766069
2026-10-02T12:53:55Z,46.52793,12.017201,2369.76641
2026-10-02T12:53:56Z,46.527932,12.017205,2369.763521
2026-10-02T12:53:57Z,46.527934,12.017211,2369.755466
2026-10-02T12:53:58Z,46.527937,12.01722,2369.74257
2026-10-02T12:53:59Z,46.52794,12.01723,2369.72632
2026-10-02T12:54:00Z,46.527943,12.01724,2369.707066
2026-10-02T12:54:01Z,46.527945,12.017251,2369.688806
2026-10-02T12:54:02Z,46.527948,12.01726,2369.676707
2026-10-02T12:54:03Z,46.527951,12.017268,2369.674618
2026-10-02T12:54:04Z,46.527953,12.017275,2369.685197
2026-10-02T12:54:05Z,46.527955,12.017282,2369.714198
2026-10-02T12:54:06Z,46.527956,12.017287,2369.767284
2026-10-02T12:54:07Z,46.527956,12.017291,2369.848724
2026-10-02T12:54:08Z,46.527958,12.017295,2369.958826
2026-10-02T12:54:09Z,46.52796,12.017299,2370.093369
2026-10-02T12:54:10Z,46.527962,12.017302,2370.242614
2026-10-02T12:54:11Z,46.527966,12.017305,2370.390873
2026-10-02T12:54:12Z,46.527969,12.017307,2370.521479
2026-10-02T12:54:13Z,46.527973,12.017307,2370.621937
2026-10-02T12:54:14Z,46.527975,12.017307,2370.688341
2026-10-02T12:54:15Z,46.527977,12.017307,2370.722669
2026-10-02T12:54:16Z,46.527978,12.017307,2370.731293
2026-10-02T12:54:17Z,46.52798,12.017307,2370.722662
2026-10-02T12:54:18Z,46.527982,12.017307,2370.705993
2026-10-02T12:54:19Z,46.527984,12.017307,2370.686278
2026-10-02T12:54:20Z,46.527986,12.017308,2370.667592
2026-10-02T12:54:21Z,46.527988,12.017309,2370.653955
2026-10-02T12:54:22Z,46.527989,12.01731,2370.648619
2026-10-02T12:54:23Z,46.52799,12.01731,2370.650421
2026-10-02T12:54:24Z,46.52799,12.017311,2370.657338
2026-10-02T12:54:25Z,46.527991,12.017312,2370.665588
2026-10-02T12:54:26Z,46.527991,12.017312,2370.670984
2026-10-02T12:54:27Z,46.52799,12.017313,2370.669306
2026-10-02T12:54:28Z,46.527989,12.017313,2370.660331
2026-10-02T12:54:29Z,46.527988,12.017313,2370.647383
2026-10-02T12:54:30Z,46.527987,12.017314,2370.635907
2026-10-02T12:54:31Z,46.527985,12.017316,2370.630743
2026-10-02T12:54:32Z,46.527983,12.017317,2370.636833
2026-10-02T12:54:33Z,46.527982,12.017319,2370.655116
2026-10-02T12:54:34Z,46.527981,12.017322,2370.682494
2026-10-02T12:54:35Z,46.52798,12.017325,2370.713995
2026-10-02T12:54:36Z,46.52798,12.017329,2370.746216
2026-10-02T12:54:37Z,46.527981,12.017333,2370.777771
2026-10-02T12:54:38Z,46.527983,12.017338,2370.810436
2026-10-02T12:54:39Z,46.527985,12.017343,2370.848779
2026-10-02T12:54:40Z,46.527989,12.017349,2370.898917
2026-10-02T12:54:41Z,46.527993,12.017355,2370.965657
2026-10-02T12:54:42Z,46.527998,12.017362,2371.050686
2026-10-02T12:54:43Z,46.528002,12.017368,2371.153138
2026-10-02T12:54:44Z,46.528006,12.017374,2371.270546
2026-10-02T12:54:45Z,46.528009,12.017379,2371.398562
2026-10-02T12:54:46Z,46.528012,12.017383,2371.532919
2026-10-02T12:54:47Z,46.528014,12.017387,2371.670959
2026-10-02T12:54:48Z,46.528016,12.017389,2371.810933
2026-10-02T12:54:49Z,46.528019,12.01739,2371.950722
2026-10-02T12:54:50Z,46.528021,12.017391,2372.087912
2026-10-02T12:54:51Z,46.528025,12.017392,2372.219826
2026-10-02T12:54:52Z,46.528028,12.017391,2372.344728
2026-10-02T12:54:53Z,46.528033,12.017391,2372.462714
2026-10-02T12:54:54Z,46.528038,12.017389,2372.576392
2026-10-02T12:54:55Z,46.528044,12.017387,2372.6889
2026-10-02T12:54:56Z,46.528049,12.017383,2372.803718
2026-10-02T12:54:57Z,46.528054,12.017379,2372.923661
2026-10-02T12:54:58Z,46.528057,12.017375,2373.050916
2026-10-02T12:54:59Z,46.528058,12.017371,2373.186644
2026-10-02T12:55:00Z,46.528059,12.017368,2373.330525
2026-10-02T12:55:01Z,46.52806,12.017364,2373.480954
2026-10-02T12:55:02Z,46.528062,12.01736,2373.635226
2026-10-02T12:55:03Z,46.528065,12.017355,2373.790477
2026-10-02T12:55:04Z,46.52807,12.01735,2373.945317
2026-10-02T12:55:05Z,46.528075,12.017345,2374.099399
2026-10-02T12:55:06Z,46.528081,12.017342,2374.254084
2026-10-02T12:55:07Z,46.528085,12.01734,2374.411571
2026-10-02T12:55:08Z,46.52809,12.017339,2374.572123
2026-10-02T12:55:09Z,46.528095,12.017337,2374.735772
2026-10-02T12:55:10Z,46.528102,12.017334,2374.90246
2026-10-02T12:55:11Z,46.528109,12.017331,2375.071359
2026-10-02T12:55:12Z,46.528115,12.017327,2375.240395
2026-10-02T12:55:13Z,46.52812,12.017324,2375.407306
2026-10-02T12:55:14Z,46.528123,12.017321,2375.568032
2026-10-02T12:55:15Z,46.528126,12.017319,2375.71787
2026-10-02T12:55:16Z,46.528128,12.017317,2375.851697
2026-10-02T12:55:17Z,46.52813,12.017315,2375.966026
2026-10-02T12:55:18Z,46.528131,12.017314,2376.059812
2026-10-02T12:55:19Z,46.528131,12.017313,2376.134384
2026-10-02T12:55:20Z,46.528132,12.017312,2376.192951
2026-10-02T12:55:21Z,46.528131,12.017312,2376.239546
2026-10-02T12:55:22Z,46.528131,12.017312,2376.27785
2026-10-02T12:55:23Z,46.528131,12.017312,2376.310017
2026-10-02T12:55:24Z,46.528131,12.017311,2376.336643
2026-10-02T12:55:25Z,46.528132,12.01731,2376.357428
2026-10-02T12:55:26Z,46.528132,12.017309,2376.371716
2026-10-02T12:55:27Z,46.528133,12.017308,2376.378823
2026-10-02T12:55:28Z,46.528133,12.017306,2376.378437
2026-10-02T12:55:29Z,46.528134,12.017304,2376.370842
2026-10-02T12:55:30Z,46.528134,12.017302,2376.35646
2026-10-02T12:55:31Z,46.528135,12.0173,2376.336276
2026-10-02T12:55:32Z,46.528135,12.017298,2376.311693
2026-10-02T12:55:33Z,46.528135,12.017297,2376.2845
2026-10-02T12:55:34Z,46.528135,12.017297,2376.256402
2026-10-02T12:55:35Z,46.528136,12.017296,2376.22858
2026-10-02T12:55:36Z,46.528136,12.017296,2376.203105
2026-10-02T12:55:37Z,46.528136,12.017296,2376.182555
2026-10-02T12:55:38Z,46.528136,12.017296,2376.169788
2026-10-02T12:55:39Z,46.528136,12.017296,2376.165566
2026-10-02T12:55:40Z,46.528136,12.017297,2376.170252
2026-10-02T12:55:41Z,46.528136,12.017297,2376.183815
2026-10-02T12:55:42Z,46.528136,12.017297,2376.205994
2026-10-02T12:55:43Z,46.528136,12.017298,2376.236365
2026-10-02T12:55:44Z,46.528136,12.017298,2376.274578
2026-10-02T12:55:45Z,46.528136,12.017298,2376.319141
2026-10-02T12:55:46Z,46.528136,12.017299,2376.366769
2026-10-02T12:55:47Z,46.528137,12.0173,2376.413259
2026-10-02T12:55:48Z,46.528137,12.0173,2376.455514
2026-10-02T12:55:49Z,46.528138,12.017301,2376.491932
2026-10-02T12:55:50Z,46.528139,12.017301,2376.522532
2026-10-02T12:55:51Z,46.52814,12.017302,2376.548358
2026-10-02T12:55:52Z,46.52814,12.017302,2376.570603
2026-10-02T12:55:53Z,46.52814,12.017303,2376.589906
2026-10-02T12:55:54Z,46.52814,12.017303,2376.606432
2026-10-02T12:55:55Z,46.52814,12.017304,2376.619834
2026-10-02T12:55:56Z,46.528141,12.017304,2376.629197
2026-10-02T12:55:57Z,46.528142,12.017304,2376.633392
2026-10-02T12:55:58Z,46.528143,12.017304,2376.631895
2026-10-02T12:55:59Z,46.528145,12.017305,2376.625156
2026-10-02T12:56:00Z,46.528146,12.017305,2376.614371
2026-10-02T12:56:01Z,46.528147,12.017306,2376.601399
2026-10-02T12:56:02Z,46.528147,12.017307,2376.58806
2026-10-02T12:56:03Z,46.528146,12.017308,2376.5756
2026-10-02T12:56:04Z,46.528145,12.017308,2376.564232
2026-10-02T12:56:05Z,46.528144,12.017309,2376.553316
2026-10-02T12:56:06Z,46.528142,12.01731,2376.541303
2026-10-02T12:56:07Z,46.528141,12.017312,2376.526973
2026-10-02T12:56:08Z,46.528139,12.017313,2376.509705
2026-10-02T12:56:09Z,46.528137,12.017315,2376.48974
2026-10-02T12:56:10Z,46.528135,12.017316,2376.467748
2026-10-02T12:56:11Z,46.528134,12.017318,2376.445315
2026-10-02T12:56:12Z,46.528134,12.017319,2376.424271
2026-10-02T12:56:13Z,46.528133,12.01732,2376.406202
2026-10-02T12:56:14Z,46.528133,12.017321,2376.391624
2026-10-02T12:56:15Z,46.528133,12.017322,2376.381825
2026-10-02T12:56:16Z,46.528132,12.017322,2376.377227
2026-10-02T12:56:17Z,46.528132,12.017322,2376.37713
2026-10-02T12:56:18Z,46.528132,12.017322,2376.379924
2026-10-02T12:56:19Z,46.528132,12.017322,2376.38468
2026-10-02T12:56:20Z,46.528132,12.017322,2376.390513
2026-10-02T12:56:21Z,46.528132,12.017321,2376.397301
2026-10-02T12:56:22Z,46.528131,12.017321,2376.405722
2026-10-02T12:56:23Z,46.528131,12.01732,2376.417238
2026-10-02T12:56:24Z,46.52813,12.017319,2376.432153
2026-10-02T12:56:25Z,46.528129,12.017318,2376.449148
2026-10-02T12:56:26Z,46.528128,12.017317,2376.465809
2026-10-02T12:56:27Z,46.528127,12.017315,2376.479633
2026-10-02T12:56:28Z,46.528126,12.017314,2376.489033
2026-10-02T12:56:29Z,46.528124,12.017312,2376.494011
2026-10-02T12:56:30Z,46.528122,12.01731,2376.496184
2026-10-02T12:56:31Z,46.52812,12.017308,2376.498036
2026-10-02T12:56:32Z,46.528118,12.017306,2376.502174
2026-10-02T12:56:33Z,46.528116,12.017304,2376.51016
2026-10-02T12:56:34Z,46.528114,12.017303,2376.522457
2026-10-02T12:56:35Z,46.528112,12.017302,2376.538491
2026-10-02T12:56:36Z,46.528111,12.017302,2376.556988
2026-10-02T12:56:37Z,46.52811,12.017302,2376.576544
2026-10-02T12:56:38Z,46.528109,12.017302,2376.594851
2026-10-02T12:56:39Z,46.528109,12.017302,2376.609438
2026-10-02T12:56:40Z,46.528108,12.017303,2376.618285
2026-10-02T12:56:41Z,46.528108,12.017303,2376.619945
2026-10-02T12:56:42Z,46.528107,12.017304,2376.612907
2026-10-02T12:56:43Z,46.528107,12.017306,2376.596666
2026-10-02T12:56:44Z,46.528107,12.017307,2376.571633
2026-10-02T12:56:45Z,46.528107,12.017309,2376.538247
2026-10-02T12:56:46Z,46.528107,12.01731,2376.497295
2026-10-02T12:56:47Z,46.528106,12.017311,2376.450651
2026-10-02T12:56:48Z,46.528106,12.017312,2376.401641
2026-10-02T12:56:49Z,46.528106,12.017313,2376.354588
2026-10-02T12:56:50Z,46.528105,12.017313,2376.314351
2026-10-02T12:56:51Z,46.528105,12.017313,2376.285325
2026-10-02T12:56:52Z,46.528104,12.017313,2376.270398
2026-10-02T12:56:53Z,46.528104,12.017313,2376.270057
2026-10-02T12:56:54Z,46.528104,12.017313,2376.282406
2026-10-02T12:56:55Z,46.528104,12.017313,2376.304152
2026-10-02T12:56:56Z,46.528103,12.017313,2376.331548
2026-10-02T12:56:57Z,46.528103,12.017313,2376.361128
2026-10-02T12:56:58Z,46.528103,12.017312,2376.390237
2026-10-02T12:56:59Z,46.528103,12.017312,2376.417307
2026-10-02T12:57:00Z,46.528103,12.017311,2376.441605
2026-10-02T12:57:01Z,46.528103,12.017311,2376.462907
2026-10-02T12:57:02Z,46.528103,12.017311,2376.481275
2026-10-02T12:57:03Z,46.528103,12.01731,2376.496855
2026-10-02T12:57:04Z,46.528103,12.01731,2376.510239
2026-10-02T12:57:05Z,46.528103,12.01731,2376.521987
2026-10-02T12:57:06Z,46.528103,12.017309,2376.532692
2026-10-02T12:57:07Z,46.528104,12.017309,2376.543346
2026-10-02T12:57:08Z,46.528105,12.017309,2376.555632
2026-10-02T12:57:09Z,46.528107,12.01731,2376.569919
2026-10-02T12:57:10Z,46.528108,12.017311,2376.586202
2026-10-02T12:57:11Z,46.52811,12.017313,2376.604407
2026-10-02T12:57:12Z,46.528112,12.017314,2376.624465
2026-10-02T12:57:13Z,46.528113,12.017316,2376.645099
2026-10-02T12:57:14Z,46.528114,12.017317,2376.665174
2026-10-02T12:57:15Z,46.528114,12.017319,2376.683552
2026-10-02T12:57:16Z,46.528115,12.01732,2376.698285
2026-10-02T12:57:17Z,46.528117,12.017322,2376.708188
2026-10-02T12:57:18Z,46.528118,12.017324,2376.713562
2026-10-02T12:57:19Z,46.52812,12.017326,2376.717564
2026-10-02T12:57:20Z,46.528122,12.017328,2376.726092
2026-10-02T12:57:21Z,46.528126,12.01733,2376.746537
2026-10-02T12:57:22Z,46.52813,12.017332,2376.78559
2026-10-02T12:57:23Z,46.528134,12.017334,2376.848521
2026-10-02T12:57:24Z,46.528139,12.017335,2376.937908
2026-10-02T12:57:25Z,46.528145,12.017336,2377.053034
2026-10-02T12:57:26Z,46.528152,12.017336,2377.191256
2026-10-02T12:57:27Z,46.528159,12.017337,2377.348085
2026-10-02T12:57:28Z,46.528165,12.017338,2377.51772
2026-10-02T12:57:29Z,46.52817,12.017338,2377.693166
2026-10-02T12:57:30Z,46.528174,12.017339,2377.869215
2026-10-02T12:57:31Z,46.528178,12.017339,2378.041532
2026-10-02T12:57:32Z,46.528183,12.017339,2378.207244
2026-10-02T12:57:33Z,46.528187,12.01734,2378.36524
2026-10-02T12:57:34Z,46.528193,12.017341,2378.517318
2026-10-02T12:57:35Z,46.528198,12.017343,2378.665183
2026-10-02T12:57:36Z,46.528205,12.017345,2378.811763
2026-10-02T12:57:37Z,46.528211,12.017349,2378.960477
2026-10-02T12:57:38Z,46.528214,12.017353,2379.114046
2026-10-02T12:57:39Z,46.528216,12.017358,2379.271277
2026-10-02T12:57:40Z,46.528217,12.017363,2379.43095
2026-10-02T12:57:41Z,46.528217,12.017365,2379.591137
2026-10-02T12:57:42Z,46.528216,12.017366,2379.750262
2026-10-02T12:57:43Z,46.528216,12.017366,2379.905103
2026-10-02T12:57:44Z,46.528215,12.017365,2380.055337
2026-10-02T12:57:45Z,46.528214,12.017364,2380.203309
2026-10-02T12:57:46Z,46.528213,12.017364,2380.352995
2026-10-02T12:57:47Z,46.528212,12.017362,2380.508359
2026-10-02T12:57:48Z,46.528211,12.017361,2380.671335
2026-10-02T12:57:49Z,46.52821,12.01736,2380.839584
2026-10-02T12:57:50Z,46.528208,12.017358,2381.005855
2026-10-02T12:57:51Z,46.528207,12.017357,2381.160466
2026-10-02T12:57:52Z,46.528205,12.017355,2381.295279
2026-10-02T12:57:53Z,46.528204,12.017354,2381.40608
2026-10-02T12:57:54Z,46.528203,12.017353,2381.49257
2026-10-02T12:57:55Z,46.528202,12.017353,2381.557285
2026-10-02T12:57:56Z,46.528201,12.017352,2381.604442
2026-10-02T12:57:57Z,46.528201,12.017352,2381.638968
2026-10-02T12:57:58Z,46.528201,12.017352,2381.665397
2026-10-02T12:57:59Z,46.528201,12.017352,2381.687352
2026-10-02T12:58:00Z,46.5282,12.017352,2381.707232
2026-10-02T12:58:01Z,46.5282,12.017352,2381.725962
2026-10-02T12:58:02Z,46.5282,12.017352,2381.743457
2026-10-02T12:58:03Z,46.5282,12.017352,2381.759289
2026-10-02T12:58:04Z,46.5282,12.017351,2381.772933
2026-10-02T12:58:05Z,46.5282,12.017351,2381.783898
2026-10-02T12:58:06Z,46.5282,12.017351,2381.7916
2026-10-02T12:58:07Z,46.5282,12.017351,2381.795743
2026-10-02T12:58:08Z,46.5282,12.017351,2381.79637
2026-10-02T12:58:09Z,46.5282,12.01735,2381.79379
2026-10-02T12:58:10Z,46.528201,12.017348,2381.788721
2026-10-02T12:58:11Z,46.528199,12.017347,2381.781793
2026-10-02T12:58:12Z,46.528199,12.017345,2381.773466
2026-10-02T12:58:13Z,46.528199,12.017344,2381.763733
2026-10-02T12:58:14Z,46.528199,12.017341,2381.751735
2026-10-02T12:58:15Z,46.528199,12.017338,2381.736104
2026-10-02T12:58:16Z,46.528199,12.017334,2381.715828
2026-10-02T12:58:17Z,46.528199,12.01733,2381.690161
2026-10-02T12:58:18Z,46.528198,12.017326,2381.65829
2026-10-02T12:58:19Z,46.528198,12.017322,2381.620533
2026-10-02T12:58:20Z,46.528198,12.017321,2381.577519
2026-10-02T12:58:21Z,46.528198,12.017321,2381.530834
2026-10-02T12:58:22Z,46.528199,12.017322,2381.483251
2026-10-02T12:58:23Z,46.528202,12.017325,2381.438664
2026-10-02T12:58:24Z,46.528206,12.01733,2381.401081
2026-10-02T12:58:25Z,46.528209,12.017335,2381.374243
2026-10-02T12:58:26Z,46.528213,12.017342,2381.361332
2026-10-02T12:58:27Z,46.528216,12.017349,2381.365414
2026-10-02T12:58:28Z,46.528218,12.017356,2381.388748
2026-10-02T12:58:29Z,46.528219,12.017364,2381.431447
2026-10-02T12:58:30Z,46.528221,12.017373,2381.492256
2026-10-02T12:58:31Z,46.528223,12.017382,2381.569087
2026-10-02T12:58:32Z,46.528225,12.01739,2381.659373
2026-10-02T12:58:33Z,46.528228,12.017398,2381.760201
2026-10-02T12:58:34Z,46.52823,12.017406,2381.870089
2026-10-02T12:58:35Z,46.528233,12.017414,2381.988371
2026-10-02T12:58:36Z,46.528234,12.017422,2382.114165
2026-10-02T12:58:37Z,46.528235,12.01743,2382.245172
2026-10-02T12:58:38Z,46.528236,12.017439,2382.379765
2026-10-02T12:58:39Z,46.528236,12.017449,2382.517747
2026-10-02T12:58:40Z,46.528235,12.01746,2382.66014
2026-10-02T12:58:41Z,46.528233,12.017471,2382.808829
2026-10-02T12:58:42Z,46.528232,12.017482,2382.96537
2026-10-02T12:58:43Z,46.52823,12.017494,2383.12993
2026-10-02T12:58:44Z,46.528228,12.017505,2383.300484
2026-10-02T12:58:45Z,46.528227,12.017515,2383.473429
2026-10-02T12:58:46Z,46.528226,12.017524,2383.644809
2026-10-02T12:58:47Z,46.528225,12.017532,2383.811578
2026-10-02T12:58:48Z,46.528224,12.01754,2383.97196
2026-10-02T12:58:49Z,46.528223,12.017547,2384.125453
2026-10-02T12:58:50Z,46.528222,12.017554,2384.272499
2026-10-02T12:58:51Z,46.528221,12.017561,2384.413942
2026-10-02T12:58:52Z,46.52822,12.01757,2384.551534
2026-10-02T12:58:53Z,46.52822,12.017579,2384.687668
2026-10-02T12:58:54Z,46.52822,12.017589,2384.824744
2026-10-02T12:58:55Z,46.528221,12.0176,2384.96439
2026-10-02T12:58:56Z,46.528221,12.017611,2385.108101
2026-10-02T12:58:57Z,46.528221,12.017622,2385.25725
2026-10-02T12:58:58Z,46.528221,12.017634,2385.41299
2026-10-02T12:58:59Z,46.528221,12.017644,2385.57639
2026-10-02T12:59:00Z,46.52822,12.017654,2385.748392
2026-10-02T12:59:01Z,46.52822,12.017666,2385.929084
2026-10-02T12:59:02Z,46.528221,12.017678,2386.11715
2026-10-02T12:59:03Z,46.528223,12.01769,2386.310297
2026-10-02T12:59:04Z,46.528225,12.017702,2386.505928
2026-10-02T12:59:05Z,46.528228,12.017712,2386.702047
2026-10-02T12:59:06Z,46.528231,12.017724,2386.897573
2026-10-02T12:59:07Z,46.528233,12.017738,2387.09257
2026-10-02T12:59:08Z,46.528236,12.017751,2387.287283
2026-10-02T12:59:09Z,46.528239,12.01776,2387.482331
2026-10-02T12:59:10Z,46.528242,12.017768,2387.678212
2026-10-02T12:59:11Z,46.528244,12.017774,2387.875022
2026-10-02T12:59:12Z,46.528246,12.017783,2388.074054
2026-10-02T12:59:13Z,46.52825,12.017792,2388.284126
2026-10-02T12:59:14Z,46.528254,12.017802,2388.492971
2026-10-02T12:59:15Z,46.528258,12.017811,2388.697838
2026-10-02T12:59:16Z,46.528261,12.017819,2388.897209
2026-10-02T12:59:17Z,46.528264,12.017827,2389.090017
2026-10-02T12:59:18Z,46.528267,12.017834,2389.274907
2026-10-02T12:59:19Z,46.52827,12.01784,2389.449975
2026-10-02T12:59:20Z,46.528274,12.017845,2389.611206
2026-10-02T12:59:21Z,46.528279,12.017849,2389.751475
2026-10-02T12:59:22Z,46.528284,12.017852,2389.854393
2026-10-02T12:59:22Z,46.528285,12.017852,2389.874116
2026-10-02T12:59:23Z,46.52829,12.017856,2390.000626
2026-10-02T12:59:24Z,46.528294,12.017861,2390.161942
2026-10-02T12:59:25Z,46.528298,12.017867,2390.346666
2026-10-02T12:59:26Z,46.528303,12.017872,2390.544732
2026-10-02T12:59:27Z,46.528309,12.017877,2390.748887
2026-10-02T12:59:28Z,46.528315,12.017882,2390.954272
2026-10-02T12:59:29Z,46.52832,12.017888,2391.158188
2026-10-02T12:59:30Z,46.528325,12.017894,2391.359188
2026-10-02T12:59:31Z,46.528329,12.0179,2391.557343
2026-10-02T12:59:32Z,46.528332,12.017905,2391.752904
2026-10-02T12:59:33Z,46.528334,12.017909,2391.945498
2026-10-02T12:59:34Z,46.528337,12.017913,2392.134162
2026-10-02T12:59:35Z,46.52834,12.017919,2392.319173
2026-10-02T12:59:36Z,46.528345,12.017926,2392.501457
2026-10-02T12:59:37Z,46.528349,12.01793,2392.682431
2026-10-02T12:59:38Z,46.528352,12.017934,2392.863334
2026-10-02T12:59:39Z,46.528356,12.017938,2393.044511
2026-10-02T12:59:40Z,46.52836,12.017944,2393.22479
2026-10-02T12:59:41Z,46.528366,12.017953,2393.401827
2026-10-02T12:59:42Z,46.528373,12.017961,2393.572664
2026-10-02T12:59:43Z,46.528379,12.017967,2393.734264
2026-10-02T12:59:44Z,46.528384,12.01797,2393.88428
2026-10-02T12:59:45Z,46.528386,12.017972,2394.021878
2026-10-02T12:59:46Z,46.528388,12.017972,2394.148124
2026-10-02T12:59:47Z,46.528389,12.017972,2394.265508
2026-10-02T12:59:48Z,46.52839,12.017973,2394.377667
2026-10-02T12:59:49Z,46.528391,12.017974,2394.487449
2026-10-02T12:59:50Z,46.528392,12.017976,2394.596937
2026-10-02T12:59:51Z,46.528394,12.017978,2394.707088
2026-10-02T12:59:52Z,46.528395,12.017981,2394.816097
2026-10-02T12:59:53Z,46.528397,12.017984,2394.920572
2026-10-02T12:59:54Z,46.528399,12.017986,2395.016912
2026-10-02T12:59:55Z,46.528401,12.017988,2395.101468
2026-10-02T12:59:56Z,46.528403,12.01799,2395.170535
2026-10-02T12:59:57Z,46.528405,12.017992,2395.220959
2026-10-02T12:59:58Z,46.528406,12.017993,2395.250534
2026-10-02T12:59:59Z,46.528406,12.017994,2395.258918
2026-10-02T13:00:00Z,46.528406,12.017995,2395.248097
2026-10-02T13:00:01Z,46.528406,12.017995,2395.221365
2026-10-02T13:00:02Z,46.528405,12.017995,2395.185681
2026-10-02T13:00:03Z,46.528405,12.017995,2395.148949
2026-10-02T13:00:04Z,46.528405,12.017996,2395.118136
2026-10-02T13:00:05Z,46.528407,12.017998,2395.097753
2026-10-02T13:00:06Z,46.52841,12.018002,2395.091413
2026-10-02T13:00:07Z,46.528412,12.018005,2395.101753
2026-10-02T13:00:08Z,46.528412,12.018005,2395.130406
2026-10-02T13:00:09Z,46.528412,12.018004,2395.177669
2026-10-02T13:00:10Z,46.528412,12.018003,2395.242285
2026-10-02T13:00:11Z,46.528412,12.018002,2395.321189
2026-10-02T13:00:12Z,46.528412,12.018,2395.408331
2026-10-02T13:00:13Z,46.528412,12.017997,2395.496176
2026-10-02T13:00:14Z,46.528411,12.017993,2395.578055
2026-10-02T13:00:15Z,46.528409,12.017989,2395.65003
2026-10-02T13:00:16Z,46.528409,12.017986,2395.71002
2026-10-02T13:00:17Z,46.528408,12.017983,2395.756905
2026-10-02T13:00:18Z,46.528407,12.01798,2395.789765
2026-10-02T13:00:19Z,46.528406,12.017978,2395.807057
2026-10-02T13:00:20Z,46.528405,12.017976,2395.808885
2026-10-02T13:00:21Z,46.528404,12.017973,2395.796189
2026-10-02T13:00:22Z,46.528403,12.017969,2395.771406
2026-10-02T13:00:23Z,46.528401,12.017966,2395.739897
2026-10-02T13:00:24Z,46.5284,12.017962,2395.708728
2026-10-02T13:00:25Z,46.528399,12.017959,2395.683166
2026-10-02T13:00:26Z,46.528398,12.017956,2395.667592
2026-10-02T13:00:27Z,46.528397,12.017953,2395.666816
2026-10-02T13:00:28Z,46.528396,12.017949,2395.683833
2026-10-02T13:00:29Z,46.528395,12.017944,2395.719308
2026-10-02T13:00:30Z,46.528394,12.017939,2395.771044
2026-10-02T13:00:31Z,46.528393,12.017935,2395.833861
2026-10-02T13:00:32Z,46.528393,12.01793,2395.899548
2026-10-02T13:00:33Z,46.528393,12.017926,2395.957795
2026-10-02T13:00:34Z,46.528393,12.017924,2395.999249
2026-10-02T13:00:35Z,46.528394,12.017922,2396.018363
2026-10-02T13:00:36Z,46.528394,12.017921,2396.014231
2026-10-02T13:00:37Z,46.528394,12.017921,2395.989361
2026-10-02T13:00:38Z,46.528394,12.017921,2395.949329
2026-10-02T13:00:39Z,46.528394,12.017921,2395.900515
2026-10-02T13:00:40Z,46.528393,12.017922,2395.848296
2026-10-02T13:00:41Z,46.528393,12.017924,2395.797265
2026-10-02T13:00:42Z,46.528393,12.017926,2395.751299
2026-10-02T13:00:43Z,46.528394,12.017928,2395.713606
2026-10-02T13:00:44Z,46.528394,12.017931,2395.686927
2026-10-02T13:00:45Z,46.528395,12.017933,2395.67392
2026-10-02T13:00:46Z,46.528395,12.017934,2395.675394
2026-10-02T13:00:47Z,46.528395,12.017935,2395.691171
2026-10-02T13:00:48Z,46.528395,12.017936,2395.719676
2026-10-02T13:00:49Z,46.528394,12.017937,2395.757823
2026-10-02T13:00:50Z,46.528393,12.017937,2395.800938
2026-10-02T13:00:51Z,46.528393,12.017938,2395.844018
2026-10-02T13:00:52Z,46.528392,12.017939,2395.881925
2026-10-02T13:00:53Z,46.528392,12.017939,2395.910355
2026-10-02T13:00:54Z,46.528391,12.01794,2395.926787
2026-10-02T13:00:55Z,46.528391,12.01794,2395.930853
2026-10-02T13:00:56Z,46.528391,12.01794,2395.923931
2026-10-02T13:00:57Z,46.52839,12.017939,2395.908845
2026-10-02T13:00:58Z,46.52839,12.017938,2395.889238
2026-10-02T13:00:59Z,46.528389,12.017937,2395.868896
2026-10-02T13:01:00Z,46.528389,12.017936,2395.850742
2026-10-02T13:01:01Z,46.528388,12.017935,2395.836603
2026-10-02T13:01:02Z,46.528388,12.017933,2395.827182
2026-10-02T13:01:03Z,46.528387,12.017931,2395.822185
2026-10-02T13:01:04Z,46.528386,12.017928,2395.820403
2026-10-02T13:01:05Z,46.528385,12.017925,2395.820674
2026-10-02T13:01:06Z,46.528384,12.017923,2395.822446
2026-10-02T13:01:07Z,46.528384,12.017921,2395.825811
2026-10-02T13:01:08Z,46.528383,12.01792,2395.831038
2026-10-02T13:01:09Z,46.528383,12.01792,2395.838869
2026-10-02T13:01:10Z,46.528384,12.017922,2395.84984
2026-10-02T13:01:11Z,46.528384,12.017923,2395.863985
2026-10-02T13:01:12Z,46.528384,12.017926,2395.881153
2026-10-02T13:01:13Z,46.528385,12.017929,2395.901289
2026-10-02T13:01:14Z,46.528387,12.017933,2395.924646
2026-10-02T13:01:15Z,46.528389,12.017937,2395.951862
2026-10-02T13:01:16Z,46.52839,12.01794,2395.983992
2026-10-02T13:01:17Z,46.528392,12.017944,2396.021866
2026-10-02T13:01:18Z,46.528394,12.017947,2396.065773
2026-10-02T13:01:19Z,46.528396,12.01795,2396.115598
2026-10-02T13:01:20Z,46.528399,12.017954,2396.170961
2026-10-02T13:01:21Z,46.528401,12.017958,2396.230395
2026-10-02T13:01:22Z,46.528404,12.017962,2396.293718
2026-10-02T13:01:23Z,46.528408,12.017968,2396.360883
2026-10-02T13:01:24Z,46.528413,12.017975,2396.432427
2026-10-02T13:01:25Z,46.528419,12.017983,2396.510077
2026-10-02T13:01:26Z,46.528424,12.017991,2396.596824
2026-10-02T13:01:27Z,46.528429,12.017996,2396.695893
2026-10-02T13:01:28Z,46.528433,12.018002,2396.810896
2026-10-02T13:01:29Z,46.528436,12.018006,2396.94478
2026-10-02T13:01:30Z,46.52844,12.018012,2397.098528
2026-10-02T13:01:31Z,46.528444,12.018018,2397.271273
2026-10-02T13:01:32Z,46.528448,12.018023,2397.459748
2026-10-02T13:01:33Z,46.528452,12.018029,2397.659074
2026-10-02T13:01:34Z,46.528458,12.018036,2397.862916
2026-10-02T13:01:35Z,46.528464,12.018044,2398.065996
2026-10-02T13:01:36Z,46.52847,12.018052,2398.263676
2026-10-02T13:01:37Z,46.528476,12.01806,2398.452797
2026-10-02T13:01:38Z,46.528482,12.018069,2398.632139
2026-10-02T13:01:39Z,46.528489,12.018078,2398.802481
2026-10-02T13:01:40Z,46.528496,12.018089,2398.966228
2026-10-02T13:01:41Z,46.528503,12.018099,2399.127029
2026-10-02T13:01:42Z,46.528511,12.018109,2399.289231
2026-10-02T13:01:43Z,46.528519,12.018118,2399.457558
2026-10-02T13:01:44Z,46.528528,12.018126,2399.635468
2026-10-02T13:01:45Z,46.528537,12.018135,2399.82504
2026-10-02T13:01:46Z,46.528547,12.018143,2400.027067
2026-10-02T13:01:47Z,46.528556,12.01815,2400.241515
2026-10-02T13:01:48Z,46.528564,12.018157,2400.467737
2026-10-02T13:01:49Z,46.528572,12.018162,2400.705606
2026-10-02T13:01:50Z,46.52858,12.018166,2400.954842
2026-10-02T13:01:51Z,46.528587,12.01817,2401.214666
2026-10-02T13:01:52Z,46.528595,12.018175,2401.484083
2026-10-02T13:01:53Z,46.528603,12.018181,2401.760765
2026-10-02T13:01:54Z,46.528611,12.018188,2402.041205
2026-10-02T13:01:55Z,46.528619,12.018194,2402.321037
2026-10-02T13:01:56Z,46.528627,12.018201,2402.595783
2026-10-02T13:01:57Z,46.528634,12.018209,2402.860798
2026-10-02T13:01:58Z,46.528642,12.018217,2403.11265
2026-10-02T13:01:59Z,46.52865,12.018224,2403.349543
2026-10-02T13:02:00Z,46.528657,12.018232,2403.571841
2026-10-02T13:02:01Z,46.528664,12.018238,2403.781924
2026-10-02T13:02:02Z,46.528671,12.018245,2403.983742
2026-10-02T13:02:03Z,46.528677,12.018251,2404.182114
2026-10-02T13:02:04Z,46.528684,12.018256,2404.381824
2026-10-02T13:02:05Z,46.528691,12.018261,2404.586924
2026-10-02T13:02:06Z,46.528698,12.018265,2404.799165
2026-10-02T13:02:07Z,46.528703,12.018268,2405.019052
2026-10-02T13:02:08Z,46.528708,12.018271,2405.245313
2026-10-02T13:02:09Z,46.528713,12.018272,2405.474996
2026-10-02T13:02:10Z,46.528719,12.018273,2405.704426
2026-10-02T13:02:11Z,46.528723,12.018273,2405.929902
2026-10-02T13:02:12Z,46.528726,12.018271,2406.147409
2026-10-02T13:02:13Z,46.528728,12.018269,2406.352952
2026-10-02T13:02:14Z,46.528729,12.018266,2406.543482
2026-10-02T13:02:15Z,46.528731,12.018263,2406.717231
2026-10-02T13:02:16Z,46.528733,12.01826,2406.87345
2026-10-02T13:02:17Z,46.528736,12.018258,2407.013056
2026-10-02T13:02:18Z,46.528739,12.018256,2407.1389
2026-10-02T13:02:19Z,46.528742,12.018255,2407.254348
2026-10-02T13:02:20Z,46.528745,12.018254,2407.363087
2026-10-02T13:02:21Z,46.528748,12.018254,2407.467723
2026-10-02T13:02:22Z,46.528751,12.018255,2407.569144
2026-10-02T13:02:23Z,46.528755,12.018256,2407.666234
2026-10-02T13:02:24Z,46.528758,12.018257,2407.75652
2026-10-02T13:02:25Z,46.528762,12.018259,2407.836331
2026-10-02T13:02:26Z,46.528766,12.01826,2407.902856
2026-10-02T13:02:27Z,46.52877,12.018262,2407.955672
2026-10-02T13:02:28Z,46.528773,12.018262,2407.995613
2026-10-02T13:02:29Z,46.528775,12.018262,2408.025909
2026-10-02T13:02:30Z,46.528779,12.018261,2408.051909
2026-10-02T13:02:31Z,46.528782,12.018258,2408.080464
2026-10-02T13:02:32Z,46.528785,12.018253,2408.117665
2026-10-02T13:02:33Z,46.528789,12.018249,2408.169577
2026-10-02T13:02:34Z,46.528792,12.018245,2408.241041
2026-10-02T13:02:35Z,46.528796,12.018242,2408.334422
2026-10-02T13:02:36Z,46.5288,12.018239,2408.448178
2026-10-02T13:02:37Z,46.528803,12.018236,2408.578732
2026-10-02T13:02:38Z,46.528806,12.018233,2408.720082
2026-10-02T13:02:39Z,46.528808,12.018228,2408.865345
2026-10-02T13:02:40Z,46.52881,12.018224,2409.008616
2026-10-02T13:02:41Z,46.528812,12.018219,2409.146921
2026-10-02T13:02:42Z,46.528815,12.018213,2409.280692
2026-10-02T13:02:43Z,46.528819,12.018208,2409.413078
2026-10-02T13:02:44Z,46.528824,12.018202,2409.548526
2026-10-02T13:02:45Z,46.528829,12.018197,2409.691383
2026-10-02T13:02:46Z,46.528835,12.018191,2409.844675
2026-10-02T13:02:47Z,46.528842,12.018185,2410.008897
2026-10-02T13:02:48Z,46.528847,12.018177,2410.182645
2026-10-02T13:02:49Z,46.528853,12.018169,2410.363524
2026-10-02T13:02:50Z,46.528857,12.018161,2410.549139
2026-10-02T13:02:51Z,46.528861,12.018153,2410.737001
2026-10-02T13:02:52Z,46.528865,12.018145,2410.925372
2026-10-02T13:02:53Z,46.528869,12.018136,2411.1133
2026-10-02T13:02:54Z,46.528873,12.018127,2411.300643
2026-10-02T13:02:55Z,46.528877,12.018118,2411.487349
2026-10-02T13:02:56Z,46.528882,12.01811,2411.674037
2026-10-02T13:02:57Z,46.528885,12.018106,2411.862057
2026-10-02T13:02:58Z,46.528889,12.018102,2412.05316
2026-10-02T13:02:59Z,46.528892,12.018097,2412.248609
2026-10-02T13:03:00Z,46.528895,12.01809,2412.449403
2026-10-02T13:03:01Z,46.528898,12.018082,2412.655915
2026-10-02T13:03:02Z,46.528902,12.018073,2412.867651
2026-10-02T13:03:03Z,46.528906,12.018065,2413.082813
2026-10-02T13:03:04Z,46.528911,12.018057,2413.30019
2026-10-02T13:03:05Z,46.528915,12.01805,2413.518352
2026-10-02T13:03:06Z,46.52892,12.018045,2413.735855
2026-10-02T13:03:07Z,46.528923,12.018042,2413.951038
2026-10-02T13:03:08Z,46.528924,12.01804,2414.161328
2026-10-02T13:03:09Z,46.528925,12.018039,2414.363362
2026-10-02T13:03:10Z,46.528925,12.01804,2414.552798
2026-10-02T13:03:11Z,46.528925,12.018041,2414.724989
2026-10-02T13:03:12Z,46.528925,12.018043,2414.876103
2026-10-02T13:03:13Z,46.528924,12.018046,2415.003854
2026-10-02T13:03:14Z,46.528924,12.018049,2415.107646
2026-10-02T13:03:15Z,46.528924,12.018052,2415.188383
2026-10-02T13:03:16Z,46.528924,12.018056,2415.24793
2026-10-02T13:03:17Z,46.528925,12.018059,2415.28857
2026-10-02T13:03:18Z,46.528925,12.018063,2415.313047
2026-10-02T13:03:19Z,46.528926,12.018066,2415.324125
2026-10-02T13:03:20Z,46.528927,12.01807,2415.324461
2026-10-02T13:03:21Z,46.528927,12.018073,2415.31662
2026-10-02T13:03:22Z,46.528927,12.018076,2415.302956
2026-10-02T13:03:23Z,46.528926,12.018078,2415.285198
2026-10-02T13:03:24Z,46.528926,12.01808,2415.264711
2026-10-02T13:03:25Z,46.528925,12.018081,2415.242713
2026-10-02T13:03:26Z,46.528924,12.018082,2415.220533
2026-10-02T13:03:27Z,46.528923,12.018083,2415.199037
2026-10-02T13:03:28Z,46.528921,12.018083,2415.17864
2026-10-02T13:03:29Z,46.52892,12.018084,2415.159347
2026-10-02T13:03:30Z,46.528919,12.018085,2415.14073
2026-10-02T13:03:31Z,46.528919,12.018086,2415.122414
2026-10-02T13:03:32Z,46.528919,12.018087,2415.104268
2026-10-02T13:03:33Z,46.528919,12.018088,2415.086624
2026-10-02T13:03:34Z,46.52892,12.01809,2415.070266
2026-10-02T13:03:35Z,46.528921,12.018091,2415.056098
2026-10-02T13:03:36Z,46.528922,12.018093,2415.044914
2026-10-02T13:03:37Z,46.528924,12.018095,2415.037196
2026-10-02T13:03:38Z,46.528926,12.018098,2415.033087
2026-10-02T13:03:39Z,46.528928,12.018101,2415.032423
2026-10-02T13:03:40Z,46.52893,12.018104,2415.034438
2026-10-02T13:03:41Z,46.528933,12.018108,2415.038742
2026-10-02T13:03:42Z,46.528936,12.018111,2415.045354
2026-10-02T13:03:43Z,46.528938,12.018114,2415.054287
2026-10-02T13:03:44Z,46.528941,12.018117,2415.066491
2026-10-02T13:03:45Z,46.528945,12.01812,2415.083447
2026-10-02T13:03:46Z,46.528948,12.018122,2415.107139
2026-10-02T13:03:47Z,46.528951,12.018125,2415.139921
2026-10-02T13:03:48Z,46.528954,12.018128,2415.184575
2026-10-02T13:03:49Z,46.528958,12.018134,2415.243346
2026-10-02T13:03:50Z,46.528962,12.018142,2415.317649
2026-10-02T13:03:51Z,46.528967,12.018153,2415.407584
2026-10-02T13:03:52Z,46.528971,12.018163,2415.512089
2026-10-02T13:03:53Z,46.528973,12.018172,2415.629572
2026-10-02T13:03:54Z,46.528974,12.018179,2415.75645
2026-10-02T13:03:55Z,46.528975,12.018183,2415.888287
2026-10-02T13:03:56Z,46.528975,12.018184,2416.020715
2026-10-02T13:03:57Z,46.528974,12.018185,2416.150008
2026-10-02T13:03:58Z,46.528974,12.018185,2416.27272
2026-10-02T13:03:59Z,46.528973,12.018185,2416.386313
2026-10-02T13:04:00Z,46.528973,12.018185,2416.488982
2026-10-02T13:04:01Z,46.528974,12.018187,2416.579076
2026-10-02T13:04:02Z,46.528975,12.018191,2416.655394
2026-10-02T13:04:03Z,46.528977,12.018197,2416.718206
2026-10-02T13:04:04Z,46.528979,12.018205,2416.76983
2026-10-02T13:04:05Z,46.528983,12.018214,2416.814005
2026-10-02T13:04:06Z,46.528986,12.018222,2416.854708
2026-10-02T13:04:07Z,46.52899,12.018231,2416.896096
2026-10-02T13:04:08Z,46.528992,12.01824,2416.941261
2026-10-02T13:04:09Z,46.528995,12.01825,2416.991737
2026-10-02T13:04:10Z,46.528998,12.01826,2417.048124
2026-10-02T13:04:11Z,46.529001,12.018272,2417.110576
2026-10-02T13:04:12Z,46.529005,12.018285,2417.178736
2026-10-02T13:04:13Z,46.529008,12.018298,2417.252411
2026-10-02T13:04:14Z,46.529011,12.018311,2417.332249
2026-10-02T13:04:15Z,46.529014,12.018325,2417.418798
2026-10-02T13:04:16Z,46.529017,12.018337,2417.512358
2026-10-02T13:04:17Z,46.52902,12.018346,2417.61217
2026-10-02T13:04:18Z,46.529023,12.018354,2417.716199
2026-10-02T13:04:19Z,46.529025,12.018361,2417.821255
2026-10-02T13:04:20Z,46.529027,12.018366,2417.923684
2026-10-02T13:04:21Z,46.529028,12.01837,2418.020002
2026-10-02T13:04:22Z,46.529028,12.018373,2418.107601
2026-10-02T13:04:23Z,46.529028,12.018377,2418.184909
2026-10-02T13:04:24Z,46.529029,12.018383,2418.251218
2026-10-02T13:04:25Z,46.52903,12.018392,2418.307569
2026-10-02T13:04:26Z,46.529031,12.018403,2418.355958
2026-10-02T13:04:27Z,46.529033,12.018417,2418.398731
2026-10-02T13:04:28Z,46.529035,12.018432,2418.438736
2026-10-02T13:04:29Z,46.529038,12.018447,2418.478798
2026-10-02T13:04:30Z,46.52904,12.018461,2418.521461
2026-10-02T13:04:31Z,46.529043,12.018474,2418.569118
2026-10-02T13:04:32Z,46.529046,12.018487,2418.62472
2026-10-02T13:04:33Z,46.529048,12.018499,2418.68975
2026-10-02T13:04:34Z,46.52905,12.018513,2418.764873
2026-10-02T13:04:35Z,46.529052,12.018528,2418.849424
2026-10-02T13:04:36Z,46.529055,12.018541,2418.941422
2026-10-02T13:04:37Z,46.529059,12.018554,2419.037075
2026-10-02T13:04:38Z,46.529063,12.018567,2419.133122
2026-10-02T13:04:39Z,46.529068,12.018578,2419.226368
2026-10-02T13:04:40Z,46.529072,12.018588,2419.314206
2026-10-02T13:04:41Z,46.529076,12.018597,2419.395191
2026-10-02T13:04:42Z,46.52908,12.018603,2419.470336
2026-10-02T13:04:43Z,46.529083,12.018606,2419.541991
2026-10-02T13:04:44Z,46.529085,12.018605,2419.613582
2026-10-02T13:04:45Z,46.529087,12.018603,2419.688922
2026-10-02T13:04:46Z,46.529088,12.018599,2419.770328
2026-10-02T13:04:47Z,46.52909,12.018595,2419.85805
2026-10-02T13:04:48Z,46.529092,12.018591,2419.949828
2026-10-02T13:04:49Z,46.529094,12.018588,2420.041433
2026-10-02T13:04:50Z,46.529095,12.018585,2420.127532
2026-10-02T13:04:51Z,46.529096,12.018583,2420.203137
2026-10-02T13:04:52Z,46.529097,12.01858,2420.264389
2026-10-02T13:04:53Z,46.529098,12.018578,2420.309537
2026-10-02T13:04:54Z,46.529099,12.018574,2420.339178
2026-10-02T13:04:55Z,46.529102,12.01857,2420.355972
2026-10-02T13:04:56Z,46.529104,12.018565,2420.363215
2026-10-02T13:04:57Z,46.529107,12.01856,2420.364103
2026-10-02T13:04:58Z,46.52911,12.018556,2420.361133
2026-10-02T13:04:59Z,46.529113,12.018552,2420.358601
2026-10-02T13:05:00Z,46.529116,12.01855,2420.360819
2026-10-02T13:05:01Z,46.529119,12.018548,2420.370383
2026-10-02T13:05:02Z,46.529121,12.018547,2420.388865
2026-10-02T13:05:03Z,46.529124,12.018546,2420.418705
2026-10-02T13:05:04Z,46.529126,12.018546,2420.459189
2026-10-02T13:05:05Z,46.529129,12.018547,2420.50883
2026-10-02T13:05:06Z,46.52913,12.018547,2420.566649
2026-10-02T13:05:07Z,46.529132,12.018548,2420.631602
2026-10-02T13:05:08Z,46.529132,12.018549,2420.699523
2026-10-02T13:05:09Z,46.529133,12.01855,2420.762788
2026-10-02T13:05:10Z,46.529132,12.01855,2420.813185
2026-10-02T13:05:11Z,46.52913,12.018551,2420.844848
2026-10-02T13:05:12Z,46.529128,12.018552,2420.855458
2026-10-02T13:05:13Z,46.529126,12.018552,2420.847512
2026-10-02T13:05:14Z,46.529123,12.018553,2420.827533
2026-10-02T13:05:15Z,46.529121,12.018554,2420.803006
2026-10-02T13:05:16Z,46.529119,12.018554,2420.778905
2026-10-02T13:05:17Z,46.529117,12.018555,2420.757302
2026-10-02T13:05:18Z,46.529115,12.018556,2420.737735
2026-10-02T13:05:19Z,46.529114,12.018557,2420.718748
2026-10-02T13:05:20Z,46.529112,12.018558,2420.698967
2026-10-02T13:05:21Z,46.529111,12.018559,2420.679027
2026-10-02T13:05:22Z,46.529109,12.01856,2420.657737
2026-10-02T13:05:23Z,46.529109,12.018562,2420.633682
2026-10-02T13:05:24Z,46.529109,12.018564,2420.606452
2026-10-02T13:05:25Z,46.529109,12.018567,2420.577729
2026-10-02T13:05:26Z,46.529109,12.01857,2420.547005
2026-10-02T13:05:27Z,46.52911,12.018575,2420.515868
2026-10-02T13:05:28Z,46.529112,12.01858,2420.486706
2026-10-02T13:05:29Z,46.529114,12.018585,2420.463023
2026-10-02T13:05:30Z,46.529117,12.018589,2420.448541
2026-10-02T13:05:31Z,46.529121,12.018594,2420.450114
2026-10-02T13:05:32Z,46.529128,12.018598,2420.478589
2026-10-02T13:05:33Z,46.529137,12.018601,2420.545549
2026-10-02T13:05:34Z,46.529146,12.018605,2420.659106
2026-10-02T13:05:35Z,46.529154,12.018608,2420.82072
2026-10-02T13:05:36Z,46.529162,12.018611,2421.025985
2026-10-02T13:05:37Z,46.529173,12.018615,2421.265358
2026-10-02T13:05:38Z,46.529184,12.018619,2421.527622
2026-10-02T13:05:39Z,46.529193,12.018621,2421.803338
2026-10-02T13:05:40Z,46.529201,12.018621,2422.08621
2026-10-02T13:05:41Z,46.529209,12.01862,2422.373055
2026-10-02T13:05:42Z,46.529219,12.018619,2422.662177
2026-10-02T13:05:43Z,46.529228,12.018617,2422.951233
2026-10-02T13:05:44Z,46.529236,12.018612,2423.239661
2026-10-02T13:05:45Z,46.529244,12.018608,2423.527547
2026-10-02T13:05:46Z,46.529253,12.018604,2423.814116
2026-10-02T13:05:47Z,46.529262,12.0186,2424.098669
2026-10-02T13:05:48Z,46.529273,12.018596,2424.379957
2026-10-02T13:05:49Z,46.529284,12.018592,2424.655288
2026-10-02T13:05:50Z,46.529296,12.018586,2424.921822
2026-10-02T13:05:51Z,46.529307,12.018581,2425.177249
2026-10-02T13:05:52Z,46.529317,12.018577,2425.420863
2026-10-02T13:05:53Z,46.529327,12.018571,2425.652369
2026-10-02T13:05:54Z,46.529335,12.018564,2425.873098
2026-10-02T13:05:55Z,46.529342,12.018558,2426.086455
2026-10-02T13:05:56Z,46.529347,12.018551,2426.297411
2026-10-02T13:05:57Z,46.529352,12.018545,2426.51048
2026-10-02T13:05:58Z,46.529358,12.018539,2426.72923
2026-10-02T13:05:59Z,46.529365,12.018532,2426.955984
2026-10-02T13:06:00Z,46.529371,12.018522,2427.191292
2026-10-02T13:06:01Z,46.529377,12.018511,2427.432993
2026-10-02T13:06:02Z,46.529384,12.018497,2427.679793
2026-10-02T13:06:03Z,46.52939,12.018482,2427.930076
2026-10-02T13:06:04Z,46.529396,12.018466,2428.181501
2026-10-02T13:06:05Z,46.529401,12.018451,2428.429798
2026-10-02T13:06:06Z,46.529405,12.018439,2428.67052
2026-10-02T13:06:07Z,46.529407,12.018429,2428.897239
2026-10-02T13:06:08Z,46.529408,12.018421,2429.103803
2026-10-02T13:06:09Z,46.529408,12.018416,2429.286001
2026-10-02T13:06:10Z,46.529408,12.018413,2429.443607
2026-10-02T13:06:11Z,46.529408,12.018409,2429.578604
2026-10-02T13:06:12Z,46.529409,12.018402,2429.696923
2026-10-02T13:06:13Z,46.529412,12.018394,2429.807172
2026-10-02T13:06:14Z,46.529416,12.018384,2429.918379
2026-10-02T13:06:15Z,46.529421,12.018373,2430.036666
2026-10-02T13:06:16Z,46.529426,12.018362,2430.166409
2026-10-02T13:06:17Z,46.529431,12.018352,2430.308526
2026-10-02T13:06:18Z,46.529435,12.018343,2430.460726
2026-10-02T13:06:19Z,46.52944,12.018334,2430.618543
2026-10-02T13:06:20Z,46.529445,12.018325,2430.77836
2026-10-02T13:06:21Z,46.52945,12.018319,2430.939087
2026-10-02T13:06:22Z,46.529454,12.018314,2431.102171
2026-10-02T13:06:23Z,46.529458,12.018307,2431.270575
2026-10-02T13:06:24Z,46.529463,12.018299,2431.448405
2026-10-02T13:06:25Z,46.529467,12.018291,2431.638812
2026-10-02T13:06:26Z,46.529471,12.018281,2431.841914
2026-10-02T13:06:27Z,46.529474,12.01827,2432.055141
2026-10-02T13:06:28Z,46.529477,12.018258,2432.275309
2026-10-02T13:06:29Z,46.52948,12.018246,2432.499673
2026-10-02T13:06:30Z,46.529482,12.018233,2432.72635
2026-10-02T13:06:31Z,46.529484,12.018222,2432.95356
2026-10-02T13:06:32Z,46.529485,12.018212,2433.17813
2026-10-02T13:06:33Z,46.529487,12.018202,2433.396697
2026-10-02T13:06:34Z,46.529488,12.018194,2433.604353
2026-10-02T13:06:35Z,46.529489,12.018187,2433.795525
2026-10-02T13:06:36Z,46.52949,12.018182,2433.964884
2026-10-02T13:06:37Z,46.529491,12.018178,2434.110709
2026-10-02T13:06:38Z,46.529491,12.018176,2434.231448
2026-10-02T13:06:39Z,46.529492,12.018175,2434.327053
2026-10-02T13:06:40Z,46.529492,12.018175,2434.399668
2026-10-02T13:06:41Z,46.529493,12.018174,2434.454822
2026-10-02T13:06:42Z,46.529494,12.018172,2434.501617
2026-10-02T13:06:43Z,46.529496,12.018169,2434.560062
2026-10-02T13:06:44Z,46.529498,12.018163,2434.629791
2026-10-02T13:06:45Z,46.529502,12.018155,2434.720271
2026-10-02T13:06:46Z,46.529506,12.018148,2434.838492
2026-10-02T13:06:47Z,46.529509,12.01814,2434.985815
2026-10-02T13:06:48Z,46.529512,12.018132,2435.158878
2026-10-02T13:06:49Z,46.529515,12.018124,2435.349639
2026-10-02T13:06:50Z,46.529518,12.018115,2435.545942
2026-10-02T13:06:51Z,46.529522,12.018106,2435.732201
2026-10-02T13:06:52Z,46.529524,12.018098,2435.879312
2026-10-02T13:06:52Z,46.529525,12.018097,2435.905626
2026-10-02T13:06:53Z,46.529527,12.018089,2436.086321
2026-10-02T13:06:54Z,46.52953,12.018081,2436.306785
2026-10-02T13:06:55Z,46.529533,12.018073,2436.552717
2026-10-02T13:06:56Z,46.529536,12.018066,2436.812422
2026-10-02T13:06:57Z,46.529539,12.018058,2437.076354
2026-10-02T13:06:58Z,46.529542,12.01805,2437.337254
2026-10-02T13:06:59Z,46.529546,12.018043,2437.59042
2026-10-02T13:07:00Z,46.529549,12.018035,2437.833944
2026-10-02T13:07:01Z,46.529553,12.018028,2438.067209
2026-10-02T13:07:02Z,46.529556,12.018021,2438.289344
2026-10-02T13:07:03Z,46.529559,12.018013,2438.498841
2026-10-02T13:07:04Z,46.529561,12.018004,2438.69435
2026-10-02T13:07:05Z,46.529563,12.017995,2438.877367
2026-10-02T13:07:06Z,46.529565,12.017988,2439.050671
2026-10-02T13:07:07Z,46.529567,12.017982,2439.217297
2026-10-02T13:07:08Z,46.529569,12.017979,2439.380008
2026-10-02T13:07:09Z,46.529572,12.017977,2439.542107
2026-10-02T13:07:10Z,46.529575,12.017974,2439.705034
2026-10-02T13:07:11Z,46.529577,12.017972,2439.869404
2026-10-02T13:07:12Z,46.529578,12.017972,2440.036622
2026-10-02T13:07:13Z,46.529578,12.017972,2440.206332
2026-10-02T13:07:14Z,46.529578,12.017972,2440.376728
2026-10-02T13:07:15Z,46.529578,12.017972,2440.542714
2026-10-02T13:07:16Z,46.529577,12.017971,2440.695937
2026-10-02T13:07:17Z,46.529576,12.017971,2440.825191
2026-10-02T13:07:18Z,46.529575,12.017971,2440.921994
2026-10-02T13:07:19Z,46.529574,12.017971,2440.979379
2026-10-02T13:07:20Z,46.529572,12.017972,2440.994163
2026-10-02T13:07:21Z,46.529571,12.017973,2440.96911
2026-10-02T13:07:22Z,46.529569,12.017975,2440.911681
2026-10-02T13:07:23Z,46.529568,12.017976,2440.831877
2026-10-02T13:07:24Z,46.529566,12.017979,2440.74238
2026-10-02T13:07:25Z,46.529565,12.017981,2440.657826
2026-10-02T13:07:26Z,46.529564,12.017984,2440.590976
2026-10-02T13:07:27Z,46.529563,12.017987,2440.551638
2026-10-02T13:07:28Z,46.529561,12.01799,2440.54388
2026-10-02T13:07:29Z,46.529558,12.017992,2440.565532
2026-10-02T13:07:30Z,46.529556,12.017994,2440.608283
2026-10-02T13:07:31Z,46.529555,12.017995,2440.661451
2026-10-02T13:07:32Z,46.529554,12.017997,2440.713292
2026-10-02T13:07:33Z,46.529554,12.017999,2440.754035
2026-10-02T13:07:34Z,46.529554,12.018,2440.777517
2026-10-02T13:07:35Z,46.529555,12.018002,2440.781988
2026-10-02T13:07:36Z,46.529555,12.018003,2440.769396
2026-10-02T13:07:37Z,46.529556,12.018004,2440.744588
2026-10-02T13:07:38Z,46.529556,12.018004,2440.714127
2026-10-02T13:07:39Z,46.529557,12.018005,2440.685124
2026-10-02T13:07:40Z,46.529557,12.018005,2440.662873
2026-10-02T13:07:41Z,46.529558,12.018005,2440.650829
2026-10-02T13:07:42Z,46.529559,12.018005,2440.650789
2026-10-02T13:07:43Z,46.52956,12.018005,2440.663671
2026-10-02T13:07:44Z,46.529561,12.018005,2440.689053
2026-10-02T13:07:45Z,46.529562,12.018004,2440.726508
2026-10-02T13:07:46Z,46.529563,12.018002,2440.776852
2026-10-02T13:07:47Z,46.529565,12.018,2440.84169
2026-10-02T13:07:48Z,46.529567,12.017997,2440.921636
2026-10-02T13:07:49Z,46.52957,12.017992,2441.017667
2026-10-02T13:07:50Z,46.529573,12.017985,2441.12968
2026-10-02T13:07:51Z,46.529577,12.017977,2441.256238
2026-10-02T13:07:52Z,46.529581,12.017968,2441.394888
2026-10-02T13:07:53Z,46.529584,12.01796,2441.543889
2026-10-02T13:07:54Z,46.529588,12.017952,2441.702928
2026-10-02T13:07:55Z,46.529591,12.017945,2441.872143
2026-10-02T13:07:56Z,46.529593,12.017938,2442.050972
2026-10-02T13:07:57Z,46.529596,12.017931,2442.238422
2026-10-02T13:07:58Z,46.5296,12.017926,2442.432512
2026-10-02T13:07:59Z,46.529606,12.017922,2442.629988
2026-10-02T13:08:00Z,46.529612,12.017918,2442.827666
2026-10-02T13:08:01Z,46.529618,12.017914,2443.024144
2026-10-02T13:08:02Z,46.529624,12.017911,2443.2189
2026-10-02T13:08:03Z,46.529629,12.017907,2443.412055
2026-10-02T13:08:04Z,46.529633,12.017904,2443.60428
2026-10-02T13:08:05Z,46.529636,12.0179,2443.796491
2026-10-02T13:08:06Z,46.52964,12.017895,2443.988548
2026-10-02T13:08:07Z,46.529644,12.017889,2444.179428
2026-10-02T13:08:08Z,46.529648,12.017882,2444.367969
2026-10-02T13:08:09Z,46.529652,12.017875,2444.553886
2026-10-02T13:08:10Z,46.529656,12.017867,2444.738372
2026-10-02T13:08:11Z,46.529659,12.01786,2444.92427
2026-10-02T13:08:12Z,46.529662,12.017853,2445.115166
2026-10-02T13:08:13Z,46.529665,12.017846,2445.314417
2026-10-02T13:08:14Z,46.529669,12.017839,2445.523948
2026-10-02T13:08:15Z,46.529672,12.01783,2445.743928
2026-10-02T13:08:16Z,46.529676,12.017821,2445.972939
2026-10-02T13:08:17Z,46.529679,12.017812,2446.209237
2026-10-02T13:08:18Z,46.529682,12.017802,2446.451143
2026-10-02T13:08:19Z,46.529685,12.017792,2446.697186
2026-10-02T13:08:20Z,46.529689,12.017781,2446.945681
2026-10-02T13:08:21Z,46.529692,12.01777,2447.195627
2026-10-02T13:08:22Z,46.529696,12.017757,2447.44701
2026-10-02T13:08:23Z,46.529699,12.017745,2447.700679
2026-10-02T13:08:24Z,46.529702,12.017735,2447.95813
2026-10-02T13:08:25Z,46.529705,12.017726,2448.220181
2026-10-02T13:08:26Z,46.529709,12.017714,2448.486896
2026-10-02T13:08:27Z,46.529713,12.017703,2448.757239
2026-10-02T13:08:28Z,46.529715,12.017693,2449.029074
2026-10-02T13:08:29Z,46.529718,12.01768,2449.30044
2026-10-02T13:08:30Z,46.529721,12.017666,2449.568783
2026-10-02T13:08:31Z,46.529723,12.017652,2449.831476
2026-10-02T13:08:32Z,46.529725,12.01764,2450.086485
2026-10-02T13:08:33Z,46.529727,12.017629,2450.329665
2026-10-02T13:08:34Z,46.529728,12.017623,2450.556496
2026-10-02T13:08:35Z,46.529729,12.017621,2450.763137
2026-10-02T13:08:36Z,46.529731,12.01762,2450.946484
2026-10-02T13:08:37Z,46.529732,12.017619,2451.102479
2026-10-02T13:08:38Z,46.529733,12.017619,2451.229384
2026-10-02T13:08:39Z,46.529733,12.017618,2451.326698
2026-10-02T13:08:40Z,46.529734,12.017617,2451.396
2026-10-02T13:08:41Z,46.529735,12.017616,2451.44143
2026-10-02T13:08:42Z,46.529736,12.017613,2451.469765
2026-10-02T13:08:43Z,46.529737,12.01761,2451.491485
2026-10-02T13:08:44Z,46.529738,12.017604,2451.518508
2026-10-02T13:08:45Z,46.529739,12.017597,2451.561718
2026-10-02T13:08:46Z,46.52974,12.017587,2451.627125
2026-10-02T13:08:47Z,46.52974,12.017577,2451.717706
2026-10-02T13:08:48Z,46.529742,12.017566,2451.831822
2026-10-02T13:08:49Z,46.529743,12.017556,2451.964386
2026-10-02T13:08:50Z,46.529744,12.017546,2452.108393
2026-10-02T13:08:51Z,46.529746,12.017537,2452.256426
2026-10-02T13:08:52Z,46.529747,12.01753,2452.399589
2026-10-02T13:08:53Z,46.529747,12.017527,2452.52845
2026-10-02T13:08:54Z,46.529748,12.017526,2452.634898
2026-10-02T13:08:55Z,46.529748,12.017526,2452.71308
2026-10-02T13:08:56Z,46.529747,12.017526,2452.762761
2026-10-02T13:08:57Z,46.529747,12.017526,2452.788226
2026-10-02T13:08:58Z,46.529747,12.017526,2452.797263
2026-10-02T13:08:59Z,46.529747,12.017526,2452.799303
2026-10-02T13:09:00Z,46.529747,12.017524,2452.803575
2026-10-02T13:09:01Z,46.529748,12.01752,2452.81924
2026-10-02T13:09:02Z,46.529749,12.017514,2452.854123
2026-10-02T13:09:03Z,46.529751,12.017506,2452.914126
2026-10-02T13:09:04Z,46.529751,12.017498,2452.999931
2026-10-02T13:09:05Z,46.529751,12.017489,2453.109694
2026-10-02T13:09:06Z,46.52975,12.01748,2453.23904
2026-10-02T13:09:07Z,46.529749,12.017473,2453.382071
2026-10-02T13:09:08Z,46.529747,12.017468,2453.532368
2026-10-02T13:09:09Z,46.529745,12.017465,2453.684319
2026-10-02T13:09:10Z,46.529744,12.017465,2453.831425
2026-10-02T13:09:11Z,46.529742,12.017465,2453.966716
2026-10-02T13:09:12Z,46.52974,12.017465,2454.084756
2026-10-02T13:09:13Z,46.529738,12.017465,2454.183219
2026-10-02T13:09:14Z,46.529736,12.017462,2454.263242
2026-10-02T13:09:15Z,46.529734,12.017456,2454.329163
2026-10-02T13:09:16Z,46.529733,12.017446,2454.38735
2026-10-02T13:09:17Z,46.529731,12.017435,2454.445725
2026-10-02T13:09:18Z,46.529729,12.017424,2454.511818
2026-10-02T13:09:19Z,46.529728,12.017414,2454.591422
2026-10-02T13:09:20Z,46.529727,12.017403,2454.688155
2026-10-02T13:09:21Z,46.529726,12.017392,2454.80385
2026-10-02T13:09:22Z,46.529725,12.017382,2454.93538
2026-10-02T13:09:23Z,46.529724,12.017373,2455.078413
2026-10-02T13:09:24Z,46.529724,12.017364,2455.228623
2026-10-02T13:09:25Z,46.529723,12.017358,2455.381628
2026-10-02T13:09:26Z,46.529723,12.017354,2455.531806
2026-10-02T13:09:27Z,46.529723,12.017352,2455.673162
2026-10-02T13:09:28Z,46.529723,12.017351,2455.799306
2026-10-02T13:09:29Z,46.529723,12.017351,2455.904495
2026-10-02T13:09:30Z,46.529723,12.017352,2455.984847
2026-10-02T13:09:31Z,46.529723,12.017352,2456.039991
2026-10-02T13:09:32Z,46.529723,12.017353,2456.073136
2026-10-02T13:09:33Z,46.529723,12.017353,2456.089843
2026-10-02T13:09:34Z,46.529723,12.017354,2456.096119
2026-10-02T13:09:35Z,46.529723,12.017354,2456.097112
2026-10-02T13:09:36Z,46.529723,12.017354,2456.096541
2026-10-02T13:09:37Z,46.529723,12.017354,2456.096071
2026-10-02T13:09:38Z,46.529723,12.017354,2456.095673
2026-10-02T13:09:39Z,46.529723,12.017353,2456.094153
2026-10-02T13:09:40Z,46.529723,12.017353,2456.090438
2026-10-02T13:09:41Z,46.529723,12.017352,2456.083377
2026-10-02T13:09:42Z,46.529723,12.017352,2456.072394
2026-10-02T13:09:43Z,46.529722,12.017352,2456.057757
2026-10-02T13:09:44Z,46.529722,12.017351,2456.03945
2026-10-02T13:09:45Z,46.529722,12.01735,2456.019566
2026-10-02T13:09:46Z,46.529722,12.017348,2456.001131
2026-10-02T13:09:47Z,46.529721,12.017342,2455.988002
2026-10-02T13:09:48Z,46.529721,12.017334,2455.984662
2026-10-02T13:09:49Z,46.529722,12.017323,2455.996029
2026-10-02T13:09:50Z,46.529722,12.017311,2456.026161
2026-10-02T13:09:51Z,46.529721,12.0173,2456.078181
2026-10-02T13:09:52Z,46.52972,12.017289,2456.154067
2026-10-02T13:09:53Z,46.529718,12.01728,2456.254818
2026-10-02T13:09:54Z,46.529717,12.017271,2456.379502
2026-10-02T13:09:55Z,46.529715,12.017263,2456.524892
2026-10-02T13:09:56Z,46.529714,12.017253,2456.686617
2026-10-02T13:09:57Z,46.529712,12.017242,2456.86096
2026-10-02T13:09:58Z,46.52971,12.017232,2457.042739
2026-10-02T13:09:59Z,46.529708,12.017221,2457.227883
2026-10-02T13:10:00Z,46.529706,12.01721,2457.413727
2026-10-02T13:10:01Z,46.529705,12.017199,2457.59855
2026-10-02T13:10:02Z,46.529704,12.017187,2457.77984
2026-10-02T13:10:03Z,46.529703,12.017176,2457.955856
2026-10-02T13:10:04Z,46.529703,12.017165,2458.124551
2026-10-02T13:10:05Z,46.529702,12.017152,2458.283576
2026-10-02T13:10:06Z,46.529702,12.017139,2458.430098
2026-10-02T13:10:07Z,46.529702,12.017127,2458.563333
2026-10-02T13:10:08Z,46.529701,12.017114,2458.685372
2026-10-02T13:10:09Z,46.5297,12.017101,2458.800305
2026-10-02T13:10:10Z,46.529699,12.017087,2458.912557
2026-10-02T13:10:11Z,46.529698,12.017073,2459.02614
2026-10-02T13:10:12Z,46.529696,12.01706,2459.143116
2026-10-02T13:10:13Z,46.529695,12.017048,2459.262962
2026-10-02T13:10:14Z,46.529695,12.017036,2459.383504
2026-10-02T13:10:15Z,46.529695,12.017023,2459.50249
2026-10-02T13:10:16Z,46.529695,12.01701,2459.619239
2026-10-02T13:10:17Z,46.529695,12.016995,2459.734256
2026-10-02T13:10:18Z,46.529695,12.016981,2459.848695
2026-10-02T13:10:19Z,46.529693,12.016967,2459.963754
2026-10-02T13:10:20Z,46.529691,12.016952,2460.080313
2026-10-02T13:10:21Z,46.529689,12.016939,2460.199059
2026-10-02T13:10:22Z,46.529686,12.016926,2460.320494
2026-10-02T13:10:23Z,46.529681,12.016914,2460.445105
2026-10-02T13:10:24Z,46.529677,12.016903,2460.573011
2026-10-02T13:10:25Z,46.529673,12.016892,2460.704653
2026-10-02T13:10:26Z,46.529669,12.016881,2460.839014
2026-10-02T13:10:27Z,46.529665,12.016871,2460.973891
2026-10-02T13:10:28Z,46.529661,12.016861,2461.106647
2026-10-02T13:10:29Z,46.529656,12.016851,2461.235147
2026-10-02T13:10:30Z,46.529652,12.016842,2461.356594
2026-10-02T13:10:31Z,46.529649,12.016836,2461.467841
2026-10-02T13:10:32Z,46.529647,12.016833,2461.566012
2026-10-02T13:10:33Z,46.529645,12.016831,2461.648992
2026-10-02T13:10:34Z,46.529644,12.016831,2461.714952
2026-10-02T13:10:35Z,46.529644,12.016832,2461.763957
2026-10-02T13:10:36Z,46.529644,12.016834,2461.798626
2026-10-02T13:10:37Z,46.529644,12.016835,2461.823458
2026-10-02T13:10:38Z,46.529644,12.016837,2461.843202
2026-10-02T13:10:39Z,46.529644,12.016838,2461.861616
2026-10-02T13:10:40Z,46.529645,12.016839,2461.880695
2026-10-02T13:10:41Z,46.529645,12.016839,2461.900362
2026-10-02T13:10:42Z,46.529645,12.01684,2461.919694
2026-10-02T13:10:43Z,46.529645,12.01684,2461.937613
2026-10-02T13:10:44Z,46.529645,12.016841,2461.953751
2026-10-02T13:10:45Z,46.529645,12.016841,2461.968616
2026-10-02T13:10:46Z,46.529645,12.016841,2461.983797
2026-10-02T13:10:47Z,46.529645,12.016842,2462.000428
2026-10-02T13:10:48Z,46.529646,12.016842,2462.019637
2026-10-02T13:10:49Z,46.529645,12.016841,2462.042169
2026-10-02T13:10:50Z,46.529644,12.016841,2462.068047
2026-10-02T13:10:51Z,46.529644,12.01684,2462.096268
2026-10-02T13:10:52Z,46.529643,12.01684,2462.124757
2026-10-02T13:10:53Z,46.529643,12.016839,2462.150816
2026-10-02T13:10:54Z,46.529642,12.016838,2462.17177
2026-10-02T13:10:55Z,46.529642,12.016838,2462.185513
2026-10-02T13:10:56Z,46.529641,12.016837,2462.190913
2026-10-02T13:10:57Z,46.529641,12.016836,2462.188077
2026-10-02T13:10:58Z,46.52964,12.016835,2462.178013
2026-10-02T13:10:59Z,46.529639,12.016834,2462.16208
2026-10-02T13:11:00Z,46.529638,12.016832,2462.141892
2026-10-02T13:11:01Z,46.529637,12.016831,2462.118883
2026-10-02T13:11:02Z,46.529637,12.016831,2462.094481
2026-10-02T13:11:03Z,46.529637,12.016831,2462.070172
2026-10-02T13:11:04Z,46.529637,12.016831,2462.047376
2026-10-02T13:11:05Z,46.529636,12.016831,2462.027119
2026-10-02T13:11:06Z,46.529636,12.016831,2462.010298
2026-10-02T13:11:07Z,46.529636,12.016832,2461.997709
2026-10-02T13:11:08Z,46.529636,12.016833,2461.989995
2026-10-02T13:11:09Z,46.529636,12.016833,2461.987324
2026-10-02T13:11:10Z,46.529636,12.016834,2461.990001
2026-10-02T13:11:11Z,46.529636,12.016835,2461.998114
2026-10-02T13:11:12Z,46.529636,12.016836,2462.011376
2026-10-02T13:11:13Z,46.529636,12.016836,2462.02895
2026-10-02T13:11:14Z,46.529635,12.016837,2462.050285
2026-10-02T13:11:15Z,46.529635,12.016838,2462.075008
2026-10-02T13:11:16Z,46.529635,12.016839,2462.10293
2026-10-02T13:11:17Z,46.529635,12.016839,2462.134175
2026-10-02T13:11:18Z,46.529635,12.01684,2462.168382
2026-10-02T13:11:19Z,46.529635,12.01684,2462.204695
2026-10-02T13:11:20Z,46.529635,12.016841,2462.241273
2026-10-02T13:11:21Z,46.529634,12.016842,2462.27534
2026-10-02T13:11:22Z,46.529634,12.016843,2462.303492
2026-10-02T13:11:23Z,46.529634,12.016844,2462.323625
2026-10-02T13:11:24Z,46.529634,12.016845,2462.334288
2026-10-02T13:11:25Z,46.529634,12.016846,2462.334882
2026-10-02T13:11:26Z,46.529633,12.016847,2462.326582
2026-10-02T13:11:27Z,46.529633,12.016847,2462.31187
2026-10-02T13:11:28Z,46.529633,12.016848,2462.29374
2026-10-02T13:11:29Z,46.529632,12.016849,2462.27587
2026-10-02T13:11:30Z,46.529632,12.01685,2462.262775
2026-10-02T13:11:31Z,46.529633,12.01685,2462.258334
2026-10-02T13:11:32Z,46.529633,12.016851,2462.265425
2026-10-02T13:11:33Z,46.529633,12.016853,2462.284961
2026-10-02T13:11:34Z,46.529633,12.016854,2462.315669
2026-10-02T13:11:35Z,46.529634,12.016855,2462.354186
2026-10-02T13:11:36Z,46.529634,12.016856,2462.395833
2026-10-02T13:11:37Z,46.529634,12.016856,2462.43567
2026-10-02T13:11:38Z,46.529634,12.016856,2462.469654
2026-10-02T13:11:39Z,46.529635,12.016856,2462.495128
2026-10-02T13:11:40Z,46.529635,12.016855,2462.510812
2026-10-02T13:11:41Z,46.529635,12.016855,2462.517311
2026-10-02T13:11:42Z,46.529636,12.016854,2462.516376
2026-10-02T13:11:43Z,46.529636,12.016853,2462.510249
2026-10-02T13:11:44Z,46.529637,12.016852,2462.501111
2026-10-02T13:11:45Z,46.529637,12.016851,2462.491956
2026-10-02T13:11:46Z,46.529637,12.016848,2462.483747
2026-10-02T13:11:47Z,46.529636,12.016844,2462.475646
2026-10-02T13:11:48Z,46.529634,12.016838,2462.464717
2026-10-02T13:11:49Z,46.529632,12.016828,2462.450874
2026-10-02T13:11:50Z,46.529631,12.016816,2462.432309
2026-10-02T13:11:51Z,46.529629,12.016804,2462.407208
2026-10-02T13:11:52Z,46.529628,12.016791,2462.375488
2026-10-02T13:11:53Z,46.529627,12.016778,2462.34017
2026-10-02T13:11:54Z,46.529627,12.016765,2462.302435
2026-10-02T13:11:55Z,46.529626,12.016753,2462.266529
2026-10-02T13:11:56Z,46.529624,12.016741,2462.240731
2026-10-02T13:11:57Z,46.529621,12.016731,2462.235169
2026-10-02T13:11:58Z,46.529618,12.016722,2462.257352
2026-10-02T13:11:59Z,46.529614,12.016714,2462.308994
2026-10-02T13:12:00Z,46.529611,12.016707,2462.384985
2026-10-02T13:12:01Z,46.529607,12.016701,2462.475037
2026-10-02T13:12:02Z,46.529604,12.016697,2462.564607
2026-10-02T13:12:03Z,46.529601,12.016694,2462.640296
2026-10-02T13:12:04Z,46.529598,12.016692,2462.694783
2026-10-02T13:12:05Z,46.529596,12.016691,2462.726257
2026-10-02T13:12:06Z,46.529594,12.01669,2462.735825
2026-10-02T13:12:07Z,46.529593,12.016689,2462.726036
2026-10-02T13:12:08Z,46.529593,12.016689,2462.700031
2026-10-02T13:12:09Z,46.529592,12.016689,2462.66107
2026-10-02T13:12:10Z,46.529592,12.01669,2462.612517
2026-10-02T13:12:11Z,46.529591,12.016691,2462.55815
2026-10-02T13:12:12Z,46.529591,12.016692,2462.502675
2026-10-02T13:12:13Z,46.52959,12.016693,2462.450124
2026-10-02T13:12:14Z,46.529589,12.016695,2462.402857
2026-10-02T13:12:15Z,46.529588,12.016697,2462.363095
2026-10-02T13:12:16Z,46.529587,12.016699,2462.332336
2026-10-02T13:12:17Z,46.529586,12.0167,2462.311579
2026-10-02T13:12:18Z,46.529584,12.016702,2462.302104
2026-10-02T13:12:19Z,46.529582,12.016701,2462.306245
2026-10-02T13:12:20Z,46.529579,12.016697,2462.325929
2026-10-02T13:12:21Z,46.529575,12.016689,2462.362505
2026-10-02T13:12:22Z,46.529571,12.016679,2462.417329
2026-10-02T13:12:23Z,46.529568,12.016668,2462.491396
2026-10-02T13:12:24Z,46.529564,12.016657,2462.583802
2026-10-02T13:12:25Z,46.529562,12.016644,2462.691319
2026-10-02T13:12:26Z,46.529561,12.016631,2462.810497
2026-10-02T13:12:27Z,46.52956,12.016617,2462.938576
2026-10-02T13:12:28Z,46.52956,12.016604,2463.073029
2026-10-02T13:12:29Z,46.529559,12.01659,2463.212851
2026-10-02T13:12:30Z,46.529557,12.016576,2463.358717
2026-10-02T13:12:31Z,46.529554,12.016563,2463.51078
2026-10-02T13:12:32Z,46.529551,12.016549,2463.666756
2026-10-02T13:12:33Z,46.529548,12.016534,2463.823371
2026-10-02T13:12:34Z,46.529545,12.016518,2463.976642
2026-10-02T13:12:35Z,46.529544,12.016504,2464.122784
2026-10-02T13:12:36Z,46.529542,12.016491,2464.259647
2026-10-02T13:12:37Z,46.52954,12.016477,2464.388221
2026-10-02T13:12:38Z,46.529537,12.016464,2464.511831
2026-10-02T13:12:39Z,46.529533,12.01645,2464.635029
2026-10-02T13:12:40Z,46.529529,12.016437,2464.761966
2026-10-02T13:12:41Z,46.529526,12.016423,2464.895312
2026-10-02T13:12:42Z,46.529522,12.016408,2465.035345
2026-10-02T13:12:43Z,46.529518,12.016394,2465.179991
2026-10-02T13:12:44Z,46.529514,12.016379,2465.326044
2026-10-02T13:12:45Z,46.529509,12.016365,2465.470626
2026-10-02T13:12:46Z,46.529504,12.016351,2465.611955
2026-10-02T13:12:47Z,46.529499,12.016339,2465.749633
2026-10-02T13:12:48Z,46.529495,12.016327,2465.883917
2026-10-02T13:12:49Z,46.52949,12.016314,2466.015558
2026-10-02T13:12:50Z,46.529486,12.016302,2466.145594
2026-10-02T13:12:51Z,46.529482,12.016289,2466.273659
2026-10-02T13:12:52Z,46.529478,12.016277,2466.398377
2026-10-02T13:12:53Z,46.529472,12.016266,2466.518611
2026-10-02T13:12:54Z,46.529467,12.016255,2466.63357
2026-10-02T13:12:55Z,46.529461,12.016243,2466.741104
2026-10-02T13:12:56Z,46.529456,12.016233,2466.841339
2026-10-02T13:12:57Z,46.529451,12.016225,2466.935917
2026-10-02T13:12:58Z,46.529446,12.016218,2467.027309
2026-10-02T13:12:59Z,46.529441,12.016212,2467.117415
2026-10-02T13:13:00Z,46.529437,12.016206,2467.210278
2026-10-02T13:13:01Z,46.529432,12.0162,2467.310134
2026-10-02T13:13:02Z,46.529426,12.016196,2467.419895
2026-10-02T13:13:03Z,46.529421,12.016193,2467.539354
2026-10-02T13:13:04Z,46.529417,12.016192,2467.666222
2026-10-02T13:13:05Z,46.529412,12.016191,2467.794617
2026-10-02T13:13:06Z,46.529405,12.016188,2467.915521
2026-10-02T13:13:07Z,46.529397,12.016185,2468.01981
2026-10-02T13:13:08Z,46.529389,12.016181,2468.101122
2026-10-02T13:13:09Z,46.529383,12.016179,2468.161468
2026-10-02T13:13:10Z,46.529379,12.016177,2468.208433
2026-10-02T13:13:11Z,46.529376,12.016176,2468.251102
2026-10-02T13:13:12Z,46.529375,12.016176,2468.297146
2026-10-02T13:13:13Z,46.529375,12.016176,2468.352536
2026-10-02T13:13:14Z,46.529375,12.016176,2468.420437
2026-10-02T13:13:15Z,46.529375,12.016176,2468.501587
2026-10-02T13:13:16Z,46.529374,12.016175,2468.595006
2026-10-02T13:13:17Z,46.529374,12.016174,2468.697743
2026-10-02T13:13:18Z,46.529373,12.016173,2468.803024
2026-10-02T13:13:19Z,46.529373,12.016171,2468.90191
2026-10-02T13:13:20Z,46.529372,12.016169,2468.985895
2026-10-02T13:13:21Z,46.529371,12.016167,2469.050406
2026-10-02T13:13:22Z,46.52937,12.016164,2469.096295
2026-10-02T13:13:23Z,46.529368,12.01616,2469.128339
2026-10-02T13:13:24Z,46.529366,12.016154,2469.1527
2026-10-02T13:13:25Z,46.529364,12.016145,2469.175692
2026-10-02T13:13:26Z,46.529364,12.016134,2469.202661
2026-10-02T13:13:27Z,46.529365,12.016123,2469.239095
2026-10-02T13:13:28Z,46.529366,12.016112,2469.288766
2026-10-02T13:13:29Z,46.529368,12.016101,2469.353041
2026-10-02T13:13:30Z,46.529369,12.016091,2469.431008
2026-10-02T13:13:31Z,46.529369,12.016083,2469.520172
2026-10-02T13:13:32Z,46.529367,12.016076,2469.618439
2026-10-02T13:13:33Z,46.529365,12.01607,2469.72453
2026-10-02T13:13:34Z,46.529362,12.016063,2469.838394
2026-10-02T13:13:35Z,46.529359,12.016055,2469.960173
2026-10-02T13:13:36Z,46.529355,12.016047,2470.090418
2026-10-02T13:13:37Z,46.529353,12.016041,2470.227651
2026-10-02T13:13:38Z,46.529351,12.016037,2470.369285
2026-10-02T13:13:39Z,46.529349,12.016034,2470.512811
2026-10-02T13:13:40Z,46.529348,12.016034,2470.65476
2026-10-02T13:13:41Z,46.529347,12.016035,2470.790256
2026-10-02T13:13:42Z,46.529347,12.016037,2470.914045
2026-10-02T13:13:43Z,46.529347,12.016039,2471.021262
2026-10-02T13:13:44Z,46.529346,12.01604,2471.107232
2026-10-02T13:13:45Z,46.529346,12.016042,2471.170082
2026-10-02T13:13:46Z,46.529345,12.016043,2471.210577
2026-10-02T13:13:47Z,46.529344,12.016044,2471.232478
2026-10-02T13:13:48Z,46.529344,12.016044,2471.242121
2026-10-02T13:13:49Z,46.529342,12.016042,2471.247124
2026-10-02T13:13:50Z,46.52934,12.016038,2471.257391
2026-10-02T13:13:51Z,46.529337,12.016031,2471.282339
2026-10-02T13:13:52Z,46.529334,12.016022,2471.328924
2026-10-02T13:13:53Z,46.529331,12.016012,2471.401092
2026-10-02T13:13:54Z,46.529327,12.016001,2471.500254
2026-10-02T13:13:55Z,46.529323,12.015987,2471.626157
2026-10-02T13:13:56Z,46.529319,12.015973,2471.778101
2026-10-02T13:13:57Z,46.529315,12.015959,2471.95604
2026-10-02T13:13:58Z,46.529313,12.015945,2472.159215
2026-10-02T13:13:59Z,46.52931,12.015934,2472.385994
2026-10-02T13:14:00Z,46.529307,12.015924,2472.633857
2026-10-02T13:14:01Z,46.529303,12.015914,2472.898634
2026-10-02T13:14:02Z,46.5293,12.015905,2473.175384
2026-10-02T13:14:03Z,46.529296,12.015896,2473.460096
2026-10-02T13:14:04Z,46.529292,12.015888,2473.749083
2026-10-02T13:14:05Z,46.529287,12.01588,2474.038509
2026-10-02T13:14:06Z,46.529282,12.015873,2474.326217
2026-10-02T13:14:07Z,46.529275,12.015866,2474.61065
2026-10-02T13:14:08Z,46.529267,12.015858,2474.89147
2026-10-02T13:14:09Z,46.52926,12.015849,2475.169379
2026-10-02T13:14:10Z,46.529253,12.015841,2475.445815
2026-10-02T13:14:11Z,46.529247,12.015832,2475.722098
2026-10-02T13:14:12Z,46.529239,12.015823,2475.999311
2026-10-02T13:14:13Z,46.529231,12.015815,2476.277722
2026-10-02T13:14:14Z,46.529223,12.015807,2476.556749
2026-10-02T13:14:15Z,46.529215,12.0158,2476.835159
2026-10-02T13:14:16Z,46.529208,12.015792,2477.111379
2026-10-02T13:14:17Z,46.529202,12.015786,2477.383893
2026-10-02T13:14:18Z,46.529195,12.015779,2477.651256
2026-10-02T13:14:19Z,46.52919,12.015773,2477.911994
2026-10-02T13:14:20Z,46.529184,12.015767,2478.164984
2026-10-02T13:14:21Z,46.529178,12.01576,2478.409781
2026-10-02T13:14:22Z,46.529171,12.015754,2478.646448
2026-10-02T13:14:23Z,46.529165,12.015748,2478.8753
2026-10-02T13:14:24Z,46.529158,12.015742,2479.096123
2026-10-02T13:14:25Z,46.529151,12.015737,2479.30911
2026-10-02T13:14:26Z,46.529144,12.015731,2479.513266
2026-10-02T13:14:27Z,46.529138,12.015726,2479.706983
2026-10-02T13:14:28Z,46.529132,12.015721,2479.888541
2026-10-02T13:14:29Z,46.529127,12.015717,2480.056995
2026-10-02T13:14:30Z,46.529123,12.015715,2480.210998
2026-10-02T13:14:31Z,46.529122,12.015716,2480.348819
2026-10-02T13:14:32Z,46.52912,12.015716,2480.468734
2026-10-02T13:14:33Z,46.529118,12.015716,2480.569562
2026-10-02T13:14:34Z,46.529114,12.015713,2480.651492
2026-10-02T13:14:35Z,46.529109,12.015709,2480.716439
2026-10-02T13:14:36Z,46.529103,12.015702,2480.768295
2026-10-02T13:14:37Z,46.529096,12.015695,2480.812327
2026-10-02T13:14:38Z,46.529089,12.015686,2480.85399
2026-10-02T13:14:39Z,46.529081,12.015677,2480.897003
2026-10-02T13:14:40Z,46.529074,12.015668,2480.943702
2026-10-02T13:14:41Z,46.529068,12.01566,2480.995299
2026-10-02T13:14:42Z,46.529061,12.015653,2481.051192
2026-10-02T13:14:43Z,46.529054,12.015647,2481.110366
2026-10-02T13:14:44Z,46.529048,12.015642,2481.170165
2026-10-02T13:14:45Z,46.529042,12.01564,2481.226581
2026-10-02T13:14:46Z,46.529037,12.015639,2481.274927
2026-10-02T13:14:47Z,46.529033,12.01564,2481.309843
2026-10-02T13:14:48Z,46.529027,12.015645,2481.325799
2026-10-02T13:14:49Z,46.529021,12.015652,2481.318199
2026-10-02T13:14:50Z,46.529013,12.015661,2481.283959
2026-10-02T13:14:51Z,46.529005,12.015671,2481.220991
2026-10-02T13:14:52Z,46.528996,12.015683,2481.129549
2026-10-02T13:14:53Z,46.528988,12.015694,2481.012026
2026-10-02T13:14:54Z,46.52898,12.015707,2480.873008
2026-10-02T13:14:55Z,46.528973,12.015719,2480.718577
2026-10-02T13:14:56Z,46.528968,12.01573,2480.555015
2026-10-02T13:14:57Z,46.528963,12.01574,2480.389707
2026-10-02T13:14:58Z,46.52896,12.015747,2480.229521
2026-10-02T13:14:59Z,46.528958,12.015753,2480.079603
2026-10-02T13:15:00Z,46.528957,12.015756,2479.944094
2026-10-02T13:15:01Z,46.528956,12.015758,2479.826305
2026-10-02T13:15:02Z,46.528955,12.015762,2479.727694
2026-10-02T13:15:03Z,46.528952,12.015766,2479.648538
2026-10-02T13:15:04Z,46.528949,12.015771,2479.58904
2026-10-02T13:15:05Z,46.528946,12.015776,2479.549797
2026-10-02T13:15:06Z,46.528943,12.01578,2479.530441
2026-10-02T13:15:07Z,46.52894,12.015783,2479.5285
2026-10-02T13:15:08Z,46.528939,12.015784,2479.539246
2026-10-02T13:15:09Z,46.528938,12.015785,2479.556325
2026-10-02T13:15:10Z,46.528938,12.015785,2479.573374
2026-10-02T13:15:11Z,46.528937,12.015786,2479.585032
2026-10-02T13:15:12Z,46.528936,12.015786,2479.588356
2026-10-02T13:15:13Z,46.528935,12.015787,2479.583848
2026-10-02T13:15:14Z,46.528934,12.015787,2479.573954
2026-10-02T13:15:15Z,46.528933,12.015788,2479.561055
2026-10-02T13:15:16Z,46.528933,12.015789,2479.54759
2026-10-02T13:15:17Z,46.528932,12.015789,2479.536528
2026-10-02T13:15:18Z,46.528931,12.01579,2479.53035
2026-10-02T13:15:19Z,46.52893,12.015791,2479.530794
2026-10-02T13:15:20Z,46.528929,12.015791,2479.538573
2026-10-02T13:15:21Z,46.528928,12.015792,2479.553068
2026-10-02T13:15:22Z,46.528928,12.015792,2479.571715
2026-10-02T13:15:23Z,46.528927,12.015792,2479.590906
2026-10-02T13:15:24Z,46.528927,12.015792,2479.607032
2026-10-02T13:15:25Z,46.528927,12.015792,2479.617809
2026-10-02T13:15:26Z,46.528926,12.015792,2479.62269
2026-10-02T13:15:27Z,46.528926,12.015792,2479.623043
2026-10-02T13:15:28Z,46.528926,12.015792,2479.62091
2026-10-02T13:15:29Z,46.528926,12.015792,2479.618576
2026-10-02T13:15:30Z,46.528926,12.015792,2479.617836
2026-10-02T13:15:31Z,46.528926,12.015792,2479.61909
2026-10-02T13:15:32Z,46.528926,12.015792,2479.621196
2026-10-02T13:15:33Z,46.528926,12.015792,2479.622734
2026-10-02T13:15:34Z,46.528926,12.015792,2479.622159
2026-10-02T13:15:35Z,46.528926,12.015793,2479.617222
2026-10-02T13:15:36Z,46.528926,12.015794,2479.607647
2026-10-02T13:15:37Z,46.528926,12.015794,2479.594712
2026-10-02T13:15:38Z,46.528927,12.015794,2479.580754
2026-10-02T13:15:39Z,46.528927,12.015794,2479.568566
2026-10-02T13:15:40Z,46.528928,12.015795,2479.562588
2026-10-02T13:15:41Z,46.528928,12.015795,2479.566618
2026-10-02T13:15:42Z,46.528929,12.015796,2479.583203
2026-10-02T13:15:43Z,46.528929,12.015797,2479.612612
2026-10-02T13:15:44Z,46.528929,12.015797,2479.653099
2026-10-02T13:15:45Z,46.528929,12.015798,2479.700177
2026-10-02T13:15:46Z,46.528929,12.015799,2479.747101
2026-10-02T13:15:47Z,46.528929,12.015799,2479.786932
2026-10-02T13:15:48Z,46.52893,12.015799,2479.814839
2026-10-02T13:15:49Z,46.52893,12.015799,2479.828821
2026-10-02T13:15:50Z,46.52893,12.015799,2479.829658
2026-10-02T13:15:51Z,46.528931,12.015799,2479.820433
2026-10-02T13:15:52Z,46.528932,12.015799,2479.805157
2026-10-02T13:15:53Z,46.528932,12.015798,2479.786954
2026-10-02T13:15:54Z,46.528933,12.015798,2479.767897
2026-10-02T13:15:55Z,46.528935,12.015797,2479.74909
2026-10-02T13:15:56Z,46.528936,12.015796,2479.731165
2026-10-02T13:15:57Z,46.528938,12.015796,2479.714599
2026-10-02T13:15:58Z,46.52894,12.015796,2479.699943
2026-10-02T13:15:59Z,46.528941,12.015796,2479.688142
2026-10-02T13:16:00Z,46.528943,12.015796,2479.680413
2026-10-02T13:16:01Z,46.528945,12.015796,2479.677844
2026-10-02T13:16:02Z,46.528946,12.015797,2479.679677
2026-10-02T13:16:03Z,46.528948,12.015798,2479.684082
2026-10-02T13:16:04Z,46.528949,12.0158,2479.689389
2026-10-02T13:16:05Z,46.52895,12.015802,2479.693783
2026-10-02T13:16:06Z,46.528952,12.015804,2479.694572
2026-10-02T13:16:07Z,46.528953,12.015807,2479.691586
2026-10-02T13:16:08Z,46.528954,12.015808,2479.685474
2026-10-02T13:16:09Z,46.528954,12.015809,2479.677039
2026-10-02T13:16:10Z,46.528954,12.015809,2479.667647
2026-10-02T13:16:11Z,46.528954,12.015808,2479.661812
2026-10-02T13:16:12Z,46.528954,12.015808,2479.664247
2026-10-02T13:16:13Z,46.528954,12.015808,2479.679778
2026-10-02T13:16:14Z,46.528953,12.015809,2479.711258
2026-10-02T13:16:15Z,46.528953,12.015809,2479.758504
2026-10-02T13:16:16Z,46.528953,12.015809,2479.816843
2026-10-02T13:16:17Z,46.528952,12.015809,2479.878473
2026-10-02T13:16:18Z,46.528952,12.015809,2479.934261
2026-10-02T13:16:19Z,46.528951,12.015808,2479.976318
2026-10-02T13:16:20Z,46.528951,12.015807,2479.999887
2026-10-02T13:16:21Z,46.528951,12.015805,2480.003896
2026-10-02T13:16:22Z,46.528951,12.015804,2479.990928
2026-10-02T13:16:23Z,46.528951,12.015802,2479.966063
2026-10-02T13:16:24Z,46.52895,12.015801,2479.935413
2026-10-02T13:16:25Z,46.52895,12.015799,2479.904537
2026-10-02T13:16:26Z,46.528951,12.015798,2479.877728
2026-10-02T13:16:27Z,46.528951,12.015796,2479.857458
2026-10-02T13:16:28Z,46.528951,12.015794,2479.844478
2026-10-02T13:16:29Z,46.528951,12.015792,2479.838412
2026-10-02T13:16:30Z,46.528952,12.015789,2479.837605
2026-10-02T13:16:31Z,46.528952,12.015785,2479.840111
2026-10-02T13:16:32Z,46.528953,12.015781,2479.843986
2026-10-02T13:16:33Z,46.528954,12.015776,2479.846663
2026-10-02T13:16:34Z,46.528954,12.015773,2479.844738
2026-10-02T13:16:35Z,46.528955,12.015769,2479.837088
2026-10-02T13:16:36Z,46.528957,12.015765,2479.823701
2026-10-02T13:16:37Z,46.528958,12.015759,2479.804483
2026-10-02T13:16:38Z,46.528961,12.015752,2479.781142
2026-10-02T13:16:39Z,46.528964,12.015745,2479.757137
2026-10-02T13:16:40Z,46.528967,12.015737,2479.736641
2026-10-02T13:16:41Z,46.52897,12.015731,2479.724527
2026-10-02T13:16:42Z,46.528974,12.015725,2479.726807
2026-10-02T13:16:43Z,46.528979,12.015718,2479.750805
2026-10-02T13:16:44Z,46.528985,12.015709,2479.8018
2026-10-02T13:16:45Z,46.528992,12.015701,2479.881123
2026-10-02T13:16:46Z,46.529,12.015693,2479.986383
2026-10-02T13:16:47Z,46.529007,12.015685,2480.112648
2026-10-02T13:16:48Z,46.529014,12.015677,2480.25236
2026-10-02T13:16:49Z,46.529019,12.015668,2480.398493
2026-10-02T13:16:50Z,46.529023,12.01566,2480.546786
2026-10-02T13:16:51Z,46.529028,12.015652,2480.695713
2026-10-02T13:16:52Z,46.529033,12.015644,2480.845
2026-10-02T13:16:53Z,46.529037,12.015634,2480.994239
2026-10-02T13:16:54Z,46.529041,12.015624,2481.142178
2026-10-02T13:16:55Z,46.529043,12.015615,2481.286646
2026-10-02T13:16:56Z,46.529045,12.015607,2481.424468
2026-10-02T13:16:57Z,46.529046,12.015598,2481.552903
2026-10-02T13:16:58Z,46.529048,12.015589,2481.670766
2026-10-02T13:16:59Z,46.529048,12.01558,2481.778439
2026-10-02T13:17:00Z,46.529047,12.015574,2481.877583
2026-10-02T13:17:01Z,46.529046,12.015572,2481.969254
2026-10-02T13:17:02Z,46.529045,12.015571,2482.054326
2026-10-02T13:17:03Z,46.529043,12.015571,2482.13325
2026-10-02T13:17:04Z,46.529042,12.015572,2482.205971
2026-10-02T13:17:05Z,46.529041,12.015573,2482.272132
2026-10-02T13:17:06Z,46.52904,12.015574,2482.331349
2026-10-02T13:17:07Z,46.52904,12.015575,2482.383037
2026-10-02T13:17:08Z,46.529039,12.015576,2482.426283
2026-10-02T13:17:09Z,46.529039,12.015576,2482.459891
2026-10-02T13:17:10Z,46.529038,12.015577,2482.483123
2026-10-02T13:17:11Z,46.529038,12.015577,2482.496372
2026-10-02T13:17:12Z,46.529038,12.015578,2482.500974
2026-10-02T13:17:13Z,46.529038,12.015578,2482.498589
2026-10-02T13:17:14Z,46.529037,12.015578,2482.491129
2026-10-02T13:17:15Z,46.529037,12.015579,2482.480557
2026-10-02T13:17:16Z,46.529037,12.015579,2482.468304
2026-10-02T13:17:17Z,46.529037,12.01558,2482.454909
2026-10-02T13:17:18Z,46.529036,12.01558,2482.440894
2026-10-02T13:17:19Z,46.529036,12.015581,2482.426211
2026-10-02T13:17:20Z,46.529036,12.015582,2482.410356
2026-10-02T13:17:21Z,46.529035,12.015582,2482.392186
2026-10-02T13:17:22Z,46.529035,12.015583,2482.369756
2026-10-02T13:17:23Z,46.529035,12.015583,2482.33959
2026-10-02T13:17:24Z,46.529034,12.015584,2482.299595
2026-10-02T13:17:25Z,46.529034,12.015583,2482.248885
2026-10-02T13:17:26Z,46.529034,12.015581,2482.187331
2026-10-02T13:17:27Z,46.529034,12.015579,2482.118641
2026-10-02T13:17:28Z,46.529034,12.015576,2482.048986
2026-10-02T13:17:29Z,46.529035,12.015572,2481.985627
2026-10-02T13:17:30Z,46.529036,12.015566,2481.936256
2026-10-02T13:17:31Z,46.529037,12.015558,2481.908651
2026-10-02T13:17:32Z,46.529038,12.015546,2481.911285
2026-10-02T13:17:33Z,46.529039,12.015533,2481.950583
2026-10-02T13:17:34Z,46.52904,12.015522,2482.029108
2026-10-02T13:17:35Z,46.52904,12.015512,2482.144986
2026-10-02T13:17:36Z,46.529041,12.015501,2482.292709
2026-10-02T13:17:37Z,46.529042,12.015489,2482.464438
2026-10-02T13:17:38Z,46.529044,12.015478,2482.652232
2026-10-02T13:17:39Z,46.529047,12.015466,2482.850225
2026-10-02T13:17:40Z,46.529051,12.015454,2483.055118
2026-10-02T13:17:41Z,46.529055,12.015442,2483.265523
2026-10-02T13:17:42Z,46.529059,12.015429,2483.479132
2026-10-02T13:17:43Z,46.529063,12.015416,2483.692859
2026-10-02T13:17:44Z,46.529067,12.015404,2483.903218
2026-10-02T13:17:45Z,46.529072,12.015395,2484.109269
2026-10-02T13:17:46Z,46.529076,12.015386,2484.310614
2026-10-02T13:17:47Z,46.529081,12.015379,2484.506392
2026-10-02T13:17:48Z,46.529087,12.015374,2484.694858
2026-10-02T13:17:49Z,46.529092,12.015369,2484.875166
2026-10-02T13:17:50Z,46.529098,12.015363,2485.045162
2026-10-02T13:17:51Z,46.529104,12.015357,2485.203571
2026-10-02T13:17:52Z,46.529108,12.015351,2485.350675
2026-10-02T13:17:53Z,46.529112,12.015349,2485.487684
2026-10-02T13:17:54Z,46.529115,12.015349,2485.614424
2026-10-02T13:17:55Z,46.529116,12.015351,2485.72789
2026-10-02T13:17:56Z,46.529118,12.015353,2485.823502
2026-10-02T13:17:57Z,46.529119,12.015355,2485.897187
2026-10-02T13:17:58Z,46.529119,12.015357,2485.94623
2026-10-02T13:17:59Z,46.529118,12.01536,2485.970003
2026-10-02T13:18:00Z,46.529118,12.015363,2485.97077
2026-10-02T13:18:01Z,46.529117,12.015366,2485.952706
2026-10-02T13:18:02Z,46.529116,12.015369,2485.919724
2026-10-02T13:18:03Z,46.529114,12.015373,2485.875862
2026-10-02T13:18:04Z,46.529112,12.015376,2485.824893
2026-10-02T13:18:05Z,46.529111,12.01538,2485.770293
2026-10-02T13:18:06Z,46.52911,12.015384,2485.715025
2026-10-02T13:18:07Z,46.529109,12.015387,2485.661726
2026-10-02T13:18:08Z,46.529108,12.01539,2485.613909
2026-10-02T13:18:09Z,46.529108,12.015394,2485.574416
2026-10-02T13:18:10Z,46.529108,12.015397,2485.544831
2026-10-02T13:18:11Z,46.52911,12.015399,2485.526473
2026-10-02T13:18:12Z,46.529113,12.015399,2485.519771
2026-10-02T13:18:13Z,46.529117,12.015399,2485.524413
2026-10-02T13:18:14Z,46.529122,12.015398,2485.540307
2026-10-02T13:18:15Z,46.529127,12.015395,2485.568779
2026-10-02T13:18:16Z,46.529132,12.015392,2485.611902
2026-10-02T13:18:17Z,46.529136,12.015387,2485.671556
2026-10-02T13:18:18Z,46.529139,12.01538,2485.748689
2026-10-02T13:18:19Z,46.529142,12.015374,2485.842541
2026-10-02T13:18:20Z,46.529145,12.015367,2485.95086
2026-10-02T13:18:21Z,46.529149,12.015361,2486.06916
2026-10-02T13:18:22Z,46.529153,12.015356,2486.192484
2026-10-02T13:18:23Z,46.529157,12.015351,2486.316477
2026-10-02T13:18:24Z,46.52916,12.015347,2486.438013
2026-10-02T13:18:25Z,46.529164,12.015343,2486.555258
2026-10-02T13:18:26Z,46.529167,12.015338,2486.667112
2026-10-02T13:18:27Z,46.52917,12.015334,2486.772966
2026-10-02T13:18:28Z,46.529173,12.015329,2486.872379
2026-10-02T13:18:29Z,46.529175,12.015325,2486.965181
2026-10-02T13:18:30Z,46.529176,12.015323,2487.050833
2026-10-02T13:18:31Z,46.529177,12.01532,2487.130472
2026-10-02T13:18:32Z,46.529179,12.015316,2487.206562
2026-10-02T13:18:33Z,46.529181,12.015311,2487.281916
2026-10-02T13:18:34Z,46.529183,12.015303,2487.35919
2026-10-02T13:18:35Z,46.529187,12.015293,2487.441552
2026-10-02T13:18:36Z,46.529191,12.01528,2487.532927
2026-10-02T13:18:37Z,46.529195,12.015266,2487.637817
2026-10-02T13:18:38Z,46.529201,12.015251,2487.760754
2026-10-02T13:18:39Z,46.529207,12.015236,2487.905384
2026-10-02T13:18:40Z,46.529214,12.015221,2488.073578
2026-10-02T13:18:41Z,46.529222,12.015205,2488.264458
2026-10-02T13:18:42Z,46.529229,12.01519,2488.476013
2026-10-02T13:18:43Z,46.529236,12.015176,2488.713325
2026-10-02T13:18:44Z,46.529242,12.015165,2488.960621
2026-10-02T13:18:45Z,46.529247,12.015156,2489.2126
2026-10-02T13:18:46Z,46.529253,12.015147,2489.465614
2026-10-02T13:18:47Z,46.52926,12.015139,2489.716382
2026-10-02T13:18:48Z,46.529266,12.015129,2489.961712
2026-10-02T13:18:49Z,46.529274,12.015119,2490.197607
2026-10-02T13:18:50Z,46.52928,12.015107,2490.41831
2026-10-02T13:18:51Z,46.529287,12.015096,2490.615816
2026-10-02T13:18:52Z,46.529292,12.015087,2490.768021
2026-10-02T13:18:52Z,46.529293,12.015086,2490.795643
2026-10-02T13:18:53Z,46.529299,12.015079,2490.977432
2026-10-02T13:18:54Z,46.529306,12.015075,2491.193389
2026-10-02T13:18:55Z,46.529313,12.015073,2491.429461
2026-10-02T13:18:56Z,46.52932,12.015072,2491.673702
2026-10-02T13:18:57Z,46.529326,12.01507,2491.916447
2026-10-02T13:18:58Z,46.529331,12.015069,2492.150882
2026-10-02T13:18:59Z,46.529336,12.015067,2492.373378
2026-10-02T13:19:00Z,46.529342,12.015064,2492.580697
2026-10-02T13:19:01Z,46.529346,12.015063,2492.772195
2026-10-02T13:19:02Z,46.529349,12.015063,2492.950783
2026-10-02T13:19:03Z,46.529351,12.015064,2493.120358
2026-10-02T13:19:04Z,46.529353,12.015063,2493.282155
2026-10-02T13:19:05Z,46.529355,12.015062,2493.436295
2026-10-02T13:19:06Z,46.529356,12.015063,2493.581776
2026-10-02T13:19:07Z,46.529356,12.015065,2493.716097
2026-10-02T13:19:08Z,46.529356,12.015067,2493.836323
2026-10-02T13:19:09Z,46.529356,12.015069,2493.943418
2026-10-02T13:19:10Z,46.529356,12.01507,2494.040219
2026-10-02T13:19:11Z,46.529356,12.015071,2494.12998
2026-10-02T13:19:12Z,46.529356,12.015072,2494.214037
2026-10-02T13:19:13Z,46.529356,12.015072,2494.291632
2026-10-02T13:19:14Z,46.529356,12.015071,2494.357642
2026-10-02T13:19:15Z,46.529356,12.015071,2494.405629
2026-10-02T13:19:16Z,46.529356,12.015071,2494.430032
2026-10-02T13:19:17Z,46.529356,12.01507,2494.429175
2026-10-02T13:19:18Z,46.529355,12.01507,2494.405491
2026-10-02T13:19:19Z,46.529355,12.015069,2494.365854
2026-10-02T13:19:20Z,46.529354,12.015068,2494.320107
2026-10-02T13:19:21Z,46.529354,12.015067,2494.278645
2026-10-02T13:19:22Z,46.529353,12.015064,2494.247888
2026-10-02T13:19:23Z,46.529353,12.015062,2494.235576
2026-10-02T13:19:24Z,46.529353,12.015058,2494.24628
2026-10-02T13:19:25Z,46.529354,12.015053,2494.28141
2026-10-02T13:19:26Z,46.529355,12.015046,2494.340307
2026-10-02T13:19:27Z,46.529356,12.015036,2494.424488
2026-10-02T13:19:28Z,46.529358,12.015026,2494.534633
2026-10-02T13:19:29Z,46.529361,12.015015,2494.672205
2026-10-02T13:19:30Z,46.529364,12.015003,2494.838872
2026-10-02T13:19:31Z,46.529367,12.014988,2495.036573
2026-10-02T13:19:32Z,46.529369,12.014971,2495.263157
2026-10-02T13:19:33Z,46.529372,12.014955,2495.510479
2026-10-02T13:19:34Z,46.529375,12.014941,2495.766897
2026-10-02T13:19:35Z,46.52938,12.014928,2496.020747
2026-10-02T13:19:36Z,46.529384,12.014916,2496.265541
2026-10-02T13:19:37Z,46.529388,12.014905,2496.499965
2026-10-02T13:19:38Z,46.529391,12.014897,2496.727629
2026-10-02T13:19:39Z,46.529393,12.014892,2496.954814
2026-10-02T13:19:40Z,46.529395,12.01489,2497.189246
2026-10-02T13:19:41Z,46.529396,12.014888,2497.433493
2026-10-02T13:19:42Z,46.529398,12.014884,2497.688289
2026-10-02T13:19:43Z,46.529399,12.014881,2497.953098
2026-10-02T13:19:44Z,46.529401,12.014877,2498.225625
2026-10-02T13:19:45Z,46.529402,12.014873,2498.500702
2026-10-02T13:19:46Z,46.529402,12.014868,2498.769802
2026-10-02T13:19:47Z,46.529403,12.014864,2499.022641
2026-10-02T13:19:48Z,46.529404,12.014861,2499.24942
2026-10-02T13:19:49Z,46.529404,12.014859,2499.442488
2026-10-02T13:19:50Z,46.529404,12.014859,2499.59803
2026-10-02T13:19:51Z,46.529404,12.01486,2499.716981
2026-10-02T13:19:52Z,46.529403,12.014861,2499.803657
2026-10-02T13:19:53Z,46.529403,12.014863,2499.863713
2026-10-02T13:19:54Z,46.529403,12.014865,2499.902874
2026-10-02T13:19:55Z,46.529403,12.014867,2499.926444
2026-10-02T13:19:56Z,46.529402,12.014869,2499.938872
2026-10-02T13:19:57Z,46.529402,12.01487,2499.943574
2026-10-02T13:19:58Z,46.529402,12.014871,2499.942943
2026-10-02T13:19:59Z,46.529401,12.014872,2499.939031
2026-10-02T13:20:00Z,46.529401,12.014876,2499.933259
2026-10-02T13:20:01Z,46.5294,12.014879,2499.926421
2026-10-02T13:20:02Z,46.5294,12.014884,2499.918712
2026-10-02T13:20:03Z,46.529399,12.014888,2499.910147
2026-10-02T13:20:04Z,46.529399,12.014892,2499.900609
2026-10-02T13:20:05Z,46.529399,12.014896,2499.890046
2026-10-02T13:20:06Z,46.529399,12.0149,2499.878482
2026-10-02T13:20:07Z,46.529399,12.014904,2499.867081
2026-10-02T13:20:08Z,46.529399,12.014907,2499.856719
2026-10-02T13:20:09Z,46.5294,12.01491,2499.848184
2026-10-02T13:20:10Z,46.529401,12.014912,2499.842399
2026-10-02T13:20:11Z,46.529401,12.014912,2499.840346
2026-10-02T13:20:12Z,46.529403,12.014911,2499.844053
2026-10-02T13:20:13Z,46.529404,12.014909,2499.856032
2026-10-02T13:20:14Z,46.529405,12.014906,2499.879351
2026-10-02T13:20:15Z,46.529407,12.014903,2499.91731
2026-10-02T13:20:16Z,46.529409,12.0149,2499.972516
2026-10-02T13:20:17Z,46.529411,12.014897,2500.046362
2026-10-02T13:20:18Z,46.529413,12.014894,2500.139738
2026-10-02T13:20:19Z,46.529416,12.014892,2500.252799
2026-10-02T13:20:20Z,46.529418,12.01489,2500.383863
2026-10-02T13:20:21Z,46.52942,12.014887,2500.531257
2026-10-02T13:20:22Z,46.529422,12.014885,2500.691862
2026-10-02T13:20:23Z,46.529424,12.014883,2500.861687
2026-10-02T13:20:24Z,46.529426,12.014882,2501.035954
2026-10-02T13:20:25Z,46.529428,12.014881,2501.209224
2026-10-02T13:20:26Z,46.529429,12.014881,2501.3752
2026-10-02T13:20:27Z,46.529429,12.014882,2501.528388
2026-10-02T13:20:28Z,46.529428,12.014883,2501.664017
2026-10-02T13:20:29Z,46.529428,12.014883,2501.778748
2026-10-02T13:20:30Z,46.529428,12.014884,2501.872309
2026-10-02T13:20:31Z,46.529428,12.014884,2501.946701
2026-10-02T13:20:32Z,46.529428,12.014884,2502.006029
2026-10-02T13:20:33Z,46.529429,12.014884,2502.056103
2026-10-02T13:20:34Z,46.529431,12.014883,2502.103302
2026-10-02T13:20:35Z,46.529435,12.014883,2502.154114
2026-10-02T13:20:36Z,46.529439,12.014883,2502.214303
2026-10-02T13:20:37Z,46.529444,12.014883,2502.288258
2026-10-02T13:20:38Z,46.529449,12.014883,2502.378852
2026-10-02T13:20:39Z,46.529455,12.014882,2502.487296
2026-10-02T13:20:40Z,46.529462,12.01488,2502.613518
2026-10-02T13:20:41Z,46.529471,12.014879,2502.756574
2026-10-02T13:20:42Z,46.529479,12.014878,2502.915069
2026-10-02T13:20:43Z,46.529486,12.014877,2503.08718
2026-10-02T13:20:44Z,46.529492,12.014876,2503.271259
2026-10-02T13:20:45Z,46.529498,12.014875,2503.465488
2026-10-02T13:20:46Z,46.529504,12.014874,2503.66766
2026-10-02T13:20:47Z,46.529511,12.014874,2503.875397
2026-10-02T13:20:48Z,46.529517,12.014874,2504.086873
2026-10-02T13:20:49Z,46.529523,12.014873,2504.300238
2026-10-02T13:20:50Z,46.529529,12.014871,2504.513433
2026-10-02T13:20:51Z,46.529534,12.01487,2504.724184
2026-10-02T13:20:52Z,46.52954,12.01487,2504.930237
2026-10-02T13:20:53Z,46.529547,12.014871,2505.130377
2026-10-02T13:20:54Z,46.529555,12.014871,2505.324577
2026-10-02T13:20:55Z,46.529561,12.014869,2505.514145
2026-10-02T13:20:56Z,46.529566,12.014865,2505.700985
2026-10-02T13:20:57Z,46.529571,12.014861,2505.887131
2026-10-02T13:20:58Z,46.529578,12.014858,2506.074276
2026-10-02T13:20:59Z,46.529585,12.014855,2506.26372
2026-10-02T13:21:00Z,46.529593,12.014852,2506.45638
2026-10-02T13:21:01Z,46.5296,12.014849,2506.653093
2026-10-02T13:21:02Z,46.529605,12.014847,2506.854077
2026-10-02T13:21:03Z,46.529609,12.014846,2507.059021
2026-10-02T13:21:04Z,46.529613,12.014845,2507.267715
2026-10-02T13:21:05Z,46.529618,12.014845,2507.480268
2026-10-02T13:21:06Z,46.529624,12.014845,2507.697241
2026-10-02T13:21:07Z,46.52963,12.014845,2507.919559
2026-10-02T13:21:08Z,46.529637,12.014845,2508.148241
2026-10-02T13:21:09Z,46.529642,12.014844,2508.38466
2026-10-02T13:21:10Z,46.529647,12.014841,2508.630283
2026-10-02T13:21:11Z,46.52965,12.014835,2508.8859
2026-10-02T13:21:12Z,46.529653,12.014828,2509.151674
2026-10-02T13:21:13Z,46.529657,12.01482,2509.427806
2026-10-02T13:21:14Z,46.52966,12.014813,2509.711575
2026-10-02T13:21:15Z,46.529663,12.014807,2509.999693
2026-10-02T13:21:16Z,46.529666,12.014799,2510.288471
2026-10-02T13:21:17Z,46.529666,12.01479,2510.573674
2026-10-02T13:21:18Z,46.529666,12.014781,2510.849412
2026-10-02T13:21:19Z,46.529665,12.014772,2511.110879
2026-10-02T13:21:20Z,46.529663,12.014764,2511.353539
2026-10-02T13:21:21Z,46.529661,12.014756,2511.573992
2026-10-02T13:21:22Z,46.529658,12.014747,2511.770737
2026-10-02T13:21:23Z,46.529655,12.014739,2511.94556
2026-10-02T13:21:24Z,46.529652,12.01473,2512.103249
2026-10-02T13:21:25Z,46.529649,12.014723,2512.250575
2026-10-02T13:21:26Z,46.529647,12.014715,2512.394643
2026-10-02T13:21:27Z,46.529645,12.014708,2512.542131
2026-10-02T13:21:28Z,46.529642,12.014701,2512.697759
2026-10-02T13:21:29Z,46.52964,12.014695,2512.862604
2026-10-02T13:21:30Z,46.529638,12.014688,2513.034874
2026-10-02T13:21:31Z,46.529636,12.014679,2513.21112
2026-10-02T13:21:32Z,46.529633,12.014671,2513.389261
2026-10-02T13:21:33Z,46.529633,12.014665,2513.567708
2026-10-02T13:21:34Z,46.529632,12.014659,2513.745695
2026-10-02T13:21:35Z,46.529633,12.014651,2513.923131
2026-10-02T13:21:36Z,46.529633,12.014642,2514.100959
2026-10-02T13:21:37Z,46.529634,12.014634,2514.278544
2026-10-02T13:21:38Z,46.529636,12.014626,2514.455752
2026-10-02T13:21:39Z,46.529637,12.014617,2514.633448
2026-10-02T13:21:40Z,46.529637,12.014609,2514.812004
2026-10-02T13:21:41Z,46.529638,12.014603,2514.990364
2026-10-02T13:21:42Z,46.529639,12.0146,2515.16562
2026-10-02T13:21:43Z,46.529639,12.014599,2515.333096
2026-10-02T13:21:44Z,46.52964,12.0146,2515.487188
2026-10-02T13:21:45Z,46.52964,12.014602,2515.621928
2026-10-02T13:21:46Z,46.52964,12.014603,2515.733452
2026-10-02T13:21:47Z,46.52964,12.014604,2515.819744
2026-10-02T13:21:48Z,46.529639,12.014606,2515.880324
2026-10-02T13:21:49Z,46.529639,12.014607,2515.915194
2026-10-02T13:21:50Z,46.529639,12.014607,2515.928047
2026-10-02T13:21:51Z,46.529638,12.014608,2515.922096
2026-10-02T13:21:52Z,46.529638,12.014609,2515.899742
2026-10-02T13:21:53Z,46.529637,12.014611,2515.863537
2026-10-02T13:21:54Z,46.529636,12.014612,2515.816175
2026-10-02T13:21:55Z,46.529636,12.014612,2515.761352
2026-10-02T13:21:56Z,46.529635,12.014613,2515.704943
2026-10-02T13:21:57Z,46.529634,12.014614,2515.655469
2026-10-02T13:21:58Z,46.529634,12.014615,2515.621982
2026-10-02T13:21:59Z,46.529634,12.014616,2515.612882
2026-10-02T13:22:00Z,46.529633,12.014617,2515.631664
2026-10-02T13:22:01Z,46.529633,12.014618,2515.676858
2026-10-02T13:22:02Z,46.529633,12.014618,2515.742827
2026-10-02T13:22:03Z,46.529633,12.014619,2515.82211
2026-10-02T13:22:04Z,46.529632,12.01462,2515.905587
2026-10-02T13:22:05Z,46.529632,12.014621,2515.984102
2026-10-02T13:22:06Z,46.529632,12.014621,2516.049703
2026-10-02T13:22:07Z,46.529632,12.014622,2516.096445
2026-10-02T13:22:08Z,46.529633,12.014622,2516.121556
2026-10-02T13:22:09Z,46.529633,12.014623,2516.125884
2026-10-02T13:22:10Z,46.529633,12.014623,2516.113631
2026-10-02T13:22:11Z,46.529633,12.014624,2516.09044
2026-10-02T13:22:12Z,46.529633,12.014625,2516.061986
2026-10-02T13:22:13Z,46.529633,12.014626,2516.032419
2026-10-02T13:22:14Z,46.529634,12.014627,2516.003727
2026-10-02T13:22:15Z,46.529634,12.014628,2515.975683
2026-10-02T13:22:16Z,46.529634,12.014629,2515.948672
2026-10-02T13:22:17Z,46.529634,12.01463,2515.921984
2026-10-02T13:22:18Z,46.529635,12.014631,2515.895162
2026-10-02T13:22:19Z,46.529636,12.014632,2515.869011
2026-10-02T13:22:20Z,46.529636,12.014634,2515.847251
2026-10-02T13:22:21Z,46.529637,12.014635,2515.832931
2026-10-02T13:22:22Z,46.529638,12.014635,2515.83009
2026-10-02T13:22:23Z,46.529639,12.014634,2515.843103
2026-10-02T13:22:24Z,46.529641,12.014633,2515.875888
2026-10-02T13:22:25Z,46.529643,12.014631,2515.928572
2026-10-02T13:22:26Z,46.529646,12.014628,2515.999739
2026-10-02T13:22:27Z,46.52965,12.014623,2516.086128
2026-10-02T13:22:28Z,46.529655,12.014618,2516.183402
2026-10-02T13:22:29Z,46.529662,12.014611,2516.286426
2026-10-02T13:22:30Z,46.52967,12.014605,2516.393214
2026-10-02T13:22:31Z,46.529678,12.014599,2516.505737
2026-10-02T13:22:32Z,46.529688,12.014592,2516.628506
2026-10-02T13:22:33Z,46.529697,12.014585,2516.766528
2026-10-02T13:22:34Z,46.529705,12.014579,2516.92236
2026-10-02T13:22:35Z,46.529712,12.014574,2517.095364
2026-10-02T13:22:36Z,46.529718,12.014566,2517.28214
2026-10-02T13:22:37Z,46.529721,12.014557,2517.478205
2026-10-02T13:22:38Z,46.529723,12.014548,2517.679877
2026-10-02T13:22:39Z,46.529724,12.014539,2517.884854
2026-10-02T13:22:40Z,46.529725,12.014531,2518.09244
2026-10-02T13:22:41Z,46.529726,12.014523,2518.302574
2026-10-02T13:22:42Z,46.529726,12.014515,2518.515089
2026-10-02T13:22:43Z,46.529727,12.014506,2518.729495
2026-10-02T13:22:44Z,46.529727,12.014497,2518.947277
2026-10-02T13:22:45Z,46.529727,12.014488,2519.170186
2026-10-02T13:22:46Z,46.529725,12.014478,2519.399132
2026-10-02T13:22:47Z,46.529723,12.014469,2519.632675
2026-10-02T13:22:48Z,46.529722,12.014459,2519.868894
2026-10-02T13:22:49Z,46.529722,12.01445,2520.106967
2026-10-02T13:22:50Z,46.529721,12.014439,2520.347451
2026-10-02T13:22:51Z,46.529721,12.014427,2520.592018
2026-10-02T13:22:52Z,46.52972,12.014416,2520.842639
2026-10-02T13:22:53Z,46.52972,12.014407,2521.100547
2026-10-02T13:22:54Z,46.52972,12.0144,2521.364765
2026-10-02T13:22:55Z,46.52972,12.014392,2521.632564
2026-10-02T13:22:56Z,46.529722,12.014385,2521.901843
2026-10-02T13:22:57Z,46.529723,12.014377,2522.171268
2026-10-02T13:22:58Z,46.529723,12.014369,2522.439769
2026-10-02T13:22:59Z,46.529724,12.01436,2522.705676
2026-10-02T13:23:00Z,46.529725,12.01435,2522.967119
2026-10-02T13:23:01Z,46.529726,12.014341,2523.221514
2026-10-02T13:23:02Z,46.529727,12.014332,2523.467088
2026-10-02T13:23:03Z,46.529727,12.014324,2523.703292
2026-10-02T13:23:04Z,46.529727,12.014315,2523.931383
2026-10-02T13:23:05Z,46.529727,12.014306,2524.152877
2026-10-02T13:23:06Z,46.529726,12.014297,2524.37031
2026-10-02T13:23:07Z,46.529724,12.014288,2524.587213
2026-10-02T13:23:08Z,46.529722,12.014279,2524.807265
2026-10-02T13:23:09Z,46.52972,12.014268,2525.032776
2026-10-02T13:23:10Z,46.529718,12.014258,2525.264806
2026-10-02T13:23:11Z,46.529717,12.014247,2525.502833
2026-10-02T13:23:12Z,46.529716,12.014238,2525.745009
2026-10-02T13:23:13Z,46.529717,12.014228,2525.988985
2026-10-02T13:23:14Z,46.529718,12.014219,2526.233546
2026-10-02T13:23:15Z,46.529719,12.014211,2526.479051
2026-10-02T13:23:16Z,46.52972,12.014203,2526.726814
2026-10-02T13:23:17Z,46.529722,12.014193,2526.977963
2026-10-02T13:23:18Z,46.529724,12.014181,2527.232452
2026-10-02T13:23:19Z,46.529726,12.014167,2527.489303
2026-10-02T13:23:20Z,46.529728,12.014154,2527.746741
2026-10-02T13:23:21Z,46.52973,12.014144,2528.002676
2026-10-02T13:23:22Z,46.529733,12.014137,2528.255476
2026-10-02T13:23:23Z,46.529736,12.01413,2528.502939
2026-10-02T13:23:24Z,46.529739,12.014127,2528.742991
2026-10-02T13:23:25Z,46.529743,12.014125,2528.97409
2026-10-02T13:23:26Z,46.529748,12.014123,2529.195402
2026-10-02T13:23:27Z,46.529755,12.014121,2529.406673
2026-10-02T13:23:28Z,46.529762,12.014119,2529.607777
2026-10-02T13:23:29Z,46.52977,12.014118,2529.799292
2026-10-02T13:23:30Z,46.529777,12.014118,2529.981743
2026-10-02T13:23:31Z,46.529784,12.014119,2530.154215
2026-10-02T13:23:32Z,46.52979,12.01412,2530.315897
2026-10-02T13:23:33Z,46.529794,12.014121,2530.466974
2026-10-02T13:23:34Z,46.529796,12.014124,2530.607312
2026-10-02T13:23:35Z,46.529797,12.014127,2530.735401
2026-10-02T13:23:36Z,46.529797,12.01413,2530.848993
2026-10-02T13:23:37Z,46.529797,12.014133,2530.945379
2026-10-02T13:23:38Z,46.529797,12.014135,2531.022288
2026-10-02T13:23:39Z,46.529797,12.014136,2531.07907
2026-10-02T13:23:40Z,46.529797,12.014137,2531.117922
2026-10-02T13:23:41Z,46.529797,12.014138,2531.14349
2026-10-02T13:23:42Z,46.529797,12.014138,2531.161471
2026-10-02T13:23:43Z,46.529797,12.014138,2531.176827
2026-10-02T13:23:44Z,46.529797,12.014139,2531.192949
2026-10-02T13:23:45Z,46.529797,12.014139,2531.211435
2026-10-02T13:23:46Z,46.529797,12.01414,2531.232391
2026-10-02T13:23:47Z,46.529796,12.01414,2531.254905
2026-10-02T13:23:48Z,46.529796,12.01414,2531.277743
2026-10-02T13:23:49Z,46.529796,12.014141,2531.299914
2026-10-02T13:23:50Z,46.529796,12.014142,2531.320374
2026-10-02T13:23:51Z,46.529796,12.014143,2531.339305
2026-10-02T13:23:52Z,46.529796,12.014144,2531.357687
2026-10-02T13:23:53Z,46.529796,12.014145,2531.376782
2026-10-02T13:23:54Z,46.529797,12.014147,2531.399119
2026-10-02T13:23:55Z,46.529799,12.014148,2531.427685
2026-10-02T13:23:56Z,46.529802,12.014149,2531.465652
2026-10-02T13:23:57Z,46.529807,12.014149,2531.516251
2026-10-02T13:23:58Z,46.529813,12.014149,2531.58258
2026-10-02T13:23:59Z,46.529819,12.014148,2531.667579
2026-10-02T13:24:00Z,46.529825,12.014147,2531.773152
2026-10-02T13:24:01Z,46.529831,12.014146,2531.899889
2026-10-02T13:24:02Z,46.529837,12.014146,2532.047374
2026-10-02T13:24:03Z,46.529843,12.014146,2532.214029
2026-10-02T13:24:04Z,46.529849,12.014146,2532.3974
2026-10-02T13:24:05Z,46.529855,12.014145,2532.594949
2026-10-02T13:24:06Z,46.529862,12.014144,2532.804727
2026-10-02T13:24:07Z,46.529868,12.014142,2533.025404
2026-10-02T13:24:08Z,46.529873,12.01414,2533.256333
2026-10-02T13:24:09Z,46.529878,12.014138,2533.496823
2026-10-02T13:24:10Z,46.529885,12.014136,2533.745876
2026-10-02T13:24:11Z,46.529892,12.014132,2534.002121
2026-10-02T13:24:12Z,46.529899,12.014127,2534.264965
2026-10-02T13:24:13Z,46.529905,12.014121,2534.541665
2026-10-02T13:24:14Z,46.529909,12.014114,2534.818455
2026-10-02T13:24:15Z,46.529913,12.014106,2535.091497
2026-10-02T13:24:16Z,46.529916,12.014099,2535.358146
2026-10-02T13:24:17Z,46.529918,12.014093,2535.615903
2026-10-02T13:24:18Z,46.529921,12.014088,2535.861777
2026-10-02T13:24:19Z,46.529924,12.014084,2536.091616
2026-10-02T13:24:20Z,46.529927,12.014079,2536.299587
2026-10-02T13:24:21Z,46.52993,12.014075,2536.47749
2026-10-02T13:24:22Z,46.529932,12.014071,2536.606253
2026-10-02T13:24:22Z,46.529933,12.014071,2536.628193
2026-10-02T13:24:23Z,46.529934,12.014066,2536.777255
2026-10-02T13:24:24Z,46.529935,12.014059,2536.957141
2026-10-02T13:24:25Z,46.529935,12.014051,2537.157121
2026-10-02T13:24:26Z,46.529934,12.014041,2537.369835
2026-10-02T13:24:27Z,46.529935,12.014031,2537.590189
2026-10-02T13:24:28Z,46.529936,12.014021,2537.815594
2026-10-02T13:24:29Z,46.529938,12.014012,2538.04421
2026-10-02T13:24:30Z,46.529938,12.014003,2538.275207
2026-10-02T13:24:31Z,46.529939,12.013996,2538.507589
2026-10-02T13:24:32Z,46.52994,12.013988,2538.740025
2026-10-02T13:24:33Z,46.52994,12.013979,2538.97184
2026-10-02T13:24:34Z,46.529941,12.01397,2539.202778
2026-10-02T13:24:35Z,46.529943,12.01396,2539.434236
2026-10-02T13:24:36Z,46.529944,12.01395,2539.667877
2026-10-02T13:24:37Z,46.529946,12.01394,2539.90491
2026-10-02T13:24:38Z,46.529949,12.013932,2540.144273
2026-10-02T13:24:39Z,46.529951,12.013924,2540.384991
2026-10-02T13:24:40Z,46.529954,12.013916,2540.625122
2026-10-02T13:24:41Z,46.529955,12.01391,2540.862342
2026-10-02T13:24:42Z,46.529956,12.013905,2541.094105
2026-10-02T13:24:43Z,46.529955,12.013902,2541.316982
2026-10-02T13:24:44Z,46.529953,12.013902,2541.52683
2026-10-02T13:24:45Z,46.529951,12.013903,2541.719216
2026-10-02T13:24:46Z,46.529949,12.013903,2541.8902
2026-10-02T13:24:47Z,46.529948,12.013904,2542.037225
2026-10-02T13:24:48Z,46.529947,12.013904,2542.159813
2026-10-02T13:24:49Z,46.529946,12.013904,2542.258906
2026-10-02T13:24:50Z,46.529946,12.013904,2542.337057
2026-10-02T13:24:51Z,46.529946,12.013903,2542.399134
2026-10-02T13:24:52Z,46.529946,12.013901,2542.450875
2026-10-02T13:24:53Z,46.529946,12.013898,2542.498239
2026-10-02T13:24:54Z,46.529945,12.013893,2542.547004
2026-10-02T13:24:55Z,46.529945,12.013887,2542.602384
2026-10-02T13:24:56Z,46.529946,12.01388,2542.669979
2026-10-02T13:24:57Z,46.529948,12.013871,2542.755024
2026-10-02T13:24:58Z,46.52995,12.013861,2542.861718
2026-10-02T13:24:59Z,46.529952,12.013851,2542.992833
2026-10-02T13:25:00Z,46.529955,12.013841,2543.150155
2026-10-02T13:25:01Z,46.529956,12.013831,2543.330553
2026-10-02T13:25:02Z,46.529958,12.013822,2543.529403
2026-10-02T13:25:03Z,46.529959,12.013813,2543.741699
2026-10-02T13:25:04Z,46.529961,12.013806,2543.962189
2026-10-02T13:25:05Z,46.529962,12.0138,2544.184444
2026-10-02T13:25:06Z,46.529964,12.013796,2544.400891
2026-10-02T13:25:07Z,46.529965,12.013795,2544.603941
2026-10-02T13:25:08Z,46.529966,12.013796,2544.786985
2026-10-02T13:25:09Z,46.529967,12.013799,2544.944492
2026-10-02T13:25:10Z,46.529967,12.013801,2545.073641
2026-10-02T13:25:11Z,46.529968,12.013804,2545.17651
2026-10-02T13:25:12Z,46.529969,12.013806,2545.257536
2026-10-02T13:25:13Z,46.52997,12.013807,2545.320731
2026-10-02T13:25:14Z,46.529971,12.013807,2545.371113
2026-10-02T13:25:15Z,46.529972,12.013806,2545.4132
2026-10-02T13:25:16Z,46.529974,12.013802,2545.451176
2026-10-02T13:25:17Z,46.529975,12.013796,2545.489729
2026-10-02T13:25:18Z,46.529977,12.013788,2545.535004
2026-10-02T13:25:19Z,46.529979,12.013779,2545.594578
2026-10-02T13:25:20Z,46.529982,12.013771,2545.675518
2026-10-02T13:25:21Z,46.529984,12.013762,2545.782929
2026-10-02T13:25:22Z,46.529985,12.013753,2545.919538
2026-10-02T13:25:23Z,46.529986,12.013744,2546.085543
2026-10-02T13:25:24Z,46.529986,12.013735,2546.277176
2026-10-02T13:25:25Z,46.529987,12.013727,2546.489242
2026-10-02T13:25:26Z,46.529987,12.01372,2546.71685
2026-10-02T13:25:27Z,46.529989,12.013713,2546.955667
2026-10-02T13:25:28Z,46.529991,12.013704,2547.201839
2026-10-02T13:25:29Z,46.529994,12.013696,2547.452053
2026-10-02T13:25:30Z,46.529997,12.013689,2547.702917
2026-10-02T13:25:31Z,46.529999,12.013683,2547.950301
2026-10-02T13:25:32Z,46.530001,12.013677,2548.190771
2026-10-02T13:25:33Z,46.530002,12.013671,2548.422256
2026-10-02T13:25:34Z,46.530003,12.013664,2548.644402
2026-10-02T13:25:35Z,46.530003,12.013657,2548.858327
2026-10-02T13:25:36Z,46.530003,12.013651,2549.066406
2026-10-02T13:25:37Z,46.530002,12.013643,2549.271924
2026-10-02T13:25:38Z,46.530001,12.013634,2549.477929
2026-10-02T13:25:39Z,46.529999,12.013625,2549.68651
2026-10-02T13:25:40Z,46.529997,12.013616,2549.898545
2026-10-02T13:25:41Z,46.529997,12.013608,2550.114102
2026-10-02T13:25:42Z,46.529997,12.013601,2550.330847
2026-10-02T13:25:43Z,46.529998,12.013594,2550.545894
2026-10-02T13:25:44Z,46.529998,12.013587,2550.757124
2026-10-02T13:25:45Z,46.529998,12.013581,2550.962667
2026-10-02T13:25:46Z,46.529999,12.013576,2551.16068
2026-10-02T13:25:47Z,46.529999,12.013572,2551.349092
2026-10-02T13:25:48Z,46.529999,12.013569,2551.525302
2026-10-02T13:25:49Z,46.529999,12.013568,2551.685635
2026-10-02T13:25:50Z,46.529999,12.013568,2551.827817
2026-10-02T13:25:51Z,46.529999,12.013568,2551.950551
2026-10-02T13:25:52Z,46.529999,12.013566,2552.05494
2026-10-02T13:25:53Z,46.53,12.013563,2552.144834
2026-10-02T13:25:54Z,46.530001,12.013558,2552.226328
2026-10-02T13:25:55Z,46.530002,12.013551,2552.305925
2026-10-02T13:25:56Z,46.530003,12.013544,2552.390347
2026-10-02T13:25:57Z,46.530006,12.013536,2552.48566
2026-10-02T13:25:58Z,46.530008,12.013527,2552.596556
2026-10-02T13:25:59Z,46.530011,12.013518,2552.725485
2026-10-02T13:26:00Z,46.530014,12.013509,2552.872422
2026-10-02T13:26:01Z,46.530017,12.013501,2553.035173
2026-10-02T13:26:02Z,46.530019,12.013493,2553.210009
2026-10-02T13:26:03Z,46.530022,12.013485,2553.392382
2026-10-02T13:26:04Z,46.530024,12.013478,2553.578153
2026-10-02T13:26:05Z,46.530027,12.013471,2553.764738
2026-10-02T13:26:06Z,46.530031,12.013464,2553.9511
2026-10-02T13:26:07Z,46.530035,12.013458,2554.137375
2026-10-02T13:26:08Z,46.53004,12.013453,2554.323629
2026-10-02T13:26:09Z,46.530044,12.01345,2554.50994
2026-10-02T13:26:10Z,46.53005,12.013448,2554.696409
2026-10-02T13:26:11Z,46.530056,12.013446,2554.883436
2026-10-02T13:26:12Z,46.530063,12.013444,2555.066449
2026-10-02T13:26:13Z,46.530069,12.013443,2555.255371
2026-10-02T13:26:14Z,46.530075,12.013439,2555.445737
2026-10-02T13:26:15Z,46.530079,12.013435,2555.637533
2026-10-02T13:26:16Z,46.530084,12.013429,2555.830875
2026-10-02T13:26:17Z,46.530088,12.013423,2556.02603
2026-10-02T13:26:18Z,46.530094,12.013415,2556.224186
2026-10-02T13:26:19Z,46.530098,12.013408,2556.427095
2026-10-02T13:26:20Z,46.530101,12.013401,2556.6365
2026-10-02T13:26:21Z,46.530105,12.013394,2556.853942
2026-10-02T13:26:23Z,46.530111,12.013385,2557.137454
2026-10-02T13:26:23Z,46.530115,12.01338,2557.280233
2026-10-02T13:26:24Z,46.530121,12.013372,2557.494228
2026-10-02T13:26:25Z,46.530125,12.013365,2557.718239
2026-10-02T13:26:26Z,46.530128,12.01336,2557.949855
2026-10-02T13:26:27Z,46.530131,12.013355,2558.185905
2026-10-02T13:26:28Z,46.530132,12.013349,2558.422265
2026-10-02T13:26:29Z,46.530133,12.013345,2558.653783
2026-10-02T13:26:30Z,46.530133,12.013342,2558.875595
2026-10-02T13:26:31Z,46.530131,12.013341,2559.081557
2026-10-02T13:26:32Z,46.530129,12.013341,2559.265892
2026-10-02T13:26:33Z,46.530127,12.013342,2559.42408
2026-10-02T13:26:34Z,46.530126,12.013342,2559.552393
2026-10-02T13:26:35Z,46.530125,12.013343,2559.647833
2026-10-02T13:26:36Z,46.530125,12.013343,2559.70963
2026-10-02T13:26:37Z,46.530125,12.013343,2559.738419
2026-10-02T13:26:38Z,46.530125,12.013342,2559.734092
2026-10-02T13:26:39Z,46.530126,12.013342,2559.700216
2026-10-02T13:26:40Z,46.530127,12.01334,2559.641914
2026-10-02T13:26:41Z,46.530129,12.013339,2559.566879
2026-10-02T13:26:42Z,46.530132,12.013336,2559.485985
2026-10-02T13:26:43Z,46.530137,12.013333,2559.412224
2026-10-02T13:26:44Z,46.530142,12.013329,2559.358284
2026-10-02T13:26:45Z,46.530147,12.013326,2559.336042
2026-10-02T13:26:46Z,46.530153,12.013322,2559.354429
2026-10-02T13:26:47Z,46.530158,12.013319,2559.418646
2026-10-02T13:26:48Z,46.530162,12.013314,2559.529232
2026-10-02T13:26:49Z,46.530165,12.013309,2559.68219
2026-10-02T13:26:50Z,46.530169,12.013301,2559.870291
2026-10-02T13:26:51Z,46.530172,12.013293,2560.084854
2026-10-02T13:26:52Z,46.530176,12.013284,2560.316901
2026-10-02T13:26:53Z,46.530178,12.013276,2560.55891
2026-10-02T13:26:54Z,46.530179,12.013269,2560.805591
2026-10-02T13:26:55Z,46.53018,12.013263,2561.053717
2026-10-02T13:26:56Z,46.530181,12.013257,2561.301105
2026-10-02T13:26:57Z,46.530182,12.01325,2561.547356
2026-10-02T13:26:58Z,46.530184,12.013242,2561.792772
2026-10-02T13:26:59Z,46.530187,12.013233,2562.037548
2026-10-02T13:27:00Z,46.53019,12.013226,2562.280995
2026-10-02T13:27:01Z,46.530194,12.013221,2562.523569
2026-10-02T13:27:02Z,46.530196,12.013219,2562.764067
2026-10-02T13:27:03Z,46.530197,12.013218,2563.00077
2026-10-02T13:27:04Z,46.530198,12.013218,2563.231526
2026-10-02T13:27:05Z,46.530198,12.013219,2563.453525
2026-10-02T13:27:06Z,46.530198,12.01322,2563.662198
2026-10-02T13:27:07Z,46.530198,12.013221,2563.851897
2026-10-02T13:27:08Z,46.530198,12.013221,2564.016885
2026-10-02T13:27:09Z,46.530198,12.013221,2564.153239
2026-10-02T13:27:10Z,46.530198,12.013221,2564.25765
2026-10-02T13:27:11Z,46.530199,12.013221,2564.329876
2026-10-02T13:27:12Z,46.530199,12.013222,2564.372849
2026-10-02T13:27:13Z,46.530199,12.013223,2564.391447
2026-10-02T13:27:14Z,46.5302,12.013223,2564.389221
2026-10-02T13:27:15Z,46.5302,12.013224,2564.371717
2026-10-02T13:27:16Z,46.530201,12.013224,2564.343095
2026-10-02T13:27:17Z,46.530203,12.013223,2564.306028
2026-10-02T13:27:18Z,46.530205,12.013221,2564.262893
2026-10-02T13:27:19Z,46.530208,12.013216,2564.217765
2026-10-02T13:27:20Z,46.530212,12.013211,2564.176314
2026-10-02T13:27:21Z,46.530215,12.013205,2564.145782
2026-10-02T13:27:22Z,46.530219,12.0132,2564.133935
2026-10-02T13:27:23Z,46.530224,12.013195,2564.147553
2026-10-02T13:27:24Z,46.530229,12.013191,2564.190184
2026-10-02T13:27:25Z,46.530233,12.013186,2564.260657
2026-10-02T13:27:26Z,46.530238,12.01318,2564.353996
2026-10-02T13:27:27Z,46.530242,12.013173,2564.463282
2026-10-02T13:27:28Z,46.530245,12.013165,2564.581513
2026-10-02T13:27:29Z,46.530249,12.013158,2564.702551
2026-10-02T13:27:30Z,46.530253,12.013151,2564.822522
2026-10-02T13:27:31Z,46.530258,12.013144,2564.940282
2026-10-02T13:27:32Z,46.530262,12.013137,2565.056019
2026-10-02T13:27:33Z,46.530266,12.013129,2565.171208
2026-10-02T13:27:34Z,46.53027,12.01312,2565.287828
2026-10-02T13:27:35Z,46.530274,12.013112,2565.408354
2026-10-02T13:27:36Z,46.530277,12.013105,2565.537441
2026-10-02T13:27:37Z,46.530282,12.013098,2565.680716
2026-10-02T13:27:38Z,46.530287,12.013091,2565.842585
2026-10-02T13:27:39Z,46.530292,12.013084,2566.026455
2026-10-02T13:27:40Z,46.530298,12.013077,2566.235387
2026-10-02T13:27:41Z,46.530303,12.013069,2566.468758
2026-10-02T13:27:42Z,46.530307,12.01306,2566.724413
2026-10-02T13:27:43Z,46.530311,12.013049,2566.998609
2026-10-02T13:27:44Z,46.530315,12.013038,2567.285525
2026-10-02T13:27:45Z,46.530319,12.013026,2567.577213
2026-10-02T13:27:46Z,46.530322,12.013017,2567.861949
2026-10-02T13:27:47Z,46.530326,12.013009,2568.127227
2026-10-02T13:27:48Z,46.53033,12.013001,2568.362955
2026-10-02T13:27:49Z,46.530334,12.012992,2568.564118
2026-10-02T13:27:50Z,46.530338,12.012983,2568.730705
2026-10-02T13:27:51Z,46.530342,12.012974,2568.864798
2026-10-02T13:27:52Z,46.530346,12.012965,2568.970443
2026-10-02T13:27:53Z,46.530351,12.012958,2569.052508
2026-10-02T13:27:54Z,46.530355,12.012951,2569.115822
2026-10-02T13:27:55Z,46.53036,12.012944,2569.164961
2026-10-02T13:27:56Z,46.530366,12.012936,2569.204865
2026-10-02T13:27:57Z,46.530371,12.012926,2569.239332
2026-10-02T13:27:58Z,46.530376,12.012916,2569.268944
2026-10-02T13:27:59Z,46.530379,12.012908,2569.292117
2026-10-02T13:28:00Z,46.530381,12.012901,2569.307677
2026-10-02T13:28:01Z,46.530384,12.012898,2569.315709
2026-10-02T13:28:02Z,46.530387,12.012896,2569.316968
2026-10-02T13:28:03Z,46.530391,12.012896,2569.31329
2026-10-02T13:28:04Z,46.530393,12.012897,2569.306713
2026-10-02T13:28:05Z,46.530395,12.012897,2569.29767
2026-10-02T13:28:06Z,46.530395,12.012898,2569.284631
2026-10-02T13:28:07Z,46.530395,12.012899,2569.266179
2026-10-02T13:28:08Z,46.530395,12.012899,2569.239994
2026-10-02T13:28:09Z,46.530396,12.0129,2569.202796
2026-10-02T13:28:10Z,46.530396,12.0129,2569.152698
2026-10-02T13:28:11Z,46.530397,12.012901,2569.091317
2026-10-02T13:28:12Z,46.530397,12.012902,2569.024225
2026-10-02T13:28:13Z,46.530397,12.012902,2568.958924
2026-10-02T13:28:14Z,46.530397,12.012903,2568.902986
2026-10-02T13:28:15Z,46.530397,12.012904,2568.862179
2026-10-02T13:28:16Z,46.530396,12.012905,2568.838714
2026-10-02T13:28:17Z,46.530395,12.012907,2568.831214
2026-10-02T13:28:18Z,46.530395,12.012908,2568.836654
2026-10-02T13:28:19Z,46.530394,12.012909,2568.852304
2026-10-02T13:28:20Z,46.530394,12.012909,2568.876247
2026-10-02T13:28:21Z,46.530393,12.01291,2568.907479
2026-10-02T13:28:22Z,46.530393,12.01291,2568.944683
2026-10-02T13:28:23Z,46.530393,12.01291,2568.986364
2026-10-02T13:28:24Z,46.530393,12.01291,2569.030786
2026-10-02T13:28:25Z,46.530393,12.01291,2569.076132
2026-10-02T13:28:26Z,46.530393,12.01291,2569.120345
2026-10-02T13:28:27Z,46.530393,12.01291,2569.161489
2026-10-02T13:28:28Z,46.530393,12.01291,2569.197869
2026-10-02T13:28:29Z,46.530393,12.01291,2569.228238
2026-10-02T13:28:30Z,46.530393,12.01291,2569.252009
2026-10-02T13:28:31Z,46.530393,12.01291,2569.269468
2026-10-02T13:28:32Z,46.530393,12.012911,2569.28186
2026-10-02T13:28:33Z,46.530393,12.012911,2569.291106
2026-10-02T13:28:34Z,46.530392,12.012911,2569.299109
2026-10-02T13:28:35Z,46.530392,12.012911,2569.307648
2026-10-02T13:28:36Z,46.530392,12.012911,2569.318151
2026-10-02T13:28:37Z,46.530391,12.012912,2569.331588
2026-10-02T13:28:38Z,46.530391,12.012913,2569.348328
2026-10-02T13:28:39Z,46.53039,12.012914,2569.368688
2026-10-02T13:28:40Z,46.530388,12.012915,2569.392431
2026-10-02T13:28:41Z,46.530386,12.012917,2569.418826
2026-10-02T13:28:42Z,46.530384,12.012919,2569.446855
2026-10-02T13:28:43Z,46.530382,12.012921,2569.475707
2026-10-02T13:28:44Z,46.530381,12.012922,2569.504232
2026-10-02T13:28:45Z,46.53038,12.012923,2569.53114
2026-10-02T13:28:46Z,46.530379,12.012924,2569.555253
2026-10-02T13:28:47Z,46.530378,12.012924,2569.57631
2026-10-02T13:28:48Z,46.530378,12.012925,2569.594065
2026-10-02T13:28:49Z,46.530377,12.012925,2569.609157
2026-10-02T13:28:50Z,46.530377,12.012925,2569.622518
2026-10-02T13:28:51Z,46.530377,12.012925,2569.634539
2026-10-02T13:28:52Z,46.530377,12.012924,2569.643627
2026-10-02T13:28:53Z,46.530377,12.012923,2569.649279
2026-10-02T13:28:54Z,46.530378,12.012923,2569.650282
2026-10-02T13:28:55Z,46.530378,12.012922,2569.645308
2026-10-02T13:28:56Z,46.530379,12.012921,2569.634719
2026-10-02T13:28:57Z,46.530381,12.01292,2569.61982
2026-10-02T13:28:58Z,46.530383,12.012919,2569.605102
2026-10-02T13:28:59Z,46.530385,12.012917,2569.597819
2026-10-02T13:29:00Z,46.530388,12.012915,2569.607176
2026-10-02T13:29:01Z,46.530392,12.012911,2569.643435
2026-10-02T13:29:02Z,46.530395,12.012908,2569.716773
2026-10-02T13:29:03Z,46.530399,12.012904,2569.83302
2026-10-02T13:29:04Z,46.530404,12.0129,2569.993041
2026-10-02T13:29:05Z,46.53041,12.012896,2570.194915
2026-10-02T13:29:06Z,46.530415,12.012892,2570.432855
2026-10-02T13:29:07Z,46.53042,12.012888,2570.698241
2026-10-02T13:29:08Z,46.530423,12.012885,2570.979507
2026-10-02T13:29:09Z,46.530424,12.012884,2571.262497
2026-10-02T13:29:10Z,46.530425,12.012882,2571.533185
2026-10-02T13:29:11Z,46.530426,12.012881,2571.776839
2026-10-02T13:29:12Z,46.530427,12.012881,2571.981008
2026-10-02T13:29:13Z,46.530427,12.01288,2572.137635
2026-10-02T13:29:14Z,46.530426,12.01288,2572.244325
2026-10-02T13:29:15Z,46.530426,12.01288,2572.301047
2026-10-02T13:29:16Z,46.530425,12.01288,2572.310895
2026-10-02T13:29:17Z,46.530425,12.012879,2572.279023
2026-10-02T13:29:18Z,46.530424,12.012879,2572.212217
2026-10-02T13:29:19Z,46.530424,12.012879,2572.117332
2026-10-02T13:29:20Z,46.530423,12.012879,2572.003107
2026-10-02T13:29:21Z,46.530423,12.012879,2571.879852
2026-10-02T13:29:22Z,46.530423,12.012879,2571.757949
2026-10-02T13:29:23Z,46.530422,12.012878,2571.645118
2026-10-02T13:29:24Z,46.530422,12.012878,2571.547441
2026-10-02T13:29:25Z,46.530422,12.012878,2571.466902
2026-10-02T13:29:26Z,46.530421,12.012878,2571.401858
2026-10-02T13:29:27Z,46.530421,12.012877,2571.349764
2026-10-02T13:29:28Z,46.530421,12.012877,2571.308895
2026-10-02T13:29:29Z,46.53042,12.012877,2571.278821
2026-10-02T13:29:30Z,46.53042,12.012877,2571.261442
2026-10-02T13:29:31Z,46.53042,12.012877,2571.260893
2026-10-02T13:29:32Z,46.53042,12.012878,2571.28097
2026-10-02T13:29:33Z,46.53042,12.012878,2571.324655
2026-10-02T13:29:34Z,46.530419,12.012878,2571.392007
2026-10-02T13:29:35Z,46.530419,12.012879,2571.479662
2026-10-02T13:29:36Z,46.530418,12.01288,2571.581647
2026-10-02T13:29:37Z,46.530417,12.01288,2571.688231
2026-10-02T13:29:38Z,46.530417,12.01288,2571.789166
2026-10-02T13:29:39Z,46.530417,12.01288,2571.875206
2026-10-02T13:29:40Z,46.530417,12.01288,2571.938671
2026-10-02T13:29:41Z,46.530417,12.012879,2571.972872
2026-10-02T13:29:42Z,46.530416,12.012879,2571.975967
2026-10-02T13:29:43Z,46.530416,12.012878,2571.94817
2026-10-02T13:29:44Z,46.530415,12.012877,2571.89124
2026-10-02T13:29:45Z,46.530414,12.012877,2571.809963
2026-10-02T13:29:46Z,46.530414,12.012876,2571.710992
2026-10-02T13:29:47Z,46.530413,12.012876,2571.603743
2026-10-02T13:29:48Z,46.530413,12.012876,2571.499981
2026-10-02T13:29:49Z,46.530412,12.012876,2571.413365
2026-10-02T13:29:50Z,46.530412,12.012876,2571.354875
2026-10-02T13:29:51Z,46.530411,12.012877,2571.333726
2026-10-02T13:29:52Z,46.530411,12.012879,2571.353345
2026-10-02T13:29:53Z,46.530411,12.01288,2571.410644
2026-10-02T13:29:54Z,46.530411,12.012881,2571.4967
2026-10-02T13:29:55Z,46.530411,12.012882,2571.601037
2026-10-02T13:29:56Z,46.530411,12.012882,2571.710781
2026-10-02T13:29:57Z,46.530411,12.012883,2571.81193
2026-10-02T13:29:58Z,46.530411,12.012884,2571.890798
2026-10-02T13:29:59Z,46.53041,12.012884,2571.937241
2026-10-02T13:30:00Z,46.53041,12.012885,2571.946136
2026-10-02T13:30:01Z,46.53041,12.012885,2571.917544
2026-10-02T13:30:02Z,46.53041,12.012885,2571.856174
2026-10-02T13:30:03Z,46.530411,12.012885,2571.771322
2026-10-02T13:30:04Z,46.530411,12.012885,2571.672139
2026-10-02T13:30:05Z,46.530412,12.012885,2571.564981
2026-10-02T13:30:06Z,46.530413,12.012885,2571.453907
2026-10-02T13:30:07Z,46.530413,12.012885,2571.342368
2026-10-02T13:30:08Z,46.530413,12.012885,2571.23419
2026-10-02T13:30:09Z,46.530414,12.012885,2571.133558
2026-10-02T13:30:10Z,46.530414,12.012886,2571.044516
2026-10-02T13:30:11Z,46.530414,12.012886,2570.970099
2026-10-02T13:30:12Z,46.530414,12.012886,2570.911387
2026-10-02T13:30:13Z,46.530414,12.012886,2570.866854
2026-10-02T13:30:14Z,46.530414,12.012887,2570.833451
2026-10-02T13:30:15Z,46.530414,12.012887,2570.807954
2026-10-02T13:30:16Z,46.530414,12.012887,2570.787962
2026-10-02T13:30:17Z,46.530414,12.012888,2570.771432
2026-10-02T13:30:18Z,46.530414,12.012889,2570.757025
2026-10-02T13:30:19Z,46.530414,12.01289,2570.744069
2026-10-02T13:30:20Z,46.530414,12.012891,2570.732604
2026-10-02T13:30:21Z,46.530414,12.012892,2570.722916
2026-10-02T13:30:22Z,46.530414,12.012893,2570.715956
2026-10-02T13:30:23Z,46.530414,12.012893,2570.712979
2026-10-02T13:30:24Z,46.530414,12.012893,2570.715073
2026-10-02T13:30:25Z,46.530414,12.012892,2570.722472
2026-10-02T13:30:26Z,46.530414,12.012892,2570.734956
2026-10-02T13:30:27Z,46.530413,12.012892,2570.751261
2026-10-02T13:30:28Z,46.530412,12.012892,2570.769735
2026-10-02T13:30:29Z,46.530411,12.012893,2570.78923
2026-10-02T13:30:30Z,46.53041,12.012894,2570.809276
2026-10-02T13:30:31Z,46.530409,12.012894,2570.830099
2026-10-02T13:30:32Z,46.530409,12.012895,2570.853289
2026-10-02T13:30:33Z,46.530408,12.012896,2570.881448
2026-10-02T13:30:34Z,46.530408,12.012896,2570.915032
2026-10-02T13:30:35Z,46.530407,12.012895,2570.953374
2026-10-02T13:30:36Z,46.530407,12.012895,2570.995666
2026-10-02T13:30:37Z,46.530407,12.012894,2571.039864
2026-10-02T13:30:38Z,46.530407,12.012893,2571.081001
2026-10-02T13:30:39Z,46.530408,12.012891,2571.116109
2026-10-02T13:30:40Z,46.530408,12.01289,2571.142445
2026-10-02T13:30:41Z,46.530409,12.012888,2571.158479
2026-10-02T13:30:42Z,46.530411,12.012886,2571.165286
2026-10-02T13:30:43Z,46.530413,12.012884,2571.16916
2026-10-02T13:30:44Z,46.530414,12.012883,2571.179209
2026-10-02T13:30:45Z,46.530416,12.012881,2571.206315
2026-10-02T13:30:46Z,46.530418,12.01288,2571.25936
2026-10-02T13:30:47Z,46.530419,12.012879,2571.34169
2026-10-02T13:30:48Z,46.530421,12.012877,2571.450981
2026-10-02T13:30:49Z,46.530423,12.012876,2571.579378
2026-10-02T13:30:50Z,46.530425,12.012875,2571.715333
2026-10-02T13:30:51Z,46.530427,12.012874,2571.846408
2026-10-02T13:30:52Z,46.530428,12.012874,2571.962577
2026-10-02T13:30:53Z,46.530429,12.012874,2572.05654
2026-10-02T13:30:54Z,46.530429,12.012875,2572.124533
2026-10-02T13:30:55Z,46.53043,12.012876,2572.165936
2026-10-02T13:30:56Z,46.53043,12.012876,2572.183771
2026-10-02T13:30:57Z,46.53043,12.012877,2572.184179
2026-10-02T13:30:58Z,46.53043,12.012877,2572.174613
2026-10-02T13:30:59Z,46.530431,12.012877,2572.16135
2026-10-02T13:31:00Z,46.530431,12.012878,2572.14791
2026-10-02T13:31:01Z,46.530432,12.012879,2572.135341
2026-10-02T13:31:02Z,46.530432,12.012879,2572.122047
2026-10-02T13:31:03Z,46.530433,12.01288,2572.104738
2026-10-02T13:31:04Z,46.530433,12.012881,2572.079819
2026-10-02T13:31:05Z,46.530433,12.012882,2572.04486
2026-10-02T13:31:06Z,46.530433,12.012882,2571.997161
2026-10-02T13:31:07Z,46.530432,12.012883,2571.935624
2026-10-02T13:31:08Z,46.530432,12.012883,2571.86082
2026-10-02T13:31:09Z,46.530431,12.012885,2571.775184
2026-10-02T13:31:10Z,46.530431,12.012886,2571.684813
2026-10-02T13:31:11Z,46.530431,12.012888,2571.598233
2026-10-02T13:31:12Z,46.53043,12.01289,2571.523977
2026-10-02T13:31:13Z,46.53043,12.012891,2571.469364
2026-10-02T13:31:14Z,46.53043,12.012893,2571.438911
2026-10-02T13:31:15Z,46.53043,12.012894,2571.43768
2026-10-02T13:31:16Z,46.53043,12.012895,2571.467814
2026-10-02T13:31:17Z,46.530431,12.012896,2571.528982
2026-10-02T13:31:18Z,46.530432,12.012896,2571.619524
2026-10-02T13:31:19Z,46.530433,12.012896,2571.738314
2026-10-02T13:31:20Z,46.530434,12.012895,2571.880101
2026-10-02T13:31:21Z,46.530436,12.012894,2572.040135
2026-10-02T13:31:22Z,46.530437,12.012892,2572.216181
2026-10-02T13:31:23Z,46.530438,12.012892,2572.407993
2026-10-02T13:31:24Z,46.530438,12.012893,2572.613724
2026-10-02T13:31:25Z,46.530438,12.012893,2572.828727
2026-10-02T13:31:26Z,46.530437,12.012893,2573.045485
2026-10-02T13:31:27Z,46.530437,12.012893,2573.255731
2026-10-02T13:31:28Z,46.530437,12.012893,2573.446791
2026-10-02T13:31:29Z,46.530437,12.012893,2573.609569
2026-10-02T13:31:30Z,46.530437,12.012893,2573.739748
2026-10-02T13:31:31Z,46.530437,12.012893,2573.836098
2026-10-02T13:31:32Z,46.530437,12.012893,2573.896277
2026-10-02T13:31:33Z,46.530437,12.012893,2573.921196
2026-10-02T13:31:34Z,46.530437,12.012892,2573.90993
2026-10-02T13:31:35Z,46.530436,12.012891,2573.859542
2026-10-02T13:31:36Z,46.530436,12.01289,2573.766872
2026-10-02T13:31:37Z,46.530435,12.012889,2573.632681
2026-10-02T13:31:38Z,46.530435,12.012888,2573.463068
2026-10-02T13:31:39Z,46.530434,12.012887,2573.269017
2026-10-02T13:31:40Z,46.530433,12.012887,2573.064302
2026-10-02T13:31:41Z,46.530432,12.012886,2572.864754
2026-10-02T13:31:42Z,46.530431,12.012885,2572.682059
2026-10-02T13:31:43Z,46.53043,12.012885,2572.522125
2026-10-02T13:31:44Z,46.530429,12.012885,2572.386301
2026-10-02T13:31:45Z,46.530429,12.012885,2572.273596
2026-10-02T13:31:46Z,46.530428,12.012885,2572.183572
2026-10-02T13:31:47Z,46.530427,12.012886,2572.118119
2026-10-02T13:31:48Z,46.530427,12.012886,2572.079957
2026-10-02T13:31:49Z,46.530427,12.012886,2572.070119
2026-10-02T13:31:50Z,46.530426,12.012886,2572.089186
2026-10-02T13:31:51Z,46.530425,12.012886,2572.1336
2026-10-02T13:31:52Z,46.530425,12.012886,2572.196373
2026-10-02T13:31:53Z,46.530424,12.012886,2572.267319
2026-10-02T13:31:54Z,46.530422,12.012885,2572.333705
2026-10-02T13:31:55Z,46.53042,12.012885,2572.380917
2026-10-02T13:31:56Z,46.530418,12.012885,2572.394688
2026-10-02T13:31:57Z,46.530414,12.012884,2572.36328
2026-10-02T13:31:58Z,46.530409,12.012883,2572.279479
2026-10-02T13:31:59Z,46.530403,12.012882,2572.144627
2026-10-02T13:32:00Z,46.530395,12.01288,2571.965455
2026-10-02T13:32:01Z,46.530385,12.012877,2571.752448
2026-10-02T13:32:02Z,46.530373,12.012874,2571.518077
2026-10-02T13:32:03Z,46.530362,12.01287,2571.274951
2026-10-02T13:32:04Z,46.530352,12.012866,2571.035613
2026-10-02T13:32:05Z,46.530344,12.01286,2570.810911
2026-10-02T13:32:06Z,46.530335,12.012854,2570.609549
2026-10-02T13:32:07Z,46.530327,12.012846,2570.437939
2026-10-02T13:32:08Z,46.53032,12.012839,2570.298752
2026-10-02T13:32:09Z,46.530315,12.012831,2570.191502
2026-10-02T13:32:10Z,46.530312,12.012822,2570.11378
2026-10-02T13:32:11Z,46.530312,12.012814,2570.062969
2026-10-02T13:32:12Z,46.530313,12.012806,2570.039705
2026-10-02T13:32:13Z,46.530314,12.012798,2570.053725
2026-10-02T13:32:14Z,46.530316,12.012789,2570.092659
2026-10-02T13:32:15Z,46.530317,12.01278,2570.155242
2026-10-02T13:32:16Z,46.530316,12.012771,2570.24111
2026-10-02T13:32:17Z,46.530315,12.012763,2570.349559
2026-10-02T13:32:18Z,46.530314,12.012754,2570.477769
2026-10-02T13:32:19Z,46.530312,12.012746,2570.620623
2026-10-02T13:32:20Z,46.53031,12.012738,2570.770584
2026-10-02T13:32:21Z,46.530307,12.012729,2570.916965
2026-10-02T13:32:22Z,46.530304,12.012722,2571.036635
2026-10-02T13:32:22Z,46.530303,12.012721,2571.058842
2026-10-02T13:32:23Z,46.530299,12.012713,2571.212326
2026-10-02T13:32:24Z,46.530294,12.012704,2571.406661
2026-10-02T13:32:25Z,46.530287,12.012695,2571.625961
2026-10-02T13:32:26Z,46.530281,12.012685,2571.858812
2026-10-02T13:32:27Z,46.530275,12.012675,2572.097304
2026-10-02T13:32:28Z,46.530269,12.012665,2572.335956
2026-10-02T13:32:29Z,46.530263,12.012656,2572.570489
2026-10-02T13:32:30Z,46.530257,12.012647,2572.79767
2026-10-02T13:32:31Z,46.530251,12.012638,2573.01518
2026-10-02T13:32:32Z,46.530245,12.012629,2573.222603
2026-10-02T13:32:33Z,46.530238,12.01262,2573.421029
2026-10-02T13:32:34Z,46.530232,12.012611,2573.611905
2026-10-02T13:32:35Z,46.530225,12.012602,2573.797195
2026-10-02T13:32:36Z,46.530219,12.012592,2573.97925
2026-10-02T13:32:37Z,46.530212,12.012582,2574.161155
2026-10-02T13:32:38Z,46.530205,12.012572,2574.346685
2026-10-02T13:32:39Z,46.530197,12.012561,2574.540329
2026-10-02T13:32:40Z,46.530189,12.01255,2574.744419
2026-10-02T13:32:41Z,46.530181,12.01254,2574.959889
2026-10-02T13:32:42Z,46.530174,12.01253,2575.186224
2026-10-02T13:32:43Z,46.530168,12.012521,2575.421685
2026-10-02T13:32:44Z,46.530162,12.012513,2575.663167
2026-10-02T13:32:45Z,46.530156,12.012504,2575.906849
2026-10-02T13:32:46Z,46.530151,12.012495,2576.148414
2026-10-02T13:32:47Z,46.530146,12.012487,2576.383517
2026-10-02T13:32:48Z,46.530143,12.012478,2576.60785
2026-10-02T13:32:49Z,46.53014,12.012468,2576.819871
2026-10-02T13:32:50Z,46.530138,12.012458,2577.01971
2026-10-02T13:32:51Z,46.530134,12.012447,2577.209238
2026-10-02T13:32:52Z,46.530131,12.012435,2577.390977
2026-10-02T13:32:53Z,46.530126,12.012424,2577.566784
2026-10-02T13:32:54Z,46.530122,12.012413,2577.737021
2026-10-02T13:32:55Z,46.530119,12.012403,2577.900664
2026-10-02T13:32:56Z,46.530116,12.012394,2578.057227
2026-10-02T13:32:57Z,46.530115,12.012385,2578.205066
2026-10-02T13:32:58Z,46.530114,12.012374,2578.343771
2026-10-02T13:32:59Z,46.530113,12.012363,2578.473984
2026-10-02T13:33:00Z,46.530111,12.012353,2578.597547
2026-10-02T13:33:01Z,46.530109,12.012344,2578.71654
2026-10-02T13:33:02Z,46.530105,12.012335,2578.835113
2026-10-02T13:33:03Z,46.530101,12.012327,2578.957839
2026-10-02T13:33:04Z,46.530096,12.012319,2579.088868
2026-10-02T13:33:05Z,46.530092,12.012312,2579.230621
2026-10-02T13:33:06Z,46.530088,12.012305,2579.383839
2026-10-02T13:33:07Z,46.530084,12.012299,2579.546668
2026-10-02T13:33:08Z,46.53008,12.012293,2579.715209
2026-10-02T13:33:09Z,46.530076,12.012287,2579.884758
2026-10-02T13:33:10Z,46.530072,12.012282,2580.051154
2026-10-02T13:33:11Z,46.530067,12.012278,2580.211841
2026-10-02T13:33:12Z,46.530062,12.012274,2580.366338
2026-10-02T13:33:13Z,46.530056,12.01227,2580.516136
2026-10-02T13:33:14Z,46.530051,12.012265,2580.663839
2026-10-02T13:33:15Z,46.530048,12.012259,2580.812132
2026-10-02T13:33:16Z,46.530046,12.012252,2580.963228
2026-10-02T13:33:17Z,46.530044,12.012244,2581.118505
2026-10-02T13:33:18Z,46.530043,12.012236,2581.27853
2026-10-02T13:33:19Z,46.530042,12.012226,2581.442308
2026-10-02T13:33:20Z,46.530042,12.012214,2581.608071
2026-10-02T13:33:21Z,46.530042,12.012201,2581.774324
2026-10-02T13:33:22Z,46.530043,12.012189,2581.940152
2026-10-02T13:33:23Z,46.530045,12.012179,2582.104767
2026-10-02T13:33:24Z,46.530046,12.01217,2582.268326
2026-10-02T13:33:25Z,46.530046,12.012161,2582.431796
2026-10-02T13:33:26Z,46.530046,12.012154,2582.595831
2026-10-02T13:33:27Z,46.530045,12.012147,2582.759745
2026-10-02T13:33:28Z,46.530042,12.01214,2582.923447
2026-10-02T13:33:29Z,46.530039,12.012135,2583.087145
2026-10-02T13:33:30Z,46.530035,12.012131,2583.250266
2026-10-02T13:33:31Z,46.53003,12.012129,2583.410569
2026-10-02T13:33:32Z,46.530024,12.012127,2583.56547
2026-10-02T13:33:33Z,46.530019,12.012127,2583.710803
2026-10-02T13:33:34Z,46.530016,12.012129,2583.842573
2026-10-02T13:33:35Z,46.530015,12.012132,2583.958588
2026-10-02T13:33:36Z,46.530015,12.012136,2584.060521
2026-10-02T13:33:37Z,46.530015,12.012139,2584.151888
2026-10-02T13:33:38Z,46.530016,12.01214,2584.238763
2026-10-02T13:33:39Z,46.530016,12.012141,2584.327632
2026-10-02T13:33:40Z,46.530016,12.012142,2584.423577
2026-10-02T13:33:41Z,46.530015,12.012142,2584.528766
2026-10-02T13:33:42Z,46.530014,12.012142,2584.642365
2026-10-02T13:33:43Z,46.530011,12.012142,2584.760515
2026-10-02T13:33:44Z,46.530008,12.012142,2584.87732
2026-10-02T13:33:45Z,46.530003,12.012141,2584.986338
2026-10-02T13:33:46Z,46.529998,12.012141,2585.083145
2026-10-02T13:33:47Z,46.529995,12.012141,2585.164848
2026-10-02T13:33:48Z,46.529993,12.012141,2585.23061
2026-10-02T13:33:49Z,46.529992,12.012141,2585.281154
2026-10-02T13:33:50Z,46.529991,12.012142,2585.31845
2026-10-02T13:33:51Z,46.529991,12.012143,2585.343282
2026-10-02T13:33:52Z,46.52999,12.012145,2585.356977
2026-10-02T13:33:53Z,46.529988,12.012147,2585.361285
2026-10-02T13:33:54Z,46.529986,12.012151,2585.358228
2026-10-02T13:33:55Z,46.529982,12.012154,2585.349324
2026-10-02T13:33:56Z,46.529978,12.012159,2585.337754
2026-10-02T13:33:57Z,46.529973,12.012163,2585.328794
2026-10-02T13:33:58Z,46.529967,12.012166,2585.329042
2026-10-02T13:33:59Z,46.529961,12.012169,2585.344828
2026-10-02T13:34:00Z,46.529955,12.012172,2585.381472
2026-10-02T13:34:01Z,46.52995,12.012175,2585.441261
2026-10-02T13:34:02Z,46.529946,12.012179,2585.522569
2026-10-02T13:34:03Z,46.529942,12.012182,2585.621308
2026-10-02T13:34:04Z,46.529938,12.012185,2585.733462
2026-10-02T13:34:05Z,46.529935,12.012189,2585.854867
2026-10-02T13:34:06Z,46.529931,12.012192,2585.982512
2026-10-02T13:34:07Z,46.529927,12.012195,2586.115127
2026-10-02T13:34:08Z,46.529924,12.012198,2586.2507
2026-10-02T13:34:09Z,46.529921,12.0122,2586.386789
2026-10-02T13:34:10Z,46.52992,12.012202,2586.520049
2026-10-02T13:34:11Z,46.529919,12.012203,2586.645904
2026-10-02T13:34:12Z,46.529919,12.012203,2586.75803
2026-10-02T13:34:13Z,46.529919,12.012204,2586.850154
2026-10-02T13:34:14Z,46.529919,12.012204,2586.916745
2026-10-02T13:34:15Z,46.529919,12.012205,2586.955102
2026-10-02T13:34:16Z,46.529919,12.012205,2586.966453
2026-10-02T13:34:17Z,46.529919,12.012206,2586.955622
2026-10-02T13:34:18Z,46.529919,12.012206,2586.929202
2026-10-02T13:34:19Z,46.529918,12.012207,2586.894702
2026-10-02T13:34:20Z,46.529918,12.012209,2586.859204
2026-10-02T13:34:21Z,46.529917,12.01221,2586.829139
2026-10-02T13:34:22Z,46.529916,12.012213,2586.809507
2026-10-02T13:34:23Z,46.529914,12.012216,2586.80259
2026-10-02T13:34:24Z,46.529913,12.012219,2586.808266
2026-10-02T13:34:25Z,46.529911,12.012221,2586.825115
2026-10-02T13:34:26Z,46.52991,12.012222,2586.848441
2026-10-02T13:34:27Z,46.52991,12.012222,2586.872664
2026-10-02T13:34:28Z,46.529909,12.012221,2586.893422
2026-10-02T13:34:29Z,46.529909,12.01222,2586.907891
2026-10-02T13:34:30Z,46.529908,12.01222,2586.912146
2026-10-02T13:34:31Z,46.529908,12.012221,2586.904004
2026-10-02T13:34:32Z,46.529907,12.012221,2586.882578
2026-10-02T13:34:33Z,46.529906,12.012221,2586.848915
2026-10-02T13:34:34Z,46.529904,12.012222,2586.805505
2026-10-02T13:34:35Z,46.529904,12.012222,2586.758803
2026-10-02T13:34:36Z,46.529903,12.012222,2586.715828
2026-10-02T13:34:37Z,46.529903,12.012222,2586.682705
2026-10-02T13:34:38Z,46.529903,12.012222,2586.662211
2026-10-02T13:34:39Z,46.529903,12.012223,2586.655601
2026-10-02T13:34:40Z,46.529903,12.012224,2586.659597
2026-10-02T13:34:41Z,46.529902,12.012226,2586.667851
2026-10-02T13:34:42Z,46.529901,12.012228,2586.673299
2026-10-02T13:34:43Z,46.5299,12.01223,2586.671621
2026-10-02T13:34:44Z,46.529899,12.012232,2586.66022
2026-10-02T13:34:45Z,46.529898,12.012234,2586.640799
2026-10-02T13:34:46Z,46.529898,12.012235,2586.619049
2026-10-02T13:34:47Z,46.529897,12.012237,2586.602383
2026-10-02T13:34:48Z,46.529896,12.012238,2586.595127
2026-10-02T13:34:49Z,46.529895,12.012239,2586.599854
2026-10-02T13:34:50Z,46.529895,12.01224,2586.616201
2026-10-02T13:34:51Z,46.529894,12.01224,2586.641771
2026-10-02T13:34:52Z,46.529894,12.012241,2586.672368
2026-10-02T13:34:53Z,46.529894,12.012241,2586.7055
2026-10-02T13:34:54Z,46.529893,12.012241,2586.741589
2026-10-02T13:34:55Z,46.529892,12.012241,2586.783433
2026-10-02T13:34:56Z,46.529892,12.012241,2586.834785
2026-10-02T13:34:57Z,46.529891,12.012241,2586.896352
2026-10-02T13:34:58Z,46.52989,12.01224,2586.965519
2026-10-02T13:34:59Z,46.529889,12.01224,2587.037181
2026-10-02T13:35:00Z,46.529888,12.012239,2587.105497
2026-10-02T13:35:01Z,46.529887,12.012238,2587.164799
2026-10-02T13:35:02Z,46.529885,12.012237,2587.212437
2026-10-02T13:35:03Z,46.529883,12.012235,2587.248589
2026-10-02T13:35:04Z,46.529882,12.012234,2587.274737
2026-10-02T13:35:05Z,46.52988,12.012232,2587.291934
2026-10-02T13:35:06Z,46.529879,12.012231,2587.3029
2026-10-02T13:35:07Z,46.529879,12.012231,2587.313425
2026-10-02T13:35:08Z,46.529879,12.01223,2587.328979
2026-10-02T13:35:09Z,46.529879,12.01223,2587.352032
2026-10-02T13:35:10Z,46.529879,12.01223,2587.382121
2026-10-02T13:35:11Z,46.52988,12.01223,2587.415796
2026-10-02T13:35:12Z,46.52988,12.01223,2587.448487
2026-10-02T13:35:13Z,46.529881,12.01223,2587.476937
2026-10-02T13:35:14Z,46.529883,12.012231,2587.501945
2026-10-02T13:35:15Z,46.529884,12.012232,2587.526674
2026-10-02T13:35:16Z,46.529887,12.012232,2587.556102
2026-10-02T13:35:17Z,46.529889,12.012233,2587.593912
2026-10-02T13:35:18Z,46.529892,12.012233,2587.641149
2026-10-02T13:35:19Z,46.529895,12.012234,2587.696336
2026-10-02T13:35:20Z,46.529898,12.012234,2587.756234
2026-10-02T13:35:21Z,46.529902,12.012234,2587.81578
2026-10-02T13:35:22Z,46.529905,12.012234,2587.868939
2026-10-02T13:35:23Z,46.529908,12.012233,2587.910192
2026-10-02T13:35:24Z,46.529911,12.012232,2587.934778
2026-10-02T13:35:25Z,46.529914,12.012231,2587.941736
2026-10-02T13:35:26Z,46.529917,12.012229,2587.933332
2026-10-02T13:35:27Z,46.52992,12.012227,2587.914475
2026-10-02T13:35:28Z,46.529923,12.012224,2587.891469
2026-10-02T13:35:29Z,46.529925,12.012222,2587.871971
2026-10-02T13:35:30Z,46.529927,12.01222,2587.862356
2026-10-02T13:35:31Z,46.529929,12.012217,2587.867033
2026-10-02T13:35:32Z,46.529931,12.012214,2587.88864
2026-10-02T13:35:33Z,46.529933,12.01221,2587.927486
2026-10-02T13:35:34Z,46.529935,12.012207,2587.980744
2026-10-02T13:35:35Z,46.529936,12.012204,2588.04274
2026-10-02T13:35:36Z,46.529937,12.012202,2588.106393
2026-10-02T13:35:37Z,46.529939,12.0122,2588.164457
2026-10-02T13:35:38Z,46.52994,12.012197,2588.210906
2026-10-02T13:35:39Z,46.529941,12.012196,2588.242238
2026-10-02T13:35:40Z,46.529942,12.012194,2588.258299
2026-10-02T13:35:41Z,46.529943,12.012193,2588.262125
2026-10-02T13:35:42Z,46.529944,12.012193,2588.258668
2026-10-02T13:35:43Z,46.529944,12.012193,2588.252837
2026-10-02T13:35:44Z,46.529945,12.012193,2588.248631
2026-10-02T13:35:45Z,46.529945,12.012193,2588.248652
2026-10-02T13:35:46Z,46.529946,12.012193,2588.253164
2026-10-02T13:35:47Z,46.529946,12.012194,2588.260944
2026-10-02T13:35:48Z,46.529945,12.012194,2588.270311
2026-10-02T13:35:49Z,46.529945,12.012193,2588.279479
2026-10-02T13:35:50Z,46.529943,12.012193,2588.28539
2026-10-02T13:35:51Z,46.529942,12.012193,2588.286939
2026-10-02T13:35:52Z,46.529941,12.012193,2588.284136
2026-10-02T13:35:53Z,46.529939,12.012193,2588.278088
2026-10-02T13:35:54Z,46.529938,12.012193,2588.270114
2026-10-02T13:35:55Z,46.529938,12.012194,2588.262892
2026-10-02T13:35:56Z,46.529937,12.012194,2588.260192
2026-10-02T13:35:57Z,46.529937,12.012195,2588.265786
2026-10-02T13:35:58Z,46.529937,12.012195,2588.282234
2026-10-02T13:35:59Z,46.529938,12.012195,2588.309937
2026-10-02T13:36:00Z,46.529938,12.012195,2588.346781
2026-10-02T13:36:01Z,46.529938,12.012195,2588.387832
2026-10-02T13:36:02Z,46.529938,12.012195,2588.427133
2026-10-02T13:36:03Z,46.529939,12.012195,2588.460071
2026-10-02T13:36:04Z,46.529939,12.012194,2588.484256
2026-10-02T13:36:05Z,46.52994,12.012194,2588.498799
2026-10-02T13:36:06Z,46.529941,12.012193,2588.503608
2026-10-02T13:36:07Z,46.529941,12.012193,2588.499039
2026-10-02T13:36:08Z,46.529941,12.012193,2588.48553
2026-10-02T13:36:09Z,46.529942,12.012193,2588.463882
2026-10-02T13:36:10Z,46.529942,12.012193,2588.43526
2026-10-02T13:36:11Z,46.529943,12.012193,2588.401331
2026-10-02T13:36:12Z,46.529943,12.012193,2588.364235
2026-10-02T13:36:13Z,46.529944,12.012192,2588.326096
2026-10-02T13:36:14Z,46.529944,12.012192,2588.289204
2026-10-02T13:36:15Z,46.529944,12.012193,2588.255636
2026-10-02T13:36:16Z,46.529944,12.012193,2588.226991
2026-10-02T13:36:17Z,46.529944,12.012193,2588.204223
2026-10-02T13:36:18Z,46.529944,12.012194,2588.18784
2026-10-02T13:36:19Z,46.529944,12.012195,2588.178073
2026-10-02T13:36:20Z,46.529944,12.012196,2588.174997
2026-10-02T13:36:21Z,46.529944,12.012197,2588.178469
2026-10-02T13:36:22Z,46.529943,12.012199,2588.188412
2026-10-02T13:36:23Z,46.529943,12.012201,2588.204561
2026-10-02T13:36:24Z,46.529943,12.012202,2588.226241
2026-10-02T13:36:25Z,46.529943,12.012204,2588.252378
2026-10-02T13:36:26Z,46.529942,12.012205,2588.282063
2026-10-02T13:36:27Z,46.529942,12.012206,2588.31441
2026-10-02T13:36:28Z,46.529942,12.012206,2588.348691
2026-10-02T13:36:29Z,46.529941,12.012206,2588.384207
2026-10-02T13:36:30Z,46.529941,12.012206,2588.41992
2026-10-02T13:36:31Z,46.52994,12.012206,2588.454696
2026-10-02T13:36:32Z,46.529939,12.012206,2588.486898
2026-10-02T13:36:33Z,46.529938,12.012205,2588.514651
2026-10-02T13:36:34Z,46.529937,12.012205,2588.536132
2026-10-02T13:36:35Z,46.529937,12.012204,2588.550297
2026-10-02T13:36:36Z,46.529936,12.012203,2588.556434
2026-10-02T13:36:37Z,46.529936,12.012202,2588.554288
2026-10-02T13:36:38Z,46.529936,12.0122,2588.544101
2026-10-02T13:36:39Z,46.529936,12.012199,2588.526549
2026-10-02T13:36:40Z,46.529937,12.012197,2588.502879
2026-10-02T13:36:41Z,46.529937,12.012196,2588.474873
2026-10-02T13:36:42Z,46.529937,12.012195,2588.444771
2026-10-02T13:36:43Z,46.529938,12.012194,2588.414959
2026-10-02T13:36:44Z,46.529938,12.012193,2588.387448
2026-10-02T13:36:45Z,46.529937,12.012192,2588.36353
2026-10-02T13:36:46Z,46.529937,12.012192,2588.343799
2026-10-02T13:36:47Z,46.529937,12.012192,2588.328308
2026-10-02T13:36:48Z,46.529936,12.012192,2588.316725
2026-10-02T13:36:49Z,46.529936,12.012192,2588.30848
2026-10-02T13:36:50Z,46.529935,12.012192,2588.302949
2026-10-02T13:36:51Z,46.529935,12.012191,2588.299485
2026-10-02T13:36:52Z,46.529935,12.012191,2588.297153
2026-10-02T13:36:53Z,46.529935,12.012191,2588.296095
2026-10-02T13:36:54Z,46.529935,12.012191,2588.296984
2026-10-02T13:36:55Z,46.529935,12.01219,2588.300397
2026-10-02T13:36:56Z,46.529935,12.012189,2588.306417
2026-10-02T13:36:57Z,46.529935,12.012188,2588.315222
2026-10-02T13:36:58Z,46.529936,12.012188,2588.327179
2026-10-02T13:36:59Z,46.529937,12.012187,2588.34255
2026-10-02T13:37:00Z,46.529938,12.012186,2588.361284
2026-10-02T13:37:01Z,46.529939,12.012185,2588.38275
2026-10-02T13:37:02Z,46.529941,12.012185,2588.40529
2026-10-02T13:37:03Z,46.529942,12.012185,2588.426304
2026-10-02T13:37:04Z,46.529944,12.012185,2588.443108
2026-10-02T13:37:05Z,46.529945,12.012185,2588.454157
2026-10-02T13:37:06Z,46.529946,12.012185,2588.459512
2026-10-02T13:37:07Z,46.529947,12.012185,2588.460136
2026-10-02T13:37:08Z,46.529947,12.012185,2588.457319
2026-10-02T13:37:09Z,46.529947,12.012186,2588.452344
2026-10-02T13:37:10Z,46.529947,12.012186,2588.44633
2026-10-02T13:37:11Z,46.529947,12.012186,2588.440562
2026-10-02T13:37:12Z,46.529947,12.012187,2588.436318
2026-10-02T13:37:13Z,46.529947,12.012187,2588.434726
2026-10-02T13:37:14Z,46.529946,12.012187,2588.436493
2026-10-02T13:37:15Z,46.529946,12.012187,2588.442178
2026-10-02T13:37:16Z,46.529946,12.012188,2588.451575
2026-10-02T13:37:17Z,46.529946,12.012188,2588.46401
2026-10-02T13:37:18Z,46.529946,12.012189,2588.478513
2026-10-02T13:37:19Z,46.529946,12.012191,2588.494073
2026-10-02T13:37:20Z,46.529945,12.012192,2588.509348
2026-10-02T13:37:21Z,46.529945,12.012194,2588.522784
2026-10-02T13:37:22Z,46.529946,12.012195,2588.532916
2026-10-02T13:37:23Z,46.529946,12.012196,2588.538783
2026-10-02T13:37:24Z,46.529946,12.012197,2588.539969
2026-10-02T13:37:25Z,46.529946,12.012198,2588.536769
2026-10-02T13:37:26Z,46.529947,12.012199,2588.530145
2026-10-02T13:37:27Z,46.529947,12.012199,2588.52141
2026-10-02T13:37:28Z,46.529947,12.012199,2588.511765
2026-10-02T13:37:29Z,46.529947,12.012198,2588.501962
2026-10-02T13:37:30Z,46.529947,12.012198,2588.492284
2026-10-02T13:37:31Z,46.529948,12.012196,2588.482715
2026-10-02T13:37:32Z,46.529948,12.012195,2588.473278
2026-10-02T13:37:33Z,46.529949,12.012193,2588.463979
2026-10-02T13:37:34Z,46.529949,12.012191,2588.455068
2026-10-02T13:37:35Z,46.529949,12.01219,2588.44701
2026-10-02T13:37:36Z,46.529949,12.012189,2588.440433
2026-10-02T13:37:37Z,46.529949,12.012188,2588.435559
2026-10-02T13:37:38Z,46.529949,12.012187,2588.432597
2026-10-02T13:37:39Z,46.529948,12.012187,2588.431772
2026-10-02T13:37:40Z,46.529947,12.012187,2588.433161
2026-10-02T13:37:41Z,46.529946,12.012187,2588.436445
2026-10-02T13:37:42Z,46.529945,12.012186,2588.440874
2026-10-02T13:37:43Z,46.529945,12.012186,2588.445327
2026-10-02T13:37:44Z,46.529944,12.012186,2588.448556
2026-10-02T13:37:45Z,46.529943,12.012186,2588.449532
2026-10-02T13:37:46Z,46.529943,12.012186,2588.447778
2026-10-02T13:37:47Z,46.529942,12.012186,2588.443461
2026-10-02T13:37:48Z,46.529942,12.012186,2588.4372
2026-10-02T13:37:49Z,46.529941,12.012186,2588.429746
2026-10-02T13:37:50Z,46.529941,12.012186,2588.421769
2026-10-02T13:37:51Z,46.529941,12.012187,2588.413756
2026-10-02T13:37:52Z,46.529941,12.012187,2588.406145
2026-10-02T13:37:53Z,46.529941,12.012187,2588.39923
2026-10-02T13:37:54Z,46.529942,12.012187,2588.393043
2026-10-02T13:37:55Z,46.529942,12.012188,2588.387748
2026-10-02T13:37:56Z,46.529943,12.012188,2588.383492
2026-10-02T13:37:57Z,46.529944,12.012188,2588.38054
2026-10-02T13:37:58Z,46.529945,12.012188,2588.379336
2026-10-02T13:37:59Z,46.529947,12.012188,2588.380764
2026-10-02T13:38:00Z,46.529948,12.012188,2588.385232
2026-10-02T13:38:01Z,46.529948,12.012187,2588.393099
2026-10-02T13:38:02Z,46.529948,12.012186,2588.404446
2026-10-02T13:38:03Z,46.529947,12.012186,2588.418868
2026-10-02T13:38:04Z,46.529946,12.012185,2588.435238
2026-10-02T13:38:05Z,46.529945,12.012185,2588.452327
2026-10-02T13:38:06Z,46.529944,12.012185,2588.46859
2026-10-02T13:38:07Z,46.529944,12.012186,2588.482348
2026-10-02T13:38:08Z,46.529943,12.012187,2588.492862
2026-10-02T13:38:09Z,46.529942,12.012188,2588.500285
2026-10-02T13:38:10Z,46.529941,12.012189,2588.505703
2026-10-02T13:38:11Z,46.529941,12.012191,2588.511085
2026-10-02T13:38:12Z,46.52994,12.012191,2588.519311
2026-10-02T13:38:13Z,46.52994,12.012192,2588.532686
2026-10-02T13:38:14Z,46.529941,12.012193,2588.553219
2026-10-02T13:38:15Z,46.529941,12.012193,2588.581787
2026-10-02T13:38:16Z,46.529941,12.012194,2588.617688
2026-10-02T13:38:17Z,46.529942,12.012194,2588.658698
2026-10-02T13:38:18Z,46.529942,12.012195,2588.701442
2026-10-02T13:38:19Z,46.529943,12.012195,2588.74185
2026-10-02T13:38:20Z,46.529943,12.012195,2588.775975
2026-10-02T13:38:21Z,46.529943,12.012194,2588.800763
2026-10-02T13:38:22Z,46.529942,12.012194,2588.814388
2026-10-02T13:38:23Z,46.529942,12.012193,2588.816393
2026-10-02T13:38:24Z,46.529942,12.012193,2588.807633
2026-10-02T13:38:25Z,46.529942,12.012193,2588.790063
2026-10-02T13:38:26Z,46.529942,12.012193,2588.765979
2026-10-02T13:38:27Z,46.529943,12.012193,2588.737633
2026-10-02T13:38:28Z,46.529943,12.012194,2588.706979
2026-10-02T13:38:29Z,46.529943,12.012195,2588.675429
2026-10-02T13:38:30Z,46.529943,12.012196,2588.643576
2026-10-02T13:38:31Z,46.529943,12.012197,2588.611475
2026-10-02T13:38:32Z,46.529944,12.012198,2588.57885
2026-10-02T13:38:33Z,46.529944,12.012199,2588.54547
2026-10-02T13:38:34Z,46.529944,12.012199,2588.511401
2026-10-02T13:38:35Z,46.529945,12.012199,2588.477102
2026-10-02T13:38:36Z,46.529945,12.012199,2588.443511
2026-10-02T13:38:37Z,46.529946,12.012197,2588.411934
2026-10-02T13:38:38Z,46.529946,12.012195,2588.383566
2026-10-02T13:38:39Z,46.529946,12.012193,2588.357758
2026-10-02T13:38:40Z,46.529946,12.01219,2588.332779
2026-10-02T13:38:41Z,46.529947,12.012188,2588.307342
2026-10-02T13:38:42Z,46.529946,12.012185,2588.2801
2026-10-02T13:38:43Z,46.529945,12.012183,2588.248445
2026-10-02T13:38:44Z,46.529943,12.01218,2588.212639
2026-10-02T13:38:45Z,46.529941,12.012177,2588.173625
2026-10-02T13:38:46Z,46.529939,12.012173,2588.133033
2026-10-02T13:38:47Z,46.529938,12.012169,2588.093861
2026-10-02T13:38:48Z,46.529936,12.012165,2588.061888
2026-10-02T13:38:49Z,46.529934,12.01216,2588.045046
2026-10-02T13:38:50Z,46.52993,12.012156,2588.051562
2026-10-02T13:38:51Z,46.529924,12.01215,2588.08793
2026-10-02T13:38:52Z,46.529914,12.012145,2588.158077
2026-10-02T13:38:53Z,46.529901,12.012141,2588.262003
2026-10-02T13:38:54Z,46.52989,12.012137,2588.395114
2026-10-02T13:38:55Z,46.529881,12.012133,2588.550681
2026-10-02T13:38:56Z,46.529876,12.012128,2588.722465
2026-10-02T13:38:57Z,46.529874,12.01212,2588.905382
2026-10-02T13:38:58Z,46.529876,12.012109,2589.096224
2026-10-02T13:38:59Z,46.529879,12.012097,2589.292554
2026-10-02T13:39:00Z,46.529884,12.012086,2589.491989
2026-10-02T13:39:01Z,46.529889,12.012075,2589.691316
2026-10-02T13:39:02Z,46.529893,12.012064,2589.887485
2026-10-02T13:39:03Z,46.529896,12.012054,2590.077476
2026-10-02T13:39:04Z,46.529899,12.012044,2590.258827
2026-10-02T13:39:05Z,46.529902,12.012034,2590.429856
2026-10-02T13:39:06Z,46.529904,12.012023,2590.590152
2026-10-02T13:39:07Z,46.529907,12.012013,2590.740123
2026-10-02T13:39:08Z,46.529911,12.012002,2590.880121
2026-10-02T13:39:09Z,46.529915,12.011991,2591.011647
2026-10-02T13:39:10Z,46.529918,12.011981,2591.137914
2026-10-02T13:39:11Z,46.52992,12.011972,2591.262648
2026-10-02T13:39:12Z,46.529921,12.011964,2591.387176
2026-10-02T13:39:13Z,46.529922,12.011958,2591.511452
2026-10-02T13:39:14Z,46.529923,12.011952,2591.636154
2026-10-02T13:39:15Z,46.529924,12.011946,2591.76121
2026-10-02T13:39:16Z,46.529924,12.01194,2591.886129
2026-10-02T13:39:17Z,46.529925,12.011934,2592.012014
2026-10-02T13:39:18Z,46.529926,12.011928,2592.139951
2026-10-02T13:39:19Z,46.529927,12.011924,2592.269738
2026-10-02T13:39:20Z,46.529927,12.011922,2592.39792
2026-10-02T13:39:21Z,46.529927,12.011922,2592.520747
2026-10-02T13:39:22Z,46.529925,12.011925,2592.636391
2026-10-02T13:39:23Z,46.529923,12.011927,2592.745427
2026-10-02T13:39:24Z,46.52992,12.01193,2592.849859
2026-10-02T13:39:25Z,46.529916,12.011934,2592.95331
2026-10-02T13:39:26Z,46.529911,12.011938,2593.058923
2026-10-02T13:39:27Z,46.529906,12.011942,2593.167774
2026-10-02T13:39:28Z,46.5299,12.011946,2593.277994
2026-10-02T13:39:29Z,46.529896,12.01195,2593.387788
2026-10-02T13:39:30Z,46.529892,12.011954,2593.496122
2026-10-02T13:39:31Z,46.529889,12.011956,2593.602637
2026-10-02T13:39:32Z,46.529886,12.011957,2593.706524
2026-10-02T13:39:33Z,46.529884,12.011958,2593.808246
2026-10-02T13:39:34Z,46.529882,12.011958,2593.907051
2026-10-02T13:39:35Z,46.52988,12.011958,2594.001406
2026-10-02T13:39:36Z,46.529876,12.011958,2594.090064
2026-10-02T13:39:37Z,46.529871,12.011959,2594.173784
2026-10-02T13:39:38Z,46.529863,12.011961,2594.253883
2026-10-02T13:39:39Z,46.529856,12.011963,2594.33333
2026-10-02T13:39:40Z,46.529849,12.011966,2594.416534
2026-10-02T13:39:41Z,46.529842,12.011968,2594.509034
2026-10-02T13:39:42Z,46.529837,12.011971,2594.615138
2026-10-02T13:39:43Z,46.529833,12.011974,2594.735905
2026-10-02T13:39:44Z,46.529829,12.011977,2594.869814
2026-10-02T13:39:45Z,46.529825,12.01198,2595.013809
2026-10-02T13:39:46Z,46.52982,12.011982,2595.163617
2026-10-02T13:39:47Z,46.529816,12.011985,2595.315714
2026-10-02T13:39:48Z,46.529812,12.011987,2595.468322
2026-10-02T13:39:49Z,46.529808,12.011988,2595.620616
2026-10-02T13:39:50Z,46.529804,12.011989,2595.771756
2026-10-02T13:39:51Z,46.529801,12.01199,2595.918634
2026-10-02T13:39:52Z,46.5298,12.011991,2596.057626
2026-10-02T13:39:53Z,46.5298,12.011993,2596.185827
2026-10-02T13:39:54Z,46.5298,12.011994,2596.301644
2026-10-02T13:39:55Z,46.529801,12.011995,2596.40432
2026-10-02T13:39:56Z,46.529802,12.011996,2596.494196
2026-10-02T13:39:57Z,46.529803,12.011996,2596.572103
2026-10-02T13:39:58Z,46.529804,12.011996,2596.638968
2026-10-02T13:39:59Z,46.529805,12.011996,2596.695791
2026-10-02T13:40:00Z,46.529807,12.011996,2596.744264
2026-10-02T13:40:01Z,46.529808,12.011996,2596.787296
2026-10-02T13:40:02Z,46.529809,12.011997,2596.828321
2026-10-02T13:40:03Z,46.529808,12.011998,2596.870224
2026-10-02T13:40:04Z,46.529806,12.011999,2596.914563
2026-10-02T13:40:05Z,46.529805,12.012,2596.961619
2026-10-02T13:40:06Z,46.529804,12.011999,2597.011156
2026-10-02T13:40:07Z,46.529803,12.011998,2597.062882
2026-10-02T13:40:08Z,46.529802,12.011997,2597.11707
2026-10-02T13:40:09Z,46.529799,12.011995,2597.173158
2026-10-02T13:40:10Z,46.529796,12.011993,2597.230974
2026-10-02T13:40:11Z,46.529794,12.011992,2597.290157
2026-10-02T13:40:12Z,46.529792,12.011989,2597.349551
2026-10-02T13:40:13Z,46.529791,12.011986,2597.406763
2026-10-02T13:40:14Z,46.52979,12.011983,2597.461427
2026-10-02T13:40:15Z,46.52979,12.011978,2597.513093
2026-10-02T13:40:16Z,46.529789,12.011973,2597.560628
2026-10-02T13:40:17Z,46.529788,12.01197,2597.60311
2026-10-02T13:40:18Z,46.529788,12.011968,2597.640859
2026-10-02T13:40:19Z,46.529786,12.011966,2597.676033
2026-10-02T13:40:20Z,46.529783,12.011963,2597.712982
2026-10-02T13:40:21Z,46.529779,12.011959,2597.758403
2026-10-02T13:40:22Z,46.529777,12.011955,2597.818171
2026-10-02T13:40:23Z,46.529776,12.011951,2597.896687
2026-10-02T13:40:24Z,46.529777,12.011948,2597.99438
2026-10-02T13:40:25Z,46.529778,12.011946,2598.107584
2026-10-02T13:40:26Z,46.52978,12.011945,2598.229484
2026-10-02T13:40:27Z,46.529781,12.011944,2598.353056
2026-10-02T13:40:28Z,46.529782,12.011943,2598.470934
2026-10-02T13:40:29Z,46.529783,12.011943,2598.576591
2026-10-02T13:40:30Z,46.529783,12.011943,2598.665532
2026-10-02T13:40:31Z,46.529783,12.011942,2598.736153
2026-10-02T13:40:32Z,46.529784,12.011941,2598.789324
2026-10-02T13:40:33Z,46.529784,12.01194,2598.828338
2026-10-02T13:40:34Z,46.529784,12.011939,2598.858239
2026-10-02T13:40:35Z,46.529784,12.011938,2598.88491
2026-10-02T13:40:36Z,46.529784,12.011936,2598.913401
2026-10-02T13:40:37Z,46.529785,12.011935,2598.946487
2026-10-02T13:40:38Z,46.529785,12.011935,2598.98467
2026-10-02T13:40:39Z,46.529785,12.011935,2599.02707
2026-10-02T13:40:40Z,46.529786,12.011936,2599.071098
2026-10-02T13:40:41Z,46.529786,12.011937,2599.1139
2026-10-02T13:40:42Z,46.529786,12.011939,2599.153337
2026-10-02T13:40:43Z,46.529786,12.011941,2599.188211
2026-10-02T13:40:44Z,46.529786,12.011943,2599.217609
2026-10-02T13:40:45Z,46.529786,12.011943,2599.240587
2026-10-02T13:40:46Z,46.529786,12.011943,2599.256382
2026-10-02T13:40:47Z,46.529786,12.011943,2599.264715
2026-10-02T13:40:48Z,46.529786,12.011943,2599.266061
2026-10-02T13:40:49Z,46.529786,12.011944,2599.261914
2026-10-02T13:40:50Z,46.529785,12.011945,2599.254183
2026-10-02T13:40:51Z,46.529784,12.011946,2599.244799
2026-10-02T13:40:52Z,46.529783,12.011949,2599.235222
2026-10-02T13:40:53Z,46.529782,12.011951,2599.225564
2026-10-02T13:40:54Z,46.52978,12.011952,2599.214779
2026-10-02T13:40:55Z,46.529779,12.011953,2599.202012
2026-10-02T13:40:56Z,46.529778,12.011953,2599.186851
2026-10-02T13:40:57Z,46.529777,12.011954,2599.168551
2026-10-02T13:40:58Z,46.529776,12.011955,2599.147014
2026-10-02T13:40:59Z,46.529775,12.011957,2599.122713
2026-10-02T13:41:00Z,46.529774,12.011958,2599.097286
2026-10-02T13:41:01Z,46.529773,12.01196,2599.073886
2026-10-02T13:41:02Z,46.529772,12.011961,2599.057404
2026-10-02T13:41:03Z,46.529771,12.011963,2599.052107
2026-10-02T13:41:04Z,46.52977,12.011965,2599.061502
2026-10-02T13:41:05Z,46.52977,12.011967,2599.087317
2026-10-02T13:41:06Z,46.529769,12.011968,2599.128802
2026-10-02T13:41:07Z,46.529769,12.01197,2599.183386
2026-10-02T13:41:08Z,46.52977,12.011972,2599.246799
2026-10-02T13:41:09Z,46.52977,12.011974,2599.313555
2026-10-02T13:41:10Z,46.52977,12.011976,2599.377296
2026-10-02T13:41:11Z,46.52977,12.011977,2599.432398
2026-10-02T13:41:12Z,46.52977,12.011979,2599.474443
2026-10-02T13:41:13Z,46.529769,12.01198,2599.501376
2026-10-02T13:41:14Z,46.529769,12.01198,2599.513209
2026-10-02T13:41:15Z,46.529769,12.011981,2599.511837
2026-10-02T13:41:16Z,46.529769,12.011982,2599.499859
2026-10-02T13:41:17Z,46.529768,12.011982,2599.480503
2026-10-02T13:41:18Z,46.529768,12.011983,2599.457232
2026-10-02T13:41:19Z,46.529768,12.011984,2599.433328
2026-10-02T13:41:20Z,46.529768,12.011985,2599.411151
2026-10-02T13:41:21Z,46.529768,12.011986,2599.391602
2026-10-02T13:41:22Z,46.529769,12.011987,2599.374278
2026-10-02T13:41:23Z,46.52977,12.011988,2599.357841
2026-10-02T13:41:24Z,46.52977,12.01199,2599.341055
2026-10-02T13:41:25Z,46.529771,12.011991,2599.32279
2026-10-02T13:41:26Z,46.529772,12.011992,2599.302639
2026-10-02T13:41:27Z,46.529772,12.011993,2599.280982
2026-10-02T13:41:28Z,46.529773,12.011995,2599.258872
2026-10-02T13:41:29Z,46.529773,12.011996,2599.23702
2026-10-02T13:41:30Z,46.529774,12.011997,2599.216441
2026-10-02T13:41:31Z,46.529775,12.011998,2599.198427
2026-10-02T13:41:32Z,46.529776,12.011999,2599.184247
2026-10-02T13:41:33Z,46.529777,12.012,2599.174667
2026-10-02T13:41:34Z,46.529778,12.012001,2599.169354
2026-10-02T13:41:35Z,46.529779,12.012,2599.167064
2026-10-02T13:41:36Z,46.529779,12.012,2599.165898
2026-10-02T13:41:37Z,46.52978,12.012,2599.163722
2026-10-02T13:41:38Z,46.52978,12.011999,2599.158594
2026-10-02T13:41:39Z,46.529781,12.011999,2599.14976
2026-10-02T13:41:40Z,46.529782,12.011998,2599.137331
2026-10-02T13:41:41Z,46.529783,12.011997,2599.121824
2026-10-02T13:41:42Z,46.529784,12.011995,2599.103908
2026-10-02T13:41:43Z,46.529785,12.011993,2599.08441
2026-10-02T13:41:44Z,46.529786,12.011992,2599.064675
2026-10-02T13:41:45Z,46.529787,12.01199,2599.046529
2026-10-02T13:41:46Z,46.529788,12.011989,2599.032176
2026-10-02T13:41:47Z,46.529789,12.011988,2599.023036
2026-10-02T13:41:48Z,46.52979,12.011987,2599.020153
2026-10-02T13:41:49Z,46.529791,12.011987,2599.02373
2026-10-02T13:41:50Z,46.529792,12.011986,2599.032889
2026-10-02T13:41:51Z,46.529793,12.011986,2599.045969
2026-10-02T13:41:52Z,46.529794,12.011986,2599.061687
2026-10-02T13:41:53Z,46.529794,12.011986,2599.078629
2026-10-02T13:41:54Z,46.529794,12.011986,2599.095022
2026-10-02T13:41:55Z,46.529794,12.011986,2599.108406
2026-10-02T13:41:56Z,46.529793,12.011986,2599.116853
2026-10-02T13:41:57Z,46.529794,12.011986,2599.119309
2026-10-02T13:41:58Z,46.529794,12.011986,2599.115663
2026-10-02T13:41:59Z,46.529794,12.011987,2599.106378
2026-10-02T13:42:00Z,46.529794,12.011987,2599.093132
2026-10-02T13:42:01Z,46.529794,12.011988,2599.07726
2026-10-02T13:42:02Z,46.529793,12.011988,2599.059283
2026-10-02T13:42:03Z,46.529793,12.011988,2599.039247
2026-10-02T13:42:04Z,46.529792,12.011988,2599.017636
2026-10-02T13:42:05Z,46.529791,12.011989,2598.99527
2026-10-02T13:42:06Z,46.52979,12.01199,2598.973652
2026-10-02T13:42:07Z,46.529789,12.01199,2598.954622
2026-10-02T13:42:08Z,46.529788,12.01199,2598.939718
2026-10-02T13:42:09Z,46.529787,12.01199,2598.929519
2026-10-02T13:42:10Z,46.529787,12.01199,2598.923692
2026-10-02T13:42:11Z,46.529787,12.01199,2598.921027
2026-10-02T13:42:12Z,46.529787,12.01199,2598.919801
2026-10-02T13:42:13Z,46.529788,12.011989,2598.918384
2026-10-02T13:42:14Z,46.529788,12.011989,2598.915782
2026-10-02T13:42:15Z,46.529789,12.011988,2598.91147
2026-10-02T13:42:16Z,46.529789,12.011988,2598.90541
2026-10-02T13:42:17Z,46.52979,12.011987,2598.898113
2026-10-02T13:42:18Z,46.529791,12.011986,2598.890351
2026-10-02T13:42:19Z,46.529791,12.011985,2598.882637
2026-10-02T13:42:20Z,46.529792,12.011985,2598.87491
2026-10-02T13:42:21Z,46.529792,12.011984,2598.866553
2026-10-02T13:42:22Z,46.529792,12.011984,2598.857013
2026-10-02T13:42:23Z,46.529793,12.011984,2598.844409
2026-10-02T13:42:24Z,46.529794,12.011984,2598.826779
2026-10-02T13:42:25Z,46.529794,12.011984,2598.802688
2026-10-02T13:42:26Z,46.529795,12.011984,2598.771706
2026-10-02T13:42:27Z,46.529796,12.011985,2598.73312
2026-10-02T13:42:28Z,46.529797,12.011985,2598.686986
2026-10-02T13:42:29Z,46.529798,12.011986,2598.633699
2026-10-02T13:42:30Z,46.529799,12.011987,2598.573842
2026-10-02T13:42:31Z,46.5298,12.011988,2598.507897
2026-10-02T13:42:32Z,46.5298,12.011988,2598.437723
2026-10-02T13:42:33Z,46.5298,12.011988,2598.36659
2026-10-02T13:42:34Z,46.5298,12.011989,2598.298433
2026-10-02T13:42:35Z,46.529799,12.011989,2598.237307
2026-10-02T13:42:36Z,46.529799,12.01199,2598.185037
2026-10-02T13:42:37Z,46.529799,12.011992,2598.141161
2026-10-02T13:42:38Z,46.5298,12.011994,2598.102967
2026-10-02T13:42:39Z,46.529801,12.011997,2598.066702
2026-10-02T13:42:40Z,46.529802,12.012001,2598.027133
2026-10-02T13:42:41Z,46.529804,12.012005,2597.981616
2026-10-02T13:42:42Z,46.529807,12.012011,2597.929452
2026-10-02T13:42:43Z,46.52981,12.012018,2597.87187
2026-10-02T13:42:44Z,46.529813,12.012025,2597.811619
2026-10-02T13:42:45Z,46.529814,12.012031,2597.753451
2026-10-02T13:42:46Z,46.529814,12.012036,2597.70416
2026-10-02T13:42:47Z,46.529814,12.012042,2597.671366
2026-10-02T13:42:48Z,46.529813,12.012048,2597.661633
2026-10-02T13:42:49Z,46.529812,12.012057,2597.679874
2026-10-02T13:42:50Z,46.529813,12.012065,2597.728195
2026-10-02T13:42:51Z,46.529816,12.012073,2597.805028
2026-10-02T13:42:52Z,46.529817,12.01208,2597.905996
2026-10-02T13:42:53Z,46.529817,12.012088,2598.027145
2026-10-02T13:42:54Z,46.529818,12.012096,2598.163251
2026-10-02T13:42:55Z,46.529818,12.012102,2598.308906
2026-10-02T13:42:56Z,46.529818,12.01211,2598.45872
2026-10-02T13:42:57Z,46.529818,12.01212,2598.609023
2026-10-02T13:42:58Z,46.529817,12.012129,2598.755065
2026-10-02T13:42:59Z,46.529818,12.012138,2598.8936
2026-10-02T13:43:00Z,46.52982,12.012146,2599.023307
2026-10-02T13:43:01Z,46.529823,12.012155,2599.145983
2026-10-02T13:43:02Z,46.529826,12.012163,2599.262638
2026-10-02T13:43:03Z,46.529829,12.012171,2599.377462
2026-10-02T13:43:04Z,46.529831,12.012179,2599.496953
2026-10-02T13:43:05Z,46.529832,12.012185,2599.627479
2026-10-02T13:43:06Z,46.529832,12.012189,2599.7718
2026-10-02T13:43:07Z,46.529832,12.012193,2599.928673
2026-10-02T13:43:08Z,46.529832,12.012197,2600.09259
2026-10-02T13:43:09Z,46.529831,12.012203,2600.253843
2026-10-02T13:43:10Z,46.529831,12.012208,2600.400063
2026-10-02T13:43:11Z,46.529831,12.012211,2600.520613
2026-10-02T13:43:12Z,46.529832,12.012213,2600.61198
2026-10-02T13:43:13Z,46.529833,12.012215,2600.674859
2026-10-02T13:43:14Z,46.529834,12.012216,2600.711929
2026-10-02T13:43:15Z,46.529835,12.012217,2600.727523
2026-10-02T13:43:16Z,46.529837,12.012219,2600.726865
2026-10-02T13:43:17Z,46.529839,12.012222,2600.712827
2026-10-02T13:43:18Z,46.529841,12.012227,2600.68786
2026-10-02T13:43:19Z,46.529842,12.012232,2600.655617
2026-10-02T13:43:20Z,46.529843,12.012235,2600.623505
2026-10-02T13:43:21Z,46.529844,12.012236,2600.597155
2026-10-02T13:43:22Z,46.529844,12.012236,2600.579675
2026-10-02T13:43:23Z,46.529844,12.012237,2600.572085
2026-10-02T13:43:24Z,46.529844,12.012238,2600.57473
2026-10-02T13:43:25Z,46.529843,12.012239,2600.584379
2026-10-02T13:43:26Z,46.529843,12.01224,2600.600129
2026-10-02T13:43:27Z,46.529843,12.012242,2600.624822
2026-10-02T13:43:28Z,46.529843,12.012245,2600.66282
2026-10-02T13:43:29Z,46.529842,12.012248,2600.717943
2026-10-02T13:43:30Z,46.529842,12.01225,2600.790258
2026-10-02T13:43:31Z,46.529841,12.012251,2600.874547
2026-10-02T13:43:32Z,46.529841,12.012251,2600.960954
2026-10-02T13:43:33Z,46.52984,12.012251,2601.038796
2026-10-02T13:43:34Z,46.529839,12.012251,2601.098464
2026-10-02T13:43:35Z,46.529838,12.012251,2601.134728
2026-10-02T13:43:36Z,46.529836,12.01225,2601.147407
2026-10-02T13:43:37Z,46.529835,12.012248,2601.14152
2026-10-02T13:43:38Z,46.529833,12.012247,2601.123451
2026-10-02T13:43:39Z,46.529831,12.012245,2601.101464
2026-10-02T13:43:40Z,46.529829,12.012243,2601.083617
2026-10-02T13:43:41Z,46.529828,12.012241,2601.075739
2026-10-02T13:43:42Z,46.529826,12.012239,2601.079368
2026-10-02T13:43:43Z,46.529825,12.012237,2601.092482
2026-10-02T13:43:44Z,46.529824,12.012235,2601.109572
2026-10-02T13:43:45Z,46.529823,12.012233,2601.123673
2026-10-02T13:43:46Z,46.529822,12.01223,2601.129515
2026-10-02T13:43:47Z,46.52982,12.012227,2601.124298
2026-10-02T13:43:48Z,46.529819,12.012223,2601.108751
2026-10-02T13:43:49Z,46.529819,12.012219,2601.086882
2026-10-02T13:43:50Z,46.52982,12.012216,2601.065059
2026-10-02T13:43:51Z,46.529822,12.012213,2601.050321
2026-10-02T13:43:52Z,46.529822,12.012211,2601.04956
2026-10-02T13:43:53Z,46.529822,12.012209,2601.0675
2026-10-02T13:43:54Z,46.529821,12.012207,2601.105894
2026-10-02T13:43:55Z,46.52982,12.012205,2601.162863
2026-10-02T13:43:56Z,46.52982,12.012202,2601.235179
2026-10-02T13:43:57Z,46.529819,12.012199,2601.318182
2026-10-02T13:43:58Z,46.529818,12.012197,2601.406865
2026-10-02T13:43:59Z,46.529817,12.012196,2601.496458
2026-10-02T13:44:00Z,46.529816,12.012194,2601.583975
2026-10-02T13:44:01Z,46.529815,12.012193,2601.66693
2026-10-02T13:44:02Z,46.529814,12.012191,2601.744182
2026-10-02T13:44:03Z,46.529814,12.012189,2601.81593
2026-10-02T13:44:04Z,46.529813,12.01219,2601.883261
2026-10-02T13:44:05Z,46.529813,12.012192,2601.946348
2026-10-02T13:44:06Z,46.529813,12.012194,2602.003806
2026-10-02T13:44:07Z,46.529813,12.012196,2602.053182
2026-10-02T13:44:08Z,46.529813,12.012197,2602.092011
2026-10-02T13:44:09Z,46.529813,12.012198,2602.118786
2026-10-02T13:44:10Z,46.529813,12.012199,2602.133599
2026-10-02T13:44:11Z,46.529814,12.0122,2602.138321
2026-10-02T13:44:12Z,46.529814,12.0122,2602.135949
2026-10-02T13:44:13Z,46.529815,12.0122,2602.129835
2026-10-02T13:44:14Z,46.529815,12.0122,2602.122345
2026-10-02T13:44:15Z,46.529815,12.0122,2602.114825
2026-10-02T13:44:16Z,46.529816,12.012199,2602.107802
2026-10-02T13:44:17Z,46.529816,12.012199,2602.101643
2026-10-02T13:44:18Z,46.529816,12.012199,2602.095622
2026-10-02T13:44:19Z,46.529817,12.012199,2602.0899
2026-10-02T13:44:20Z,46.529816,12.012199,2602.08534
2026-10-02T13:44:21Z,46.529815,12.012199,2602.083652
2026-10-02T13:44:22Z,46.529814,12.0122,2602.085909
2026-10-02T13:44:23Z,46.529812,12.0122,2602.094881
2026-10-02T13:44:24Z,46.529811,12.012202,2602.112641
2026-10-02T13:44:25Z,46.529808,12.012203,2602.139882
2026-10-02T13:44:26Z,46.529806,12.012205,2602.175232
2026-10-02T13:44:27Z,46.529803,12.012207,2602.216552
2026-10-02T13:44:28Z,46.529801,12.012209,2602.258302
2026-10-02T13:44:29Z,46.529798,12.01221,2602.293241
2026-10-02T13:44:30Z,46.529795,12.012212,2602.314979
2026-10-02T13:44:31Z,46.529792,12.012212,2602.319045
2026-10-02T13:44:32Z,46.529788,12.012212,2602.303803
2026-10-02T13:44:33Z,46.529784,12.01221,2602.272446
2026-10-02T13:44:34Z,46.529779,12.012206,2602.232935
2026-10-02T13:44:35Z,46.529777,12.012203,2602.194672
2026-10-02T13:44:36Z,46.529776,12.012203,2602.167215
2026-10-02T13:44:37Z,46.529775,12.012203,2602.157363
2026-10-02T13:44:38Z,46.529775,12.012204,2602.167313
2026-10-02T13:44:39Z,46.529774,12.012205,2602.1934
2026-10-02T13:44:40Z,46.529773,12.012205,2602.22922
2026-10-02T13:44:41Z,46.529771,12.012204,2602.266583
2026-10-02T13:44:42Z,46.529769,12.012203,2602.297597
2026-10-02T13:44:43Z,46.529768,12.012203,2602.316494
2026-10-02T13:44:44Z,46.529767,12.012203,2602.321475
2026-10-02T13:44:45Z,46.529767,12.012204,2602.31452
2026-10-02T13:44:46Z,46.529767,12.012204,2602.300212
2026-10-02T13:44:47Z,46.529766,12.012205,2602.284047
2026-10-02T13:44:48Z,46.529766,12.012207,2602.270951
2026-10-02T13:44:49Z,46.529766,12.012208,2602.263252
2026-10-02T13:44:50Z,46.529766,12.012209,2602.260998
2026-10-02T13:44:51Z,46.529767,12.012211,2602.26292
2026-10-02T13:44:52Z,46.529768,12.012213,2602.267925
2026-10-02T13:44:53Z,46.529769,12.012215,2602.274635
2026-10-02T13:44:54Z,46.529769,12.012218,2602.282178
2026-10-02T13:44:55Z,46.52977,12.01222,2602.290911
2026-10-02T13:44:56Z,46.52977,12.012222,2602.301673
2026-10-02T13:44:57Z,46.529771,12.012224,2602.31402
2026-10-02T13:44:58Z,46.529771,12.012226,2602.329883
2026-10-02T13:44:59Z,46.529771,12.012226,2602.351313
2026-10-02T13:45:00Z,46.52977,12.012227,2602.37956
2026-10-02T13:45:01Z,46.52977,12.012227,2602.415367
2026-10-02T13:45:02Z,46.529769,12.012227,2602.461374
2026-10-02T13:45:03Z,46.529768,12.012227,2602.521277
2026-10-02T13:45:04Z,46.529768,12.012228,2602.598929
2026-10-02T13:45:05Z,46.529767,12.012228,2602.696846
2026-10-02T13:45:06Z,46.529765,12.012228,2602.815503
2026-10-02T13:45:07Z,46.529764,12.012227,2602.950559
2026-10-02T13:45:08Z,46.529764,12.012226,2603.096338
2026-10-02T13:45:09Z,46.529766,12.012224,2603.247343
2026-10-02T13:45:10Z,46.529767,12.012222,2603.400958
2026-10-02T13:45:11Z,46.529767,12.012218,2603.555306
2026-10-02T13:45:12Z,46.529767,12.012213,2603.711889
2026-10-02T13:45:13Z,46.529764,12.012207,2603.874216
2026-10-02T13:45:14Z,46.529761,12.012199,2604.046298
2026-10-02T13:45:15Z,46.529757,12.012192,2604.23073
2026-10-02T13:45:16Z,46.529754,12.012186,2604.428249
2026-10-02T13:45:17Z,46.529751,12.01218,2604.635728
2026-10-02T13:45:18Z,46.529748,12.012176,2604.846195
2026-10-02T13:45:19Z,46.529746,12.012172,2605.051139
2026-10-02T13:45:20Z,46.529746,12.012169,2605.243994
2026-10-02T13:45:21Z,46.529748,12.012166,2605.422058
2026-10-02T13:45:22Z,46.529751,12.012164,2605.586377
2026-10-02T13:45:23Z,46.529754,12.012162,2605.740389
2026-10-02T13:45:24Z,46.52976,12.012162,2605.888061
2026-10-02T13:45:25Z,46.529767,12.012163,2606.033157
2026-10-02T13:45:26Z,46.529773,12.012166,2606.178405
2026-10-02T13:45:27Z,46.529778,12.012168,2606.325623
2026-10-02T13:45:28Z,46.529781,12.01217,2606.474672
2026-10-02T13:45:29Z,46.529782,12.012171,2606.626583
2026-10-02T13:45:30Z,46.529783,12.01217,2606.782479
2026-10-02T13:45:31Z,46.529783,12.012168,2606.94349
2026-10-02T13:45:32Z,46.529784,12.012164,2607.110757
2026-10-02T13:45:33Z,46.529785,12.012159,2607.286439
2026-10-02T13:45:34Z,46.529786,12.012153,2607.473766
2026-10-02T13:45:35Z,46.529788,12.012146,2607.675326
2026-10-02T13:45:36Z,46.529791,12.012139,2607.892272
2026-10-02T13:45:37Z,46.529795,12.012131,2608.124085
2026-10-02T13:45:38Z,46.529798,12.012123,2608.368563
2026-10-02T13:45:39Z,46.529799,12.012117,2608.620002
2026-10-02T13:45:40Z,46.529798,12.012114,2608.871886
2026-10-02T13:45:41Z,46.529795,12.012112,2609.119168
2026-10-02T13:45:42Z,46.529792,12.012111,2609.360892
2026-10-02T13:45:43Z,46.529788,12.01211,2609.603714
2026-10-02T13:45:44Z,46.529784,12.012109,2609.836343
2026-10-02T13:45:45Z,46.52978,12.012108,2610.055206
2026-10-02T13:45:46Z,46.529776,12.012106,2610.256586
2026-10-02T13:45:47Z,46.529773,12.012105,2610.436425
2026-10-02T13:45:48Z,46.52977,12.012102,2610.590578
2026-10-02T13:45:49Z,46.529768,12.0121,2610.715489
2026-10-02T13:45:50Z,46.529766,12.012099,2610.806952
2026-10-02T13:45:51Z,46.529763,12.012097,2610.858167
2026-10-02T13:45:52Z,46.529762,12.012096,2610.869596
2026-10-02T13:45:52Z,46.529761,12.012096,2610.873794
2026-10-02T13:45:53Z,46.52976,12.012095,2610.876494
2026-10-02T13:45:54Z,46.529758,12.012095,2610.890945
2026-10-02T13:45:55Z,46.529757,12.012094,2610.908706
2026-10-02T13:45:56Z,46.529756,12.012094,2610.924159
2026-10-02T13:45:57Z,46.529754,12.012094,2610.934045
2026-10-02T13:45:58Z,46.529752,12.012095,2610.936895
2026-10-02T13:45:59Z,46.52975,12.012094,2610.93249
2026-10-02T13:46:00Z,46.529748,12.012094,2610.921645
2026-10-02T13:46:01Z,46.529746,12.012094,2610.905459
2026-10-02T13:46:02Z,46.529744,12.012093,2610.885174
2026-10-02T13:46:03Z,46.529743,12.012093,2610.86207
2026-10-02T13:46:04Z,46.529741,12.012093,2610.837458
2026-10-02T13:46:05Z,46.52974,12.012092,2610.812488
2026-10-02T13:46:06Z,46.529738,12.012092,2610.788328
2026-10-02T13:46:07Z,46.529735,12.012091,2610.766112
2026-10-02T13:46:08Z,46.529733,12.01209,2610.746791
2026-10-02T13:46:09Z,46.52973,12.012089,2610.730674
2026-10-02T13:46:10Z,46.529728,12.012088,2610.718239
2026-10-02T13:46:11Z,46.529725,12.012087,2610.709743
2026-10-02T13:46:12Z,46.529721,12.012086,2610.705183
2026-10-02T13:46:13Z,46.529717,12.012086,2610.70403
2026-10-02T13:46:14Z,46.529714,12.012085,2610.706518
2026-10-02T13:46:15Z,46.529711,12.012085,2610.712108
2026-10-02T13:46:16Z,46.529709,12.012085,2610.719729
2026-10-02T13:46:17Z,46.529707,12.012085,2610.727614
2026-10-02T13:46:18Z,46.529705,12.012085,2610.735303
2026-10-02T13:46:19Z,46.529703,12.012086,2610.740907
2026-10-02T13:46:20Z,46.529701,12.012087,2610.742399
2026-10-02T13:46:21Z,46.529699,12.012087,2610.738616
2026-10-02T13:46:22Z,46.529698,12.012088,2610.730506
2026-10-02T13:46:23Z,46.529698,12.012088,2610.718253
2026-10-02T13:46:24Z,46.529697,12.012089,2610.704667
2026-10-02T13:46:25Z,46.529696,12.01209,2610.694907
2026-10-02T13:46:26Z,46.529695,12.012091,2610.69427
2026-10-02T13:46:27Z,46.529695,12.012091,2610.70607
2026-10-02T13:46:28Z,46.529694,12.012091,2610.731238
2026-10-02T13:46:29Z,46.529694,12.012092,2610.766874
2026-10-02T13:46:30Z,46.529693,12.012093,2610.806234
2026-10-02T13:46:31Z,46.529692,12.012093,2610.840882
2026-10-02T13:46:32Z,46.529692,12.012093,2610.86361
2026-10-02T13:46:33Z,46.529691,12.012093,2610.870531
2026-10-02T13:46:34Z,46.529691,12.012092,2610.861525
2026-10-02T13:46:35Z,46.529692,12.012092,2610.839588
2026-10-02T13:46:36Z,46.529692,12.012091,2610.810413
2026-10-02T13:46:37Z,46.529693,12.01209,2610.779949
2026-10-02T13:46:38Z,46.529693,12.012089,2610.752525
2026-10-02T13:46:39Z,46.529694,12.012088,2610.730312
2026-10-02T13:46:40Z,46.529695,12.012087,2610.713991
2026-10-02T13:46:41Z,46.529697,12.012085,2610.702642
2026-10-02T13:46:42Z,46.529698,12.012084,2610.694625
2026-10-02T13:46:43Z,46.529699,12.012083,2610.688534
2026-10-02T13:46:44Z,46.5297,12.012082,2610.684379
2026-10-02T13:46:45Z,46.5297,12.012081,2610.682441
2026-10-02T13:46:46Z,46.5297,12.012081,2610.682221
2026-10-02T13:46:47Z,46.529701,12.012081,2610.683149
2026-10-02T13:46:48Z,46.529701,12.012082,2610.685387
2026-10-02T13:46:49Z,46.529701,12.012083,2610.689113
2026-10-02T13:46:50Z,46.529701,12.012083,2610.694926
2026-10-02T13:46:51Z,46.529701,12.012084,2610.703975
2026-10-02T13:46:52Z,46.5297,12.012085,2610.717123
2026-10-02T13:46:53Z,46.529699,12.012085,2610.73369
2026-10-02T13:46:54Z,46.529698,12.012086,2610.751283
2026-10-02T13:46:55Z,46.529696,12.012087,2610.766922
2026-10-02T13:46:56Z,46.529695,12.012088,2610.778366
2026-10-02T13:46:57Z,46.529694,12.012089,2610.784767
2026-10-02T13:46:58Z,46.529693,12.012089,2610.786719
2026-10-02T13:46:59Z,46.529693,12.01209,2610.786049
2026-10-02T13:47:00Z,46.529692,12.01209,2610.784938
2026-10-02T13:47:01Z,46.529692,12.01209,2610.785081
2026-10-02T13:47:02Z,46.529691,12.012091,2610.787766
2026-10-02T13:47:03Z,46.529691,12.012092,2610.793749
2026-10-02T13:47:04Z,46.52969,12.012093,2610.803636
2026-10-02T13:47:05Z,46.529688,12.012095,2610.817923
2026-10-02T13:47:06Z,46.529687,12.012096,2610.836738
2026-10-02T13:47:07Z,46.529685,12.012098,2610.860979
2026-10-02T13:47:08Z,46.529684,12.012098,2610.891839
2026-10-02T13:47:09Z,46.529684,12.012098,2610.930364
2026-10-02T13:47:10Z,46.529684,12.012097,2610.97721
2026-10-02T13:47:11Z,46.529684,12.012096,2611.032538
2026-10-02T13:47:12Z,46.529684,12.012093,2611.098525
2026-10-02T13:47:13Z,46.529685,12.01209,2611.18522
2026-10-02T13:47:14Z,46.529687,12.012088,2611.281854
2026-10-02T13:47:15Z,46.529688,12.012086,2611.386941
2026-10-02T13:47:16Z,46.529688,12.012085,2611.49723
2026-10-02T13:47:17Z,46.529688,12.012083,2611.607648
2026-10-02T13:47:18Z,46.529687,12.012082,2611.71195
2026-10-02T13:47:19Z,46.529687,12.01208,2611.802435
2026-10-02T13:47:20Z,46.529686,12.012077,2611.869492
2026-10-02T13:47:21Z,46.529684,12.012073,2611.902326
2026-10-02T13:47:22Z,46.529683,12.012068,2611.897383
2026-10-02T13:47:22Z,46.529683,12.012067,2611.898087
2026-10-02T13:47:23Z,46.529681,12.012061,2611.88073
2026-10-02T13:47:24Z,46.52968,12.012055,2611.878509
2026-10-02T13:47:25Z,46.529679,12.012049,2611.888548
2026-10-02T13:47:26Z,46.529678,12.012043,2611.912436
2026-10-02T13:47:27Z,46.529677,12.012037,2611.953654
2026-10-02T13:47:28Z,46.529674,12.01203,2612.015206
2026-10-02T13:47:29Z,46.52967,12.012023,2612.097772
2026-10-02T13:47:30Z,46.529665,12.012015,2612.199305
2026-10-02T13:47:31Z,46.52966,12.012009,2612.31547
2026-10-02T13:47:32Z,46.529653,12.012003,2612.439375
2026-10-02T13:47:33Z,46.529646,12.011998,2612.56214
2026-10-02T13:47:34Z,46.529638,12.011994,2612.675599
2026-10-02T13:47:35Z,46.529631,12.011991,2612.775279
2026-10-02T13:47:36Z,46.529624,12.011989,2612.859164
2026-10-02T13:47:37Z,46.529619,12.011988,2612.926624
2026-10-02T13:47:38Z,46.529614,12.011987,2612.979105
2026-10-02T13:47:39Z,46.529612,12.011987,2613.017661
2026-10-02T13:47:40Z,46.529611,12.011988,2613.043736
2026-10-02T13:47:41Z,46.529612,12.01199,2613.060009
2026-10-02T13:47:42Z,46.529612,12.011993,2613.071344
2026-10-02T13:47:43Z,46.529612,12.011996,2613.083273
2026-10-02T13:47:44Z,46.529611,12.011999,2613.102415
2026-10-02T13:47:45Z,46.52961,12.012002,2613.134373
2026-10-02T13:47:46Z,46.52961,12.012005,2613.182104
2026-10-02T13:47:47Z,46.529608,12.012007,2613.246084
2026-10-02T13:47:48Z,46.529607,12.01201,2613.325044
2026-10-02T13:47:49Z,46.529605,12.012012,2613.415408
2026-10-02T13:47:50Z,46.529603,12.012015,2613.511396
2026-10-02T13:47:51Z,46.529601,12.012018,2613.605926
2026-10-02T13:47:52Z,46.529599,12.01202,2613.692527
2026-10-02T13:47:53Z,46.529598,12.012021,2613.766502
2026-10-02T13:47:54Z,46.529598,12.012021,2613.825642
2026-10-02T13:47:55Z,46.529598,12.012022,2613.870606
2026-10-02T13:47:56Z,46.529599,12.012022,2613.90379
2026-10-02T13:47:57Z,46.529599,12.012022,2613.928166
2026-10-02T13:47:58Z,46.5296,12.012022,2613.945859
2026-10-02T13:47:59Z,46.5296,12.012022,2613.957771
2026-10-02T13:48:00Z,46.529601,12.012022,2613.963634
2026-10-02T13:48:01Z,46.529602,12.012023,2613.963157
2026-10-02T13:48:02Z,46.529603,12.012023,2613.955732
2026-10-02T13:48:03Z,46.529605,12.012024,2613.941114
2026-10-02T13:48:04Z,46.529607,12.012024,2613.920565
2026-10-02T13:48:05Z,46.529609,12.012025,2613.896514
2026-10-02T13:48:06Z,46.529612,12.012026,2613.8715
2026-10-02T13:48:07Z,46.529614,12.012026,2613.848688
2026-10-02T13:48:08Z,46.529615,12.012026,2613.832011
2026-10-02T13:48:09Z,46.529615,12.012026,2613.823213
2026-10-02T13:48:10Z,46.529616,12.012026,2613.822529
2026-10-02T13:48:11Z,46.529616,12.012025,2613.82945
2026-10-02T13:48:12Z,46.529616,12.012025,2613.842219
2026-10-02T13:48:13Z,46.529617,12.012023,2613.855655
2026-10-02T13:48:14Z,46.529618,12.01202,2613.865911
2026-10-02T13:48:15Z,46.529623,12.012014,2613.869865
2026-10-02T13:48:16Z,46.529627,12.012005,2613.865983
2026-10-02T13:48:17Z,46.52963,12.011996,2613.854564
2026-10-02T13:48:18Z,46.529631,12.01199,2613.840357
2026-10-02T13:48:19Z,46.529631,12.011987,2613.830036
2026-10-02T13:48:20Z,46.529629,12.011985,2613.830601
2026-10-02T13:48:21Z,46.529627,12.011985,2613.846737
2026-10-02T13:48:22Z,46.529624,12.011986,2613.879997
2026-10-02T13:48:23Z,46.529621,12.011987,2613.927776
2026-10-02T13:48:24Z,46.529619,12.011987,2613.982088
2026-10-02T13:48:25Z,46.529617,12.011988,2614.032594
2026-10-02T13:48:26Z,46.529616,12.011989,2614.069961
2026-10-02T13:48:27Z,46.529614,12.011989,2614.089447
2026-10-02T13:48:28Z,46.529613,12.01199,2614.088954
2026-10-02T13:48:29Z,46.529611,12.011991,2614.070306
2026-10-02T13:48:30Z,46.529609,12.011992,2614.038351
2026-10-02T13:48:31Z,46.529606,12.011994,2613.999747
2026-10-02T13:48:32Z,46.529604,12.011995,2613.958259
2026-10-02T13:48:33Z,46.529601,12.011997,2613.918074
2026-10-02T13:48:34Z,46.529599,12.011997,2613.884807
2026-10-02T13:48:35Z,46.529597,12.011997,2613.865279
2026-10-02T13:48:36Z,46.529596,12.011997,2613.864157
2026-10-02T13:48:37Z,46.529594,12.011996,2613.88453
2026-10-02T13:48:38Z,46.529592,12.011993,2613.926596
2026-10-02T13:48:39Z,46.529589,12.011988,2613.987545
2026-10-02T13:48:40Z,46.529586,12.011982,2614.060878
2026-10-02T13:48:41Z,46.529585,12.011976,2614.1418
2026-10-02T13:48:42Z,46.529583,12.011971,2614.228195
2026-10-02T13:48:43Z,46.529581,12.011964,2614.319824
2026-10-02T13:48:44Z,46.529579,12.011958,2614.416397
2026-10-02T13:48:45Z,46.529576,12.011953,2614.516265
2026-10-02T13:48:46Z,46.529574,12.01195,2614.615094
2026-10-02T13:48:47Z,46.529573,12.011948,2614.706245
2026-10-02T13:48:48Z,46.529572,12.011948,2614.782591
2026-10-02T13:48:49Z,46.529572,12.011949,2614.838791
2026-10-02T13:48:50Z,46.529573,12.01195,2614.872373
2026-10-02T13:48:51Z,46.529574,12.011951,2614.883953
2026-10-02T13:48:52Z,46.529574,12.011951,2614.876768
2026-10-02T13:48:53Z,46.529574,12.011951,2614.856168
2026-10-02T13:48:54Z,46.529572,12.011949,2614.827506
2026-10-02T13:48:55Z,46.529568,12.011944,2614.796421
2026-10-02T13:48:56Z,46.529562,12.011939,2614.767895
2026-10-02T13:48:57Z,46.529555,12.011934,2614.74582
2026-10-02T13:48:58Z,46.529549,12.011928,2614.73223
2026-10-02T13:48:59Z,46.529544,12.011923,2614.728744
2026-10-02T13:49:00Z,46.529541,12.011919,2614.736965
2026-10-02T13:49:01Z,46.529538,12.011915,2614.758301
2026-10-02T13:49:02Z,46.529536,12.01191,2614.793354
2026-10-02T13:49:03Z,46.529534,12.011906,2614.84179
2026-10-02T13:49:04Z,46.529533,12.011901,2614.901709
2026-10-02T13:49:05Z,46.529534,12.011897,2614.969953
2026-10-02T13:49:06Z,46.529535,12.011893,2615.043164
2026-10-02T13:49:07Z,46.529534,12.011888,2615.118968
2026-10-02T13:49:08Z,46.529532,12.011882,2615.195724
2026-10-02T13:49:09Z,46.529528,12.011874,2615.272909
2026-10-02T13:49:10Z,46.529524,12.011866,2615.35083
2026-10-02T13:49:11Z,46.529521,12.011859,2615.430562
2026-10-02T13:49:12Z,46.52952,12.011853,2615.512798
2026-10-02T13:49:13Z,46.529519,12.011848,2615.598502
2026-10-02T13:49:14Z,46.529519,12.011842,2615.688358
2026-10-02T13:49:15Z,46.529517,12.011836,2615.782095
2026-10-02T13:49:16Z,46.529515,12.011829,2615.88028
2026-10-02T13:49:17Z,46.529512,12.011823,2615.984534
2026-10-02T13:49:18Z,46.529507,12.011816,2616.097168
2026-10-02T13:49:19Z,46.529502,12.011808,2616.220717
2026-10-02T13:49:20Z,46.529497,12.011801,2616.358402
2026-10-02T13:49:21Z,46.529492,12.011793,2616.511917
2026-10-02T13:49:22Z,46.529488,12.011785,2616.681711
2026-10-02T13:49:23Z,46.529486,12.011778,2616.866169
2026-10-02T13:49:24Z,46.529486,12.011771,2617.061021
2026-10-02T13:49:25Z,46.529487,12.011765,2617.259432
2026-10-02T13:49:26Z,46.529489,12.01176,2617.45394
2026-10-02T13:49:27Z,46.529493,12.011755,2617.637384
2026-10-02T13:49:28Z,46.529498,12.01175,2617.804349
2026-10-02T13:49:29Z,46.529502,12.011745,2617.951989
2026-10-02T13:49:30Z,46.529503,12.011744,2618.080269
2026-10-02T13:49:31Z,46.529502,12.011746,2618.191175
2026-10-02T13:49:32Z,46.5295,12.011748,2618.28824
2026-10-02T13:49:33Z,46.529498,12.01175,2618.376283
2026-10-02T13:49:34Z,46.529496,12.011752,2618.459698
2026-10-02T13:49:35Z,46.529494,12.011752,2618.541747
2026-10-02T13:49:36Z,46.529494,12.011753,2618.623811
2026-10-02T13:49:37Z,46.529493,12.011753,2618.704785
2026-10-02T13:49:38Z,46.529493,12.011753,2618.78248
2026-10-02T13:49:39Z,46.529492,12.011753,2618.853501
2026-10-02T13:49:40Z,46.529492,12.011753,2618.914839
2026-10-02T13:49:41Z,46.529491,12.011754,2618.963963
2026-10-02T13:49:42Z,46.529491,12.011754,2619.000232
2026-10-02T13:49:43Z,46.52949,12.011754,2619.029535
2026-10-02T13:49:44Z,46.529489,12.011755,2619.043547
2026-10-02T13:49:45Z,46.529488,12.011755,2619.041507
2026-10-02T13:49:46Z,46.529485,12.011756,2619.02373
2026-10-02T13:49:47Z,46.529483,12.011756,2618.990514
2026-10-02T13:49:48Z,46.52948,12.011756,2618.942854
2026-10-02T13:49:49Z,46.529479,12.011755,2618.881459
2026-10-02T13:49:50Z,46.529478,12.011753,2618.805245
2026-10-02T13:49:51Z,46.529477,12.011751,2618.711068
2026-10-02T13:49:52Z,46.529477,12.01175,2618.616759
2026-10-02T13:49:52Z,46.529477,12.01175,2618.606078
2026-10-02T13:49:53Z,46.529476,12.01175,2618.50706
2026-10-02T13:49:54Z,46.529475,12.01175,2618.440022
2026-10-02T13:49:55Z,46.529474,12.01175,2618.395384
2026-10-02T13:49:56Z,46.529473,12.011751,2618.363507
2026-10-02T13:49:57Z,46.529473,12.011752,2618.337495
2026-10-02T13:49:58Z,46.529472,12.011752,2618.313071
2026-10-02T13:49:59Z,46.529471,12.01175,2618.289421
2026-10-02T13:50:00Z,46.529469,12.011747,2618.268855
2026-10-02T13:50:01Z,46.529468,12.011741,2618.257086
2026-10-02T13:50:02Z,46.529466,12.011733,2618.262459
2026-10-02T13:50:03Z,46.529466,12.011723,2618.293657
2026-10-02T13:50:04Z,46.529467,12.011712,2618.356752
2026-10-02T13:50:05Z,46.529467,12.011701,2618.455228
2026-10-02T13:50:06Z,46.529467,12.011691,2618.589233
2026-10-02T13:50:07Z,46.529467,12.011682,2618.754994
2026-10-02T13:50:08Z,46.529467,12.011671,2618.946062
2026-10-02T13:50:09Z,46.529466,12.01166,2619.156856
2026-10-02T13:50:10Z,46.529465,12.011647,2619.381466
2026-10-02T13:50:11Z,46.529465,12.011634,2619.614251
2026-10-02T13:50:12Z,46.529463,12.011622,2619.850136
2026-10-02T13:50:13Z,46.529461,12.01161,2620.086004
2026-10-02T13:50:14Z,46.529458,12.011599,2620.318552
2026-10-02T13:50:15Z,46.529454,12.01159,2620.543282
2026-10-02T13:50:16Z,46.529447,12.01158,2620.755011
2026-10-02T13:50:17Z,46.529439,12.01157,2620.948907
2026-10-02T13:50:18Z,46.529428,12.011562,2621.13564
2026-10-02T13:50:19Z,46.529417,12.011558,2621.334734
2026-10-02T13:50:20Z,46.529409,12.011557,2621.562485
2026-10-02T13:50:21Z,46.529402,12.011559,2621.831032
2026-10-02T13:50:22Z,46.529395,12.011563,2622.151318
2026-10-02T13:50:23Z,46.529388,12.011568,2622.530746
2026-10-02T13:50:24Z,46.529384,12.011574,2622.973205
2026-10-02T13:50:25Z,46.529381,12.01158,2623.478045
2026-10-02T13:50:26Z,46.529377,12.011587,2624.036116
2026-10-02T13:50:27Z,46.529376,12.011596,2624.623573
2026-10-02T13:50:28Z,46.529376,12.011606,2625.204433
2026-10-02T13:50:29Z,46.529375,12.011617,2625.742796
2026-10-02T13:50:30Z,46.529374,12.011628,2626.216493
2026-10-02T13:50:31Z,46.529374,12.011641,2626.61922
2026-10-02T13:50:32Z,46.529373,12.011652,2626.956329
2026-10-02T13:50:33Z,46.529372,12.011663,2627.239328
2026-10-02T13:50:34Z,46.52937,12.011671,2627.481664
2026-10-02T13:50:35Z,46.529368,12.011678,2627.695794
2026-10-02T13:50:36Z,46.529366,12.011685,2627.89188
2026-10-02T13:50:37Z,46.529363,12.011693,2628.076538
2026-10-02T13:50:38Z,46.529361,12.0117,2628.253601
2026-10-02T13:50:39Z,46.529359,12.011706,2628.425368
2026-10-02T13:50:40Z,46.529357,12.011712,2628.594294
2026-10-02T13:50:41Z,46.529355,12.011717,2628.762251
2026-10-02T13:50:42Z,46.529354,12.011721,2628.932028
2026-10-02T13:50:43Z,46.529352,12.011726,2629.10594
2026-10-02T13:50:44Z,46.52935,12.011731,2629.28419
2026-10-02T13:50:45Z,46.529347,12.011735,2629.465681
2026-10-02T13:50:46Z,46.529344,12.011738,2629.648533
2026-10-02T13:50:47Z,46.529341,12.011739,2629.829026
2026-10-02T13:50:48Z,46.52934,12.01174,2630.001381
2026-10-02T13:50:49Z,46.529339,12.011741,2630.159986
2026-10-02T13:50:50Z,46.529338,12.011742,2630.299671
2026-10-02T13:50:51Z,46.529337,12.011744,2630.417326
2026-10-02T13:50:52Z,46.529335,12.011746,2630.512914
2026-10-02T13:50:53Z,46.529332,12.011749,2630.589658
2026-10-02T13:50:54Z,46.529328,12.011754,2630.655787
2026-10-02T13:50:55Z,46.529325,12.011759,2630.721062
2026-10-02T13:50:56Z,46.529321,12.011765,2630.794894
2026-10-02T13:50:57Z,46.529317,12.011771,2630.885207
2026-10-02T13:50:58Z,46.529313,12.011779,2630.998567
2026-10-02T13:50:59Z,46.529309,12.011786,2631.137136
2026-10-02T13:51:00Z,46.529307,12.011793,2631.300894
2026-10-02T13:51:01Z,46.529305,12.0118,2631.488747
2026-10-02T13:51:02Z,46.529302,12.011806,2631.699454
2026-10-02T13:51:03Z,46.529299,12.011813,2631.93062
2026-10-02T13:51:04Z,46.529294,12.01182,2632.176843
2026-10-02T13:51:05Z,46.52929,12.011825,2632.43125
2026-10-02T13:51:06Z,46.529285,12.011829,2632.687096
2026-10-02T13:51:07Z,46.529281,12.011832,2632.937552
2026-10-02T13:51:08Z,46.529277,12.011835,2633.177813
2026-10-02T13:51:09Z,46.529272,12.011839,2633.405548
2026-10-02T13:51:10Z,46.529267,12.011843,2633.619621
2026-10-02T13:51:11Z,46.529264,12.011846,2633.818113
2026-10-02T13:51:12Z,46.529263,12.011848,2633.99841
2026-10-02T13:51:13Z,46.529263,12.011849,2634.157763
2026-10-02T13:51:14Z,46.529263,12.011851,2634.294689
2026-10-02T13:51:15Z,46.529263,12.011852,2634.40954
2026-10-02T13:51:16Z,46.529264,12.011853,2634.504087
2026-10-02T13:51:17Z,46.529264,12.011854,2634.58257
2026-10-02T13:51:18Z,46.529264,12.011856,2634.649695
2026-10-02T13:51:19Z,46.529265,12.011858,2634.710221
2026-10-02T13:51:20Z,46.529265,12.011859,2634.771804
2026-10-02T13:51:21Z,46.529266,12.011862,2634.843988
2026-10-02T13:51:22Z,46.529266,12.011865,2634.932184
2026-10-02T13:51:23Z,46.529264,12.011869,2635.039658
2026-10-02T13:51:24Z,46.529262,12.011874,2635.169344
2026-10-02T13:51:25Z,46.52926,12.011878,2635.322698
2026-10-02T13:51:26Z,46.529257,12.011882,2635.499094
2026-10-02T13:51:27Z,46.529256,12.011886,2635.694706
2026-10-02T13:51:28Z,46.529255,12.011887,2635.901477
2026-10-02T13:51:29Z,46.529256,12.011888,2636.106171
2026-10-02T13:51:30Z,46.529257,12.011889,2636.292787
2026-10-02T13:51:31Z,46.529257,12.011889,2636.447226
2026-10-02T13:51:32Z,46.529258,12.011889,2636.562081
2026-10-02T13:51:33Z,46.529258,12.011889,2636.637033
2026-10-02T13:51:34Z,46.529258,12.011889,2636.676499
2026-10-02T13:51:35Z,46.529258,12.011889,2636.687614
2026-10-02T13:51:36Z,46.529259,12.01189,2636.678287
2026-10-02T13:51:37Z,46.529259,12.01189,2636.655877
2026-10-02T13:51:38Z,46.529259,12.011891,2636.62673
2026-10-02T13:51:39Z,46.529259,12.011892,2636.595399
2026-10-02T13:51:40Z,46.529259,12.011892,2636.565107
2026-10-02T13:51:41Z,46.529259,12.011892,2636.538198
2026-10-02T13:51:42Z,46.529258,12.011893,2636.51656
2026-10-02T13:51:43Z,46.529258,12.011893,2636.501261
2026-10-02T13:51:44Z,46.529258,12.011893,2636.493181
2026-10-02T13:51:45Z,46.529258,12.011893,2636.492728
2026-10-02T13:51:46Z,46.529258,12.011892,2636.499731
2026-10-02T13:51:47Z,46.529258,12.011891,2636.513241
2026-10-02T13:51:48Z,46.529259,12.01189,2636.532339
2026-10-02T13:51:49Z,46.529259,12.011888,2636.555784
2026-10-02T13:51:50Z,46.52926,12.011886,2636.581689
2026-10-02T13:51:51Z,46.52926,12.011884,2636.607235
2026-10-02T13:51:52Z,46.529261,12.011883,2636.629931
2026-10-02T13:51:53Z,46.529261,12.011882,2636.648656
2026-10-02T13:51:54Z,46.529262,12.011882,2636.663405
2026-10-02T13:51:55Z,46.529263,12.011881,2636.67495
2026-10-02T13:51:56Z,46.529264,12.01188,2636.684153
2026-10-02T13:51:57Z,46.529266,12.01188,2636.692005
2026-10-02T13:51:58Z,46.529267,12.011879,2636.69849
2026-10-02T13:51:59Z,46.529268,12.011879,2636.702939
2026-10-02T13:52:00Z,46.529269,12.011878,2636.704891
2026-10-02T13:52:01Z,46.52927,12.011878,2636.704698
2026-10-02T13:52:02Z,46.529271,12.011878,2636.702299
2026-10-02T13:52:03Z,46.529272,12.011878,2636.69674
2026-10-02T13:52:04Z,46.529273,12.011878,2636.686477
2026-10-02T13:52:05Z,46.529274,12.011878,2636.669662
2026-10-02T13:52:06Z,46.529275,12.011878,2636.645094
2026-10-02T13:52:07Z,46.529276,12.011878,2636.612709
2026-10-02T13:52:08Z,46.529277,12.011878,2636.573996
2026-10-02T13:52:09Z,46.529277,12.011878,2636.531846
2026-10-02T13:52:10Z,46.529278,12.011878,2636.489526
2026-10-02T13:52:11Z,46.529278,12.011878,2636.450132
2026-10-02T13:52:12Z,46.529279,12.011877,2636.416183
2026-10-02T13:52:13Z,46.529279,12.011877,2636.389453
2026-10-02T13:52:14Z,46.529279,12.011877,2636.370598
2026-10-02T13:52:15Z,46.52928,12.011876,2636.359813
2026-10-02T13:52:16Z,46.52928,12.011876,2636.356535
2026-10-02T13:52:17Z,46.52928,12.011875,2636.35946
2026-10-02T13:52:18Z,46.52928,12.011874,2636.366982
2026-10-02T13:52:19Z,46.529281,12.011873,2636.377179
2026-10-02T13:52:20Z,46.529281,12.011871,2636.38757
2026-10-02T13:52:21Z,46.529281,12.01187,2636.395485
2026-10-02T13:52:22Z,46.529282,12.011868,2636.398986
2026-10-02T13:52:23Z,46.529282,12.011866,2636.396766
2026-10-02T13:52:24Z,46.529282,12.011865,2636.387895
2026-10-02T13:52:25Z,46.529282,12.011864,2636.372524
2026-10-02T13:52:26Z,46.529282,12.011864,2636.352216
2026-10-02T13:52:27Z,46.529282,12.011864,2636.328894
2026-10-02T13:52:28Z,46.529281,12.011864,2636.30493
2026-10-02T13:52:29Z,46.529281,12.011863,2636.282286
2026-10-02T13:52:30Z,46.529281,12.011862,2636.261765
2026-10-02T13:52:31Z,46.529281,12.01186,2636.242289
2026-10-02T13:52:32Z,46.529281,12.011858,2636.221447
2026-10-02T13:52:33Z,46.529279,12.011857,2636.196213
2026-10-02T13:52:34Z,46.529275,12.011858,2636.163763
2026-10-02T13:52:35Z,46.529269,12.011859,2636.121905
2026-10-02T13:52:36Z,46.529265,12.011858,2636.070115
2026-10-02T13:52:37Z,46.529261,12.011856,2636.008255
2026-10-02T13:52:38Z,46.529259,12.011852,2635.936825
2026-10-02T13:52:39Z,46.529261,12.011849,2635.856505
2026-10-02T13:52:40Z,46.529265,12.011845,2635.767812
2026-10-02T13:52:41Z,46.52927,12.011842,2635.670356
2026-10-02T13:52:42Z,46.529275,12.011839,2635.563303
2026-10-02T13:52:43Z,46.529281,12.011834,2635.445552
2026-10-02T13:52:44Z,46.529287,12.01183,2635.316177
2026-10-02T13:52:45Z,46.529293,12.011825,2635.17528
2026-10-02T13:52:46Z,46.529297,12.01182,2635.024059
2026-10-02T13:52:47Z,46.529299,12.011816,2634.865225
2026-10-02T13:52:48Z,46.529302,12.01181,2634.702572
2026-10-02T13:52:49Z,46.529307,12.011804,2634.54034
2026-10-02T13:52:50Z,46.529311,12.011797,2634.381929
2026-10-02T13:52:51Z,46.529315,12.011792,2634.230049
2026-10-02T13:52:52Z,46.529318,12.011788,2634.086319
2026-10-02T13:52:53Z,46.529321,12.011785,2633.951117
2026-10-02T13:52:54Z,46.529324,12.011784,2633.823471
2026-10-02T13:52:55Z,46.529328,12.011781,2633.702406
2026-10-02T13:52:56Z,46.529333,12.011777,2633.586519
2026-10-02T13:52:57Z,46.52934,12.011772,2633.474068
2026-10-02T13:52:58Z,46.529345,12.011766,2633.36333
2026-10-02T13:52:59Z,46.529348,12.011761,2633.253002
2026-10-02T13:53:00Z,46.529349,12.011759,2633.143198
2026-10-02T13:53:01Z,46.529349,12.011758,2633.035223
2026-10-02T13:53:02Z,46.529348,12.011757,2632.930564
2026-10-02T13:53:03Z,46.529348,12.011757,2632.833113
2026-10-02T13:53:04Z,46.529347,12.011756,2632.746552
2026-10-02T13:53:05Z,46.529347,12.011754,2632.674011
2026-10-02T13:53:06Z,46.529346,12.011753,2632.618339
2026-10-02T13:53:07Z,46.529346,12.011749,2632.582541
2026-10-02T13:53:08Z,46.529345,12.011745,2632.569857
2026-10-02T13:53:09Z,46.529345,12.011739,2632.58363
2026-10-02T13:53:10Z,46.529345,12.011732,2632.626637
2026-10-02T13:53:11Z,46.529345,12.011724,2632.700205
2026-10-02T13:53:12Z,46.529346,12.011714,2632.803685
2026-10-02T13:53:13Z,46.529345,12.011704,2632.933835
2026-10-02T13:53:14Z,46.529345,12.011693,2633.08566
2026-10-02T13:53:15Z,46.529345,12.011682,2633.2535
2026-10-02T13:53:16Z,46.529344,12.011671,2633.431918
2026-10-02T13:53:17Z,46.529344,12.011662,2633.616417
2026-10-02T13:53:18Z,46.529346,12.011653,2633.802728
2026-10-02T13:53:19Z,46.529348,12.011644,2633.986978
2026-10-02T13:53:20Z,46.52935,12.011636,2634.165328
2026-10-02T13:53:21Z,46.529351,12.011629,2634.337144
2026-10-02T13:53:22Z,46.529354,12.011622,2634.502499
2026-10-02T13:53:23Z,46.529356,12.011614,2634.662145
2026-10-02T13:53:24Z,46.529357,12.011605,2634.817496
2026-10-02T13:53:25Z,46.529356,12.011597,2634.971122
2026-10-02T13:53:26Z,46.529354,12.011589,2635.124693
2026-10-02T13:53:27Z,46.52935,12.01158,2635.280474
2026-10-02T13:53:28Z,46.529345,12.011568,2635.441812
2026-10-02T13:53:29Z,46.529339,12.011556,2635.613059
2026-10-02T13:53:30Z,46.529332,12.011543,2635.796887
2026-10-02T13:53:31Z,46.529325,12.011531,2635.992923
2026-10-02T13:53:32Z,46.529319,12.011519,2636.198481
2026-10-02T13:53:33Z,46.529315,12.011508,2636.410317
2026-10-02T13:53:34Z,46.529314,12.011496,2636.623277
2026-10-02T13:53:35Z,46.529315,12.011484,2636.833069
2026-10-02T13:53:36Z,46.529317,12.011473,2637.037856
2026-10-02T13:53:37Z,46.52932,12.011462,2637.237578
2026-10-02T13:53:38Z,46.529324,12.011452,2637.431543
2026-10-02T13:53:39Z,46.529326,12.011443,2637.618625
2026-10-02T13:53:40Z,46.529327,12.011434,2637.797111
2026-10-02T13:53:41Z,46.529328,12.011431,2637.965509
2026-10-02T13:53:42Z,46.529325,12.011436,2638.123518
2026-10-02T13:53:43Z,46.529322,12.011446,2638.273391
2026-10-02T13:53:44Z,46.529318,12.011458,2638.419385
2026-10-02T13:53:45Z,46.529313,12.011469,2638.566487
2026-10-02T13:53:46Z,46.529308,12.01148,2638.718535
2026-10-02T13:53:47Z,46.529302,12.011491,2638.877879
2026-10-02T13:53:48Z,46.529295,12.011502,2639.045151
2026-10-02T13:53:49Z,46.529289,12.011511,2639.21948
2026-10-02T13:53:50Z,46.529282,12.011519,2639.399426
2026-10-02T13:53:51Z,46.529276,12.011526,2639.584223
2026-10-02T13:53:52Z,46.529271,12.011534,2639.771757
2026-10-02T13:53:53Z,46.529265,12.011543,2639.960764
2026-10-02T13:53:54Z,46.529259,12.011552,2640.151124
2026-10-02T13:53:55Z,46.529254,12.011562,2640.342596
2026-10-02T13:53:56Z,46.529249,12.01157,2640.534571
2026-10-02T13:53:57Z,46.529245,12.011576,2640.726102
2026-10-02T13:53:58Z,46.529242,12.011577,2640.915788
2026-10-02T13:53:59Z,46.529239,12.011574,2641.101394
2026-10-02T13:54:00Z,46.529237,12.011567,2641.279675
2026-10-02T13:54:01Z,46.529235,12.011557,2641.448536
2026-10-02T13:54:02Z,46.529232,12.011545,2641.608578
2026-10-02T13:54:03Z,46.529229,12.011532,2641.762044
2026-10-02T13:54:04Z,46.529226,12.011519,2641.911452
2026-10-02T13:54:05Z,46.529224,12.011505,2642.058746
2026-10-02T13:54:06Z,46.529222,12.01149,2642.205594
2026-10-02T13:54:07Z,46.529222,12.011477,2642.352595
2026-10-02T13:54:08Z,46.529222,12.011465,2642.499925
2026-10-02T13:54:09Z,46.529223,12.011454,2642.6487
2026-10-02T13:54:10Z,46.529226,12.011442,2642.800192
2026-10-02T13:54:11Z,46.529229,12.011428,2642.954742
2026-10-02T13:54:12Z,46.529231,12.011415,2643.112908
2026-10-02T13:54:13Z,46.529232,12.011403,2643.280963
2026-10-02T13:54:14Z,46.529231,12.011393,2643.445074
2026-10-02T13:54:15Z,46.529232,12.011384,2643.600895
2026-10-02T13:54:16Z,46.529233,12.011373,2643.745887
2026-10-02T13:54:17Z,46.529235,12.011363,2643.879034
2026-10-02T13:54:18Z,46.529237,12.011353,2643.999961
2026-10-02T13:54:19Z,46.52924,12.011343,2644.107559
2026-10-02T13:54:20Z,46.529241,12.011335,2644.19882
2026-10-02T13:54:21Z,46.52924,12.011329,2644.268644
2026-10-02T13:54:22Z,46.529236,12.011328,2644.310985
2026-10-02T13:54:22Z,46.529236,12.011328,2644.321434
2026-10-02T13:54:23Z,46.52923,12.01133,2644.379857
2026-10-02T13:54:24Z,46.529224,12.011334,2644.472213
2026-10-02T13:54:25Z,46.529216,12.011336,2644.588298
2026-10-02T13:54:26Z,46.529209,12.011336,2644.720975
2026-10-02T13:54:27Z,46.5292,12.011335,2644.865712
2026-10-02T13:54:28Z,46.529192,12.011338,2645.021143
2026-10-02T13:54:29Z,46.529186,12.011344,2645.186685
2026-10-02T13:54:30Z,46.52918,12.011353,2645.361053
2026-10-02T13:54:31Z,46.529175,12.011365,2645.541691
2026-10-02T13:54:32Z,46.529172,12.011378,2645.726642
2026-10-02T13:54:33Z,46.529169,12.011391,2645.912285
2026-10-02T13:54:34Z,46.529167,12.011402,2646.09508
2026-10-02T13:54:35Z,46.529165,12.011412,2646.27233
2026-10-02T13:54:36Z,46.529163,12.011419,2646.443039
2026-10-02T13:54:37Z,46.529163,12.011424,2646.605121
2026-10-02T13:54:38Z,46.529162,12.011427,2646.756088
2026-10-02T13:54:39Z,46.529162,12.011429,2646.893407
2026-10-02T13:54:40Z,46.529162,12.011432,2647.01526
2026-10-02T13:54:41Z,46.529161,12.011435,2647.121231
2026-10-02T13:54:42Z,46.52916,12.011439,2647.213848
2026-10-02T13:54:43Z,46.529158,12.011445,2647.299011
2026-10-02T13:54:44Z,46.529154,12.01145,2647.384647
2026-10-02T13:54:45Z,46.52915,12.011456,2647.478286
2026-10-02T13:54:46Z,46.529146,12.011462,2647.585686
2026-10-02T13:54:47Z,46.529141,12.01147,2647.709859
2026-10-02T13:54:48Z,46.529136,12.011477,2647.850866
2026-10-02T13:54:49Z,46.529131,12.011483,2648.006433
2026-10-02T13:54:50Z,46.529126,12.011489,2648.173453
2026-10-02T13:54:51Z,46.529121,12.011496,2648.348867
2026-10-02T13:54:52Z,46.529117,12.011502,2648.530113
2026-10-02T13:54:53Z,46.529114,12.011508,2648.715186
2026-10-02T13:54:54Z,46.529111,12.011512,2648.902975
2026-10-02T13:54:55Z,46.529107,12.011515,2649.093338
2026-10-02T13:54:56Z,46.529104,12.01152,2649.285168
2026-10-02T13:54:57Z,46.529101,12.011527,2649.476291
2026-10-02T13:54:58Z,46.529098,12.011536,2649.663176
2026-10-02T13:54:59Z,46.529098,12.011546,2649.845294
2026-10-02T13:55:00Z,46.529099,12.011556,2650.021847
2026-10-02T13:55:01Z,46.529098,12.011565,2650.192461
2026-10-02T13:55:02Z,46.529097,12.011571,2650.357945
2026-10-02T13:55:03Z,46.529095,12.011575,2650.520923
2026-10-02T13:55:04Z,46.529093,12.011576,2650.68214
2026-10-02T13:55:05Z,46.529092,12.011578,2650.843499
2026-10-02T13:55:06Z,46.529092,12.011579,2651.009271
2026-10-02T13:55:07Z,46.529092,12.011581,2651.185981
2026-10-02T13:55:08Z,46.529093,12.011585,2651.3781
2026-10-02T13:55:09Z,46.529092,12.011589,2651.586586
2026-10-02T13:55:10Z,46.529091,12.011595,2651.808856
2026-10-02T13:55:11Z,46.529087,12.0116,2652.040451
2026-10-02T13:55:12Z,46.529083,12.011607,2652.273237
2026-10-02T13:55:13Z,46.529079,12.011614,2652.501099
2026-10-02T13:55:14Z,46.529075,12.01162,2652.721472
2026-10-02T13:55:15Z,46.529071,12.011627,2652.934177
2026-10-02T13:55:16Z,46.529067,12.011633,2653.138247
2026-10-02T13:55:17Z,46.529063,12.011637,2653.333053
2026-10-02T13:55:18Z,46.529061,12.011636,2653.516083
2026-10-02T13:55:19Z,46.529062,12.011631,2653.68335
2026-10-02T13:55:20Z,46.529063,12.011623,2653.830888
2026-10-02T13:55:21Z,46.529063,12.011615,2653.957117
2026-10-02T13:55:22Z,46.529061,12.011605,2654.064448
2026-10-02T13:55:23Z,46.529058,12.011596,2654.158437
2026-10-02T13:55:24Z,46.529055,12.011585,2654.246202
2026-10-02T13:55:25Z,46.529053,12.011575,2654.336126
2026-10-02T13:55:26Z,46.529052,12.011566,2654.435197
2026-10-02T13:55:27Z,46.529053,12.011557,2654.547462
2026-10-02T13:55:28Z,46.529055,12.011547,2654.674616
2026-10-02T13:55:29Z,46.529055,12.011537,2654.817931
2026-10-02T13:55:30Z,46.529054,12.011529,2654.976487
2026-10-02T13:55:31Z,46.529052,12.011523,2655.149277
2026-10-02T13:55:32Z,46.529049,12.011518,2655.334533
2026-10-02T13:55:33Z,46.529046,12.011515,2655.528946
2026-10-02T13:55:34Z,46.529044,12.011515,2655.727941
2026-10-02T13:55:35Z,46.529042,12.011518,2655.924571
2026-10-02T13:55:36Z,46.529039,12.011522,2656.110581
2026-10-02T13:55:37Z,46.529037,12.011525,2656.277848
2026-10-02T13:55:38Z,46.529036,12.011528,2656.420539
2026-10-02T13:55:39Z,46.529034,12.01153,2656.535505
2026-10-02T13:55:40Z,46.529032,12.011533,2656.62142
2026-10-02T13:55:41Z,46.529031,12.011534,2656.678971
2026-10-02T13:55:42Z,46.529029,12.011536,2656.71048
2026-10-02T13:55:43Z,46.529028,12.011536,2656.721231
2026-10-02T13:55:44Z,46.529028,12.011536,2656.716981
2026-10-02T13:55:45Z,46.529028,12.011535,2656.704406
2026-10-02T13:55:46Z,46.529028,12.011534,2656.690172
2026-10-02T13:55:47Z,46.529029,12.01153,2656.679672
2026-10-02T13:55:48Z,46.529029,12.011526,2656.675886
2026-10-02T13:55:49Z,46.52903,12.01152,2656.681563
2026-10-02T13:55:50Z,46.52903,12.011514,2656.70044
2026-10-02T13:55:51Z,46.529029,12.011508,2656.736829
2026-10-02T13:55:52Z,46.529029,12.011502,2656.794647
2026-10-02T13:55:53Z,46.529028,12.011494,2656.874571
2026-10-02T13:55:54Z,46.529027,12.011486,2656.974732
2026-10-02T13:55:55Z,46.529026,12.01148,2657.090395
2026-10-02T13:55:56Z,46.529025,12.011476,2657.216113
2026-10-02T13:55:57Z,46.529023,12.011471,2657.346102
2026-10-02T13:55:58Z,46.529023,12.011465,2657.475691
2026-10-02T13:55:59Z,46.529022,12.011457,2657.601273
2026-10-02T13:56:00Z,46.52902,12.011449,2657.720128
2026-10-02T13:56:01Z,46.529018,12.011442,2657.831255
2026-10-02T13:56:02Z,46.529014,12.011435,2657.935186
2026-10-02T13:56:03Z,46.529011,12.011427,2658.034138
2026-10-02T13:56:04Z,46.52901,12.011418,2658.131476
2026-10-02T13:56:05Z,46.529009,12.011409,2658.229978
2026-10-02T13:56:06Z,46.529008,12.011399,2658.331192
2026-10-02T13:56:07Z,46.529009,12.011389,2658.435895
2026-10-02T13:56:08Z,46.529009,12.011378,2658.544262
2026-10-02T13:56:09Z,46.52901,12.011368,2658.656737
2026-10-02T13:56:10Z,46.529011,12.011357,2658.773777
2026-10-02T13:56:11Z,46.529011,12.011347,2658.895383
2026-10-02T13:56:12Z,46.529009,12.011338,2659.02132
2026-10-02T13:56:13Z,46.529007,12.011331,2659.151242
2026-10-02T13:56:14Z,46.529003,12.011324,2659.286016
2026-10-02T13:56:15Z,46.528999,12.011318,2659.427191
2026-10-02T13:56:16Z,46.528992,12.011314,2659.575726
2026-10-02T13:56:17Z,46.528985,12.011311,2659.731823
2026-10-02T13:56:18Z,46.528976,12.011311,2659.8954
2026-10-02T13:56:19Z,46.528966,12.011311,2660.065109
2026-10-02T13:56:20Z,46.528956,12.011311,2660.238911
2026-10-02T13:56:21Z,46.528946,12.011309,2660.415055
2026-10-02T13:56:22Z,46.528937,12.011308,2660.59236
2026-10-02T13:56:23Z,46.52893,12.011309,2660.768421
2026-10-02T13:56:24Z,46.528924,12.011313,2660.940737
2026-10-02T13:56:25Z,46.52892,12.011318,2661.107634
2026-10-02T13:56:26Z,46.528917,12.011323,2661.269438
2026-10-02T13:56:27Z,46.528915,12.011329,2661.42785
2026-10-02T13:56:28Z,46.528912,12.011336,2661.587614
2026-10-02T13:56:29Z,46.52891,12.011343,2661.752303
2026-10-02T13:56:30Z,46.528906,12.011349,2661.923676
2026-10-02T13:56:31Z,46.528903,12.011356,2662.100531
2026-10-02T13:56:32Z,46.528901,12.011362,2662.280304
2026-10-02T13:56:33Z,46.528899,12.011367,2662.456752
2026-10-02T13:56:34Z,46.528898,12.011369,2662.622823
2026-10-02T13:56:35Z,46.528898,12.01137,2662.772489
2026-10-02T13:56:36Z,46.528897,12.011369,2662.903469
2026-10-02T13:56:37Z,46.528896,12.011369,2663.012631
2026-10-02T13:56:38Z,46.528896,12.011368,2663.101529
2026-10-02T13:56:39Z,46.528896,12.011369,2663.17614
2026-10-02T13:56:40Z,46.528896,12.011369,2663.244168
2026-10-02T13:56:41Z,46.528896,12.01137,2663.31141
2026-10-02T13:56:42Z,46.528896,12.011371,2663.381136
2026-10-02T13:56:43Z,46.528895,12.011372,2663.451758
2026-10-02T13:56:44Z,46.528895,12.011373,2663.516695
2026-10-02T13:56:45Z,46.528895,12.011374,2663.566789
2026-10-02T13:56:46Z,46.528895,12.011374,2663.594633
2026-10-02T13:56:47Z,46.528895,12.011375,2663.597831
2026-10-02T13:56:48Z,46.528895,12.011376,2663.579028
2026-10-02T13:56:49Z,46.528894,12.011377,2663.544589
2026-10-02T13:56:50Z,46.528894,12.011377,2663.501982
2026-10-02T13:56:51Z,46.528894,12.011377,2663.458002
2026-10-02T13:56:52Z,46.528894,12.011377,2663.416933
2026-10-02T13:56:53Z,46.528894,12.011377,2663.380342
2026-10-02T13:56:54Z,46.528894,12.011378,2663.347093
2026-10-02T13:56:55Z,46.528894,12.011378,2663.316197
2026-10-02T13:56:56Z,46.528895,12.011379,2663.286258
2026-10-02T13:56:57Z,46.528895,12.01138,2663.256105
2026-10-02T13:56:58Z,46.528895,12.011381,2663.225439
2026-10-02T13:56:59Z,46.528894,12.011382,2663.195411
2026-10-02T13:57:00Z,46.528894,12.011383,2663.168182
2026-10-02T13:57:01Z,46.528894,12.011384,2663.146841
2026-10-02T13:57:02Z,46.528893,12.011384,2663.134897
2026-10-02T13:57:03Z,46.528893,12.011383,2663.135044
2026-10-02T13:57:04Z,46.528892,12.011382,2663.148273
2026-10-02T13:57:05Z,46.528892,12.011381,2663.173696
2026-10-02T13:57:06Z,46.528891,12.01138,2663.208945
2026-10-02T13:57:07Z,46.528891,12.011379,2663.251244
2026-10-02T13:57:08Z,46.52889,12.011378,2663.296494
2026-10-02T13:57:09Z,46.52889,12.011378,2663.341195
2026-10-02T13:57:10Z,46.528889,12.011377,2663.382729
2026-10-02T13:57:11Z,46.528888,12.011376,2663.419228
2026-10-02T13:57:12Z,46.528887,12.011375,2663.448735
2026-10-02T13:57:13Z,46.528886,12.011374,2663.471461
2026-10-02T13:57:14Z,46.528886,12.011373,2663.487881
2026-10-02T13:57:15Z,46.528885,12.011373,2663.498075
2026-10-02T13:57:16Z,46.528885,12.011374,2663.501685
2026-10-02T13:57:17Z,46.528884,12.011376,2663.499635
2026-10-02T13:57:18Z,46.528884,12.011378,2663.493838
2026-10-02T13:57:19Z,46.528884,12.01138,2663.487264
2026-10-02T13:57:20Z,46.528884,12.011382,2663.483456
2026-10-02T13:57:21Z,46.528885,12.011383,2663.485766
2026-10-02T13:57:22Z,46.528885,12.011384,2663.495606
2026-10-02T13:57:23Z,46.528885,12.011385,2663.511741
2026-10-02T13:57:24Z,46.528886,12.011385,2663.531016
2026-10-02T13:57:25Z,46.528886,12.011386,2663.549861
2026-10-02T13:57:26Z,46.528886,12.011386,2663.564969
2026-10-02T13:57:27Z,46.528886,12.011386,2663.574308
2026-10-02T13:57:28Z,46.528886,12.011386,2663.577527
2026-10-02T13:57:29Z,46.528886,12.011386,2663.57573
2026-10-02T13:57:30Z,46.528886,12.011386,2663.570572
2026-10-02T13:57:31Z,46.528886,12.011386,2663.563643
2026-10-02T13:57:32Z,46.528886,12.011386,2663.556226
2026-10-02T13:57:33Z,46.528886,12.011386,2663.549162
2026-10-02T13:57:34Z,46.528886,12.011386,2663.541999
2026-10-02T13:57:35Z,46.528885,12.011385,2663.5338
2026-10-02T13:57:36Z,46.528885,12.011384,2663.524126
2026-10-02T13:57:37Z,46.528883,12.011382,2663.512782
2026-10-02T13:57:38Z,46.528882,12.01138,2663.499063
2026-10-02T13:57:39Z,46.52888,12.011379,2663.482712
2026-10-02T13:57:40Z,46.528879,12.011378,2663.463558
2026-10-02T13:57:41Z,46.528878,12.011379,2663.441645
2026-10-02T13:57:42Z,46.528878,12.011381,2663.417546
2026-10-02T13:57:43Z,46.528878,12.011384,2663.393167
2026-10-02T13:57:44Z,46.528878,12.011389,2663.37122
2026-10-02T13:57:45Z,46.528877,12.011395,2663.354683
2026-10-02T13:57:46Z,46.528876,12.011402,2663.345578
2026-10-02T13:57:47Z,46.528875,12.011411,2663.343912
2026-10-02T13:57:48Z,46.528874,12.011422,2663.348157
2026-10-02T13:57:49Z,46.528873,12.011434,2663.355409
2026-10-02T13:57:50Z,46.528873,12.011448,2663.361948
2026-10-02T13:57:51Z,46.528873,12.011463,2663.36387
2026-10-02T13:57:52Z,46.528873,12.01148,2663.358471
2026-10-02T13:57:53Z,46.528873,12.011496,2663.34363
2026-10-02T13:57:54Z,46.528874,12.011511,2663.318436
2026-10-02T13:57:55Z,46.528875,12.011526,2663.283423
2026-10-02T13:57:56Z,46.528876,12.011539,2663.240524
2026-10-02T13:57:57Z,46.528877,12.011548,2663.193064
2026-10-02T13:57:58Z,46.528878,12.011554,2663.145383
2026-10-02T13:57:59Z,46.528879,12.011556,2663.101969
2026-10-02T13:58:00Z,46.528879,12.011556,2663.066457
2026-10-02T13:58:01Z,46.528879,12.011556,2663.041398
2026-10-02T13:58:02Z,46.528879,12.011555,2663.027777
2026-10-02T13:58:03Z,46.52888,12.011554,2663.024987
2026-10-02T13:58:04Z,46.52888,12.011553,2663.031027
2026-10-02T13:58:05Z,46.528881,12.011553,2663.043316
2026-10-02T13:58:06Z,46.528881,12.011552,2663.058939
2026-10-02T13:58:07Z,46.528882,12.011551,2663.0751
2026-10-02T13:58:08Z,46.528882,12.01155,2663.089545
2026-10-02T13:58:09Z,46.528883,12.011549,2663.100878
2026-10-02T13:58:10Z,46.528884,12.011549,2663.109648
2026-10-02T13:58:11Z,46.528884,12.011548,2663.117265
2026-10-02T13:58:12Z,46.528884,12.011547,2663.125576
2026-10-02T13:58:13Z,46.528884,12.011547,2663.136528
2026-10-02T13:58:14Z,46.528884,12.011547,2663.152233
2026-10-02T13:58:15Z,46.528883,12.011547,2663.173624
2026-10-02T13:58:16Z,46.528882,12.011549,2663.201199
2026-10-02T13:58:17Z,46.528881,12.011552,2663.235315
2026-10-02T13:58:18Z,46.52888,12.011557,2663.276406
2026-10-02T13:58:19Z,46.528878,12.011564,2663.324253
2026-10-02T13:58:20Z,46.528876,12.011569,2663.377362
2026-10-02T13:58:21Z,46.528876,12.011573,2663.433588
2026-10-02T13:58:22Z,46.528876,12.011574,2663.490787
2026-10-02T13:58:23Z,46.528877,12.011574,2663.546734
2026-10-02T13:58:24Z,46.528878,12.011573,2663.60007
2026-10-02T13:58:25Z,46.528879,12.011572,2663.650379
2026-10-02T13:58:26Z,46.52888,12.011571,2663.697612
2026-10-02T13:58:27Z,46.528881,12.01157,2663.741317
2026-10-02T13:58:28Z,46.528882,12.011569,2663.780311
2026-10-02T13:58:29Z,46.528882,12.011569,2663.813102
2026-10-02T13:58:30Z,46.528883,12.011569,2663.838354
2026-10-02T13:58:31Z,46.528883,12.011571,2663.855166
2026-10-02T13:58:32Z,46.528883,12.011573,2663.863697
2026-10-02T13:58:33Z,46.528882,12.011575,2663.863972
2026-10-02T13:58:34Z,46.528881,12.011578,2663.856362
2026-10-02T13:58:35Z,46.528881,12.011581,2663.841259
2026-10-02T13:58:36Z,46.52888,12.011583,2663.818522
2026-10-02T13:58:37Z,46.528879,12.011585,2663.787533
2026-10-02T13:58:38Z,46.528878,12.011587,2663.747391
2026-10-02T13:58:39Z,46.528876,12.01159,2663.696754
2026-10-02T13:58:40Z,46.528875,12.011594,2663.633707
2026-10-02T13:58:41Z,46.528874,12.011599,2663.557889
2026-10-02T13:58:42Z,46.528873,12.011603,2663.469747
2026-10-02T13:58:43Z,46.528872,12.011609,2663.371103
2026-10-02T13:58:44Z,46.528871,12.011615,2663.265169
2026-10-02T13:58:45Z,46.528871,12.01162,2663.156783
2026-10-02T13:58:46Z,46.52887,12.011624,2663.050404
2026-10-02T13:58:47Z,46.52887,12.011627,2662.950547
2026-10-02T13:58:48Z,46.52887,12.01163,2662.861053
2026-10-02T13:58:49Z,46.52887,12.011631,2662.784415
2026-10-02T13:58:50Z,46.52887,12.011631,2662.720429
2026-10-02T13:58:51Z,46.52887,12.011631,2662.667457
2026-10-02T13:58:52Z,46.52887,12.011631,2662.62241
2026-10-02T13:58:53Z,46.52887,12.011631,2662.581735
2026-10-02T13:58:54Z,46.52887,12.011631,2662.542736
2026-10-02T13:58:55Z,46.528871,12.01163,2662.504291
2026-10-02T13:58:56Z,46.528871,12.011628,2662.467383
2026-10-02T13:58:57Z,46.528871,12.011625,2662.434662
2026-10-02T13:58:58Z,46.528871,12.011622,2662.409523
2026-10-02T13:58:59Z,46.528871,12.011618,2662.39552
2026-10-02T13:59:00Z,46.528871,12.011615,2662.395398
2026-10-02T13:59:01Z,46.528871,12.011611,2662.410213
2026-10-02T13:59:02Z,46.528871,12.011608,2662.439349
2026-10-02T13:59:03Z,46.528871,12.011604,2662.481491
2026-10-02T13:59:04Z,46.52887,12.011601,2662.534012
2026-10-02T13:59:05Z,46.52887,12.011597,2662.594066
2026-10-02T13:59:06Z,46.528869,12.011593,2662.658713
2026-10-02T13:59:07Z,46.528869,12.01159,2662.7246
2026-10-02T13:59:08Z,46.528868,12.011588,2662.788345
2026-10-02T13:59:09Z,46.528867,12.011585,2662.846374
2026-10-02T13:59:10Z,46.528866,12.011583,2662.895164
2026-10-02T13:59:11Z,46.528865,12.011581,2662.931564
2026-10-02T13:59:12Z,46.528864,12.011579,2662.953436
2026-10-02T13:59:13Z,46.528863,12.011578,2662.95949
2026-10-02T13:59:14Z,46.528862,12.011577,2662.949701
2026-10-02T13:59:15Z,46.528862,12.011576,2662.92521
2026-10-02T13:59:16Z,46.528861,12.011575,2662.887427
2026-10-02T13:59:17Z,46.528861,12.011574,2662.840229
2026-10-02T13:59:18Z,46.52886,12.011573,2662.788112
2026-10-02T13:59:19Z,46.52886,12.011572,2662.73584
2026-10-02T13:59:20Z,46.528859,12.011571,2662.6881
2026-10-02T13:59:21Z,46.528857,12.01157,2662.649838
2026-10-02T13:59:22Z,46.528856,12.01157,2662.624372
2026-10-02T13:59:23Z,46.528855,12.011569,2662.614189
2026-10-02T13:59:24Z,46.528854,12.011569,2662.620858
2026-10-02T13:59:25Z,46.528853,12.011569,2662.644486
2026-10-02T13:59:26Z,46.528853,12.011568,2662.683103
2026-10-02T13:59:27Z,46.528852,12.011568,2662.732439
2026-10-02T13:59:28Z,46.528851,12.011568,2662.78674
2026-10-02T13:59:29Z,46.52885,12.011568,2662.839963
2026-10-02T13:59:30Z,46.528849,12.011569,2662.887003
2026-10-02T13:59:31Z,46.528848,12.01157,2662.924351
2026-10-02T13:59:32Z,46.528846,12.011572,2662.950782
2026-10-02T13:59:33Z,46.528844,12.011573,2662.967049
2026-10-02T13:59:34Z,46.528842,12.011574,2662.974814
2026-10-02T13:59:35Z,46.528841,12.011577,2662.976842
2026-10-02T13:59:36Z,46.528839,12.01158,2662.976154
2026-10-02T13:59:37Z,46.528839,12.011583,2662.975606
2026-10-02T13:59:38Z,46.528839,12.011587,2662.977547
2026-10-02T13:59:39Z,46.528839,12.011591,2662.98428
2026-10-02T13:59:40Z,46.528842,12.011596,2662.99684
2026-10-02T13:59:41Z,46.528846,12.011604,2663.015265
2026-10-02T13:59:42Z,46.52885,12.011609,2663.03869
2026-10-02T13:59:43Z,46.528853,12.011613,2663.066967
2026-10-02T13:59:44Z,46.528856,12.011616,2663.099269
2026-10-02T13:59:45Z,46.528859,12.011619,2663.134162
2026-10-02T13:59:46Z,46.528862,12.011622,2663.170185
2026-10-02T13:59:47Z,46.528864,12.011626,2663.206819
2026-10-02T13:59:48Z,46.528866,12.01163,2663.243983
2026-10-02T13:59:49Z,46.528867,12.011634,2663.282769
2026-10-02T13:59:50Z,46.528867,12.011642,2663.325675
2026-10-02T13:59:51Z,46.528865,12.011651,2663.375775
2026-10-02T13:59:52Z,46.528863,12.011658,2663.435497
2026-10-02T13:59:53Z,46.528862,12.011662,2663.503812
2026-10-02T13:59:54Z,46.528861,12.011662,2663.578086
2026-10-02T13:59:55Z,46.52886,12.011661,2663.655131
2026-10-02T13:59:56Z,46.52886,12.011659,2663.731748
2026-10-02T13:59:57Z,46.52886,12.011657,2663.805262
2026-10-02T13:59:58Z,46.52886,12.011655,2663.873626
2026-10-02T13:59:59Z,46.528861,12.011654,2663.934965
2026-10-02T14:00:00Z,46.528861,12.011653,2663.987041
2026-10-02T14:00:01Z,46.528861,12.011652,2664.026993
2026-10-02T14:00:02Z,46.528861,12.011652,2664.052749
2026-10-02T14:00:03Z,46.528861,12.011651,2664.063856
2026-10-02T14:00:04Z,46.528861,12.011651,2664.061203
2026-10-02T14:00:05Z,46.52886,12.01165,2664.045774
2026-10-02T14:00:06Z,46.52886,12.01165,2664.019961
2026-10-02T14:00:07Z,46.528859,12.011649,2663.986014
2026-10-02T14:00:08Z,46.528858,12.011649,2663.946121
2026-10-02T14:00:09Z,46.528857,12.011648,2663.902783
2026-10-02T14:00:10Z,46.528856,12.011648,2663.859079
2026-10-02T14:00:11Z,46.528854,12.011647,2663.818145
2026-10-02T14:00:12Z,46.528853,12.011646,2663.783303
2026-10-02T14:00:13Z,46.528851,12.011646,2663.757528
2026-10-02T14:00:14Z,46.528849,12.011645,2663.743515
2026-10-02T14:00:15Z,46.528847,12.011644,2663.742557
2026-10-02T14:00:16Z,46.528844,12.011644,2663.753816
2026-10-02T14:00:17Z,46.528841,12.011644,2663.774978
2026-10-02T14:00:18Z,46.52884,12.011644,2663.803163
2026-10-02T14:00:19Z,46.528838,12.011644,2663.835146
2026-10-02T14:00:20Z,46.528836,12.011645,2663.868245
2026-10-02T14:00:21Z,46.528835,12.011645,2663.900687
2026-10-02T14:00:22Z,46.528834,12.011645,2663.931272
2026-10-02T14:00:23Z,46.528833,12.011645,2663.958654
2026-10-02T14:00:24Z,46.528833,12.011646,2663.981526
2026-10-02T14:00:25Z,46.528832,12.011646,2663.998502
2026-10-02T14:00:26Z,46.528832,12.011645,2664.008555
2026-10-02T14:00:27Z,46.528832,12.011646,2664.0114
2026-10-02T14:00:28Z,46.528831,12.011646,2664.007583
2026-10-02T14:00:29Z,46.528831,12.011646,2663.998381
2026-10-02T14:00:30Z,46.52883,12.011647,2663.985611
2026-10-02T14:00:31Z,46.52883,12.011647,2663.971304
2026-10-02T14:00:32Z,46.52883,12.011647,2663.957532
2026-10-02T14:00:33Z,46.528831,12.011646,2663.945759
2026-10-02T14:00:34Z,46.528831,12.011645,2663.937186
2026-10-02T14:00:35Z,46.528832,12.011643,2663.932727
2026-10-02T14:00:36Z,46.528833,12.011642,2663.933012
2026-10-02T14:00:37Z,46.528834,12.01164,2663.938097
2026-10-02T14:00:38Z,46.528835,12.011639,2663.948331
2026-10-02T14:00:39Z,46.528836,12.011638,2663.964004
2026-10-02T14:00:40Z,46.528836,12.011637,2663.984952
2026-10-02T14:00:41Z,46.528837,12.011636,2664.01127
2026-10-02T14:00:42Z,46.528837,12.011635,2664.041769
2026-10-02T14:00:43Z,46.528838,12.011635,2664.074217
2026-10-02T14:00:44Z,46.528838,12.011634,2664.105215
2026-10-02T14:00:45Z,46.528838,12.011633,2664.130641
2026-10-02T14:00:46Z,46.528839,12.011632,2664.146293
2026-10-02T14:00:47Z,46.528839,12.011631,2664.147901
2026-10-02T14:00:48Z,46.528839,12.01163,2664.131716
2026-10-02T14:00:49Z,46.52884,12.011629,2664.0947
2026-10-02T14:00:50Z,46.52884,12.011628,2664.038058
2026-10-02T14:00:51Z,46.528841,12.011627,2663.964593
2026-10-02T14:00:52Z,46.528841,12.011626,2663.878879
2026-10-02T14:00:53Z,46.528841,12.011626,2663.78678
2026-10-02T14:00:54Z,46.528841,12.011626,2663.695127
2026-10-02T14:00:55Z,46.52884,12.011627,2663.609935
2026-10-02T14:00:56Z,46.528839,12.011627,2663.537619
2026-10-02T14:00:57Z,46.528839,12.011626,2663.484515
2026-10-02T14:00:58Z,46.52884,12.011626,2663.455387
2026-10-02T14:00:59Z,46.52884,12.011625,2663.452348
2026-10-02T14:01:00Z,46.52884,12.011624,2663.472677
2026-10-02T14:01:01Z,46.52884,12.011623,2663.510016
2026-10-02T14:01:02Z,46.528841,12.011622,2663.556051
2026-10-02T14:01:03Z,46.528841,12.011621,2663.603357
2026-10-02T14:01:04Z,46.528841,12.011619,2663.645519
2026-10-02T14:01:05Z,46.528841,12.011618,2663.678026
2026-10-02T14:01:06Z,46.528841,12.011617,2663.698581
2026-10-02T14:01:07Z,46.528841,12.011616,2663.707217
2026-10-02T14:01:08Z,46.528841,12.011616,2663.705719
2026-10-02T14:01:09Z,46.528841,12.011616,2663.697581
2026-10-02T14:01:10Z,46.528841,12.011616,2663.687519
2026-10-02T14:01:11Z,46.528841,12.011616,2663.68025
2026-10-02T14:01:12Z,46.528841,12.011617,2663.678717
2026-10-02T14:01:13Z,46.528841,12.011618,2663.683885
2026-10-02T14:01:14Z,46.52884,12.011619,2663.695262
2026-10-02T14:01:15Z,46.52884,12.01162,2663.711665
2026-10-02T14:01:16Z,46.52884,12.011622,2663.73133
2026-10-02T14:01:17Z,46.52884,12.011624,2663.752361
2026-10-02T14:01:18Z,46.52884,12.011627,2663.774348
2026-10-02T14:01:19Z,46.528839,12.011629,2663.797593
2026-10-02T14:01:20Z,46.528839,12.011631,2663.822553
2026-10-02T14:01:21Z,46.528838,12.011633,2663.849399
2026-10-02T14:01:22Z,46.528838,12.011634,2663.878666
2026-10-02T14:01:23Z,46.528837,12.011636,2663.910138
2026-10-02T14:01:24Z,46.528837,12.011638,2663.943235
2026-10-02T14:01:25Z,46.528837,12.011639,2663.977379
2026-10-02T14:01:26Z,46.528836,12.01164,2664.013728
2026-10-02T14:01:27Z,46.528836,12.011641,2664.052751
2026-10-02T14:01:28Z,46.528836,12.011642,2664.093462
2026-10-02T14:01:29Z,46.528836,12.011642,2664.133733
2026-10-02T14:01:30Z,46.528836,12.011643,2664.172013
2026-10-02T14:01:31Z,46.528836,12.011643,2664.205897
2026-10-02T14:01:32Z,46.528837,12.011644,2664.234228
2026-10-02T14:01:33Z,46.528837,12.011644,2664.257612
2026-10-02T14:01:34Z,46.528838,12.011645,2664.277518
2026-10-02T14:01:35Z,46.528839,12.011644,2664.294688
2026-10-02T14:01:36Z,46.52884,12.011644,2664.307975
2026-10-02T14:01:37Z,46.528841,12.011644,2664.314383
2026-10-02T14:01:38Z,46.528842,12.011643,2664.309627
2026-10-02T14:01:39Z,46.528843,12.011642,2664.290457
2026-10-02T14:01:40Z,46.528844,12.011641,2664.255043
2026-10-02T14:01:41Z,46.528845,12.011639,2664.203963
2026-10-02T14:01:42Z,46.528846,12.011638,2664.139938
2026-10-02T14:01:43Z,46.528847,12.011636,2664.066832
2026-10-02T14:01:44Z,46.528848,12.011633,2663.989537
2026-10-02T14:01:45Z,46.528849,12.01163,2663.912472
2026-10-02T14:01:46Z,46.52885,12.011626,2663.84008
2026-10-02T14:01:47Z,46.528851,12.011623,2663.77801
2026-10-02T14:01:48Z,46.528852,12.01162,2663.732076
2026-10-02T14:01:49Z,46.528853,12.011618,2663.704522
2026-10-02T14:01:50Z,46.528854,12.011617,2663.696585
2026-10-02T14:01:51Z,46.528855,12.011616,2663.709625
2026-10-02T14:01:52Z,46.528856,12.011616,2663.742835
2026-10-02T14:01:53Z,46.528857,12.011616,2663.79402
2026-10-02T14:01:54Z,46.528859,12.011616,2663.860158
2026-10-02T14:01:55Z,46.52886,12.011616,2663.936065
2026-10-02T14:01:56Z,46.528861,12.011616,2664.012772
2026-10-02T14:01:57Z,46.528862,12.011617,2664.079464
2026-10-02T14:01:58Z,46.528863,12.011617,2664.126182
2026-10-02T14:01:59Z,46.528863,12.011618,2664.147072
2026-10-02T14:02:00Z,46.528863,12.011619,2664.141403
2026-10-02T14:02:01Z,46.528864,12.011619,2664.113346
2026-10-02T14:02:02Z,46.528864,12.01162,2664.070709
2026-10-02T14:02:03Z,46.528864,12.011621,2664.022373
2026-10-02T14:02:04Z,46.528865,12.011621,2663.975737
2026-10-02T14:02:05Z,46.528866,12.011622,2663.935786
2026-10-02T14:02:06Z,46.528866,12.011622,2663.90505
2026-10-02T14:02:07Z,46.528867,12.011623,2663.883986
2026-10-02T14:02:08Z,46.528868,12.011623,2663.87175
2026-10-02T14:02:09Z,46.528868,12.011624,2663.866905
2026-10-02T14:02:10Z,46.528869,12.011624,2663.86786
2026-10-02T14:02:11Z,46.528869,12.011625,2663.873239
2026-10-02T14:02:12Z,46.528869,12.011626,2663.881894
2026-10-02T14:02:13Z,46.528869,12.011627,2663.892866
2026-10-02T14:02:14Z,46.528869,12.011627,2663.905326
2026-10-02T14:02:15Z,46.528869,12.011627,2663.91848
2026-10-02T14:02:16Z,46.528868,12.011628,2663.931593
2026-10-02T14:02:17Z,46.528868,12.011628,2663.944065
2026-10-02T14:02:18Z,46.528867,12.011628,2663.955509
2026-10-02T14:02:19Z,46.528866,12.011629,2663.965612
2026-10-02T14:02:20Z,46.528864,12.011629,2663.974429
2026-10-02T14:02:21Z,46.528862,12.011629,2663.982333
2026-10-02T14:02:22Z,46.52886,12.011629,2663.990003
2026-10-02T14:02:23Z,46.528857,12.011628,2663.997918
2026-10-02T14:02:24Z,46.528855,12.011627,2664.006638
2026-10-02T14:02:25Z,46.528852,12.011626,2664.016701
2026-10-02T14:02:26Z,46.528851,12.011626,2664.028407
2026-10-02T14:02:27Z,46.528851,12.011626,2664.041494
2026-10-02T14:02:28Z,46.528851,12.011627,2664.055975
2026-10-02T14:02:29Z,46.528851,12.011627,2664.071884
2026-10-02T14:02:30Z,46.528852,12.011627,2664.088462
2026-10-02T14:02:31Z,46.528852,12.011627,2664.104208
2026-10-02T14:02:32Z,46.528854,12.011625,2664.117456
2026-10-02T14:02:33Z,46.528856,12.011622,2664.12823
2026-10-02T14:02:34Z,46.528858,12.011618,2664.136818
2026-10-02T14:02:35Z,46.528861,12.011613,2664.143596
2026-10-02T14:02:36Z,46.528863,12.011606,2664.149134
2026-10-02T14:02:37Z,46.528865,12.0116,2664.154529
2026-10-02T14:02:38Z,46.528866,12.011592,2664.15868
2026-10-02T14:02:39Z,46.528867,12.011586,2664.160356
2026-10-02T14:02:40Z,46.528868,12.011581,2664.159471
2026-10-02T14:02:41Z,46.52887,12.011576,2664.157447
2026-10-02T14:02:42Z,46.528872,12.011571,2664.154879
2026-10-02T14:02:43Z,46.528875,12.011563,2664.151168
2026-10-02T14:02:44Z,46.528879,12.011553,2664.144339
2026-10-02T14:02:45Z,46.528883,12.011542,2664.131177
2026-10-02T14:02:46Z,46.528887,12.011535,2664.108697
2026-10-02T14:02:47Z,46.52889,12.011532,2664.075942
2026-10-02T14:02:48Z,46.528892,12.01153,2664.034926
2026-10-02T14:02:49Z,46.528893,12.01153,2663.989759
2026-10-02T14:02:50Z,46.528893,12.011529,2663.945481
2026-10-02T14:02:51Z,46.528893,12.011529,2663.906019
2026-10-02T14:02:52Z,46.528894,12.011528,2663.873548
2026-10-02T14:02:53Z,46.528894,12.011527,2663.848195
2026-10-02T14:02:54Z,46.528894,12.011526,2663.828684
2026-10-02T14:02:55Z,46.528895,12.011522,2663.812101
2026-10-02T14:02:56Z,46.528895,12.011517,2663.795659
2026-10-02T14:02:57Z,46.528895,12.011512,2663.777198
2026-10-02T14:02:58Z,46.528895,12.011505,2663.755671
2026-10-02T14:02:59Z,46.528896,12.011498,2663.732143
2026-10-02T14:03:00Z,46.528897,12.01149,2663.709181
2026-10-02T14:03:01Z,46.528898,12.011481,2663.690713
2026-10-02T14:03:02Z,46.5289,12.011471,2663.681385
2026-10-02T14:03:03Z,46.528901,12.01146,2663.686249
2026-10-02T14:03:04Z,46.528901,12.011449,2663.708016
2026-10-02T14:03:05Z,46.528901,12.011438,2663.748195
2026-10-02T14:03:06Z,46.5289,12.011428,2663.806433
2026-10-02T14:03:07Z,46.528898,12.011421,2663.880119
2026-10-02T14:03:08Z,46.528894,12.011416,2663.964128
2026-10-02T14:03:09Z,46.52889,12.011414,2664.054233
2026-10-02T14:03:10Z,46.528886,12.011416,2664.146034
2026-10-02T14:03:11Z,46.528883,12.01142,2664.235179
2026-10-02T14:03:12Z,46.528879,12.011425,2664.318036
2026-10-02T14:03:13Z,46.528876,12.011431,2664.392641
2026-10-02T14:03:14Z,46.528874,12.011439,2664.460572
2026-10-02T14:03:15Z,46.528872,12.011447,2664.526552
2026-10-02T14:03:16Z,46.528871,12.011453,2664.597375
2026-10-02T14:03:17Z,46.528869,12.011458,2664.680484
2026-10-02T14:03:18Z,46.528866,12.011462,2664.782747
2026-10-02T14:03:19Z,46.528863,12.011466,2664.90732
2026-10-02T14:03:20Z,46.52886,12.011471,2665.05324
2026-10-02T14:03:21Z,46.528857,12.011477,2665.218195
2026-10-02T14:03:22Z,46.528853,12.011484,2665.398042
2026-10-02T14:03:23Z,46.528849,12.011491,2665.587186
2026-10-02T14:03:24Z,46.528845,12.011498,2665.778235
2026-10-02T14:03:25Z,46.52884,12.011505,2665.962251
2026-10-02T14:03:26Z,46.528835,12.011512,2666.129517
2026-10-02T14:03:27Z,46.528831,12.011517,2666.271579
2026-10-02T14:03:28Z,46.528828,12.011521,2666.382247
2026-10-02T14:03:29Z,46.528825,12.011524,2666.458738
2026-10-02T14:03:30Z,46.528823,12.011527,2666.503208
2026-10-02T14:03:31Z,46.528822,12.011529,2666.520619
2026-10-02T14:03:32Z,46.52882,12.011531,2666.518106
2026-10-02T14:03:33Z,46.528819,12.011532,2666.504056
2026-10-02T14:03:34Z,46.528819,12.011533,2666.48777
2026-10-02T14:03:35Z,46.528818,12.011534,2666.476516
2026-10-02T14:03:36Z,46.528818,12.011534,2666.476468
2026-10-02T14:03:37Z,46.528818,12.011534,2666.491785
2026-10-02T14:03:38Z,46.528818,12.011534,2666.524035
2026-10-02T14:03:39Z,46.528818,12.011534,2666.571746
2026-10-02T14:03:40Z,46.528818,12.011534,2666.631613
2026-10-02T14:03:41Z,46.528818,12.011534,2666.698347
2026-10-02T14:03:42Z,46.528818,12.011533,2666.765756
2026-10-02T14:03:43Z,46.528818,12.011533,2666.829027
2026-10-02T14:03:44Z,46.528817,12.011532,2666.885528
2026-10-02T14:03:45Z,46.528817,12.01153,2666.935125
2026-10-02T14:03:46Z,46.528816,12.011529,2666.98021
2026-10-02T14:03:47Z,46.528814,12.011527,2667.025303
2026-10-02T14:03:48Z,46.528813,12.011525,2667.074658
2026-10-02T14:03:49Z,46.528812,12.011525,2667.132199
2026-10-02T14:03:50Z,46.528812,12.011524,2667.199963
2026-10-02T14:03:51Z,46.528812,12.011523,2667.277452
2026-10-02T14:03:52Z,46.528812,12.011522,2667.361917
2026-10-02T14:03:53Z,46.528813,12.011522,2667.447803
2026-10-02T14:03:54Z,46.528813,12.011521,2667.527937
2026-10-02T14:03:55Z,46.528813,12.011521,2667.595853
2026-10-02T14:03:56Z,46.528813,12.01152,2667.648175
2026-10-02T14:03:57Z,46.528814,12.011518,2667.683831
2026-10-02T14:03:58Z,46.528815,12.011515,2667.703563
2026-10-02T14:03:59Z,46.528815,12.01151,2667.710208
2026-10-02T14:04:00Z,46.528815,12.011505,2667.708466
2026-10-02T14:04:01Z,46.528814,12.011498,2667.704226
2026-10-02T14:04:02Z,46.528813,12.011491,2667.703361
2026-10-02T14:04:03Z,46.528811,12.011484,2667.713018
2026-10-02T14:04:04Z,46.528808,12.011478,2667.739817
2026-10-02T14:04:05Z,46.528805,12.011472,2667.788537
2026-10-02T14:04:06Z,46.528802,12.011465,2667.857369
2026-10-02T14:04:07Z,46.5288,12.01146,2667.943351
2026-10-02T14:04:08Z,46.528799,12.011457,2668.043045
2026-10-02T14:04:09Z,46.5288,12.011456,2668.152595
2026-10-02T14:04:10Z,46.528801,12.011455,2668.267528
2026-10-02T14:04:11Z,46.528802,12.011454,2668.38404
2026-10-02T14:04:12Z,46.528803,12.011454,2668.496531
2026-10-02T14:04:13Z,46.528804,12.011454,2668.596796
2026-10-02T14:04:14Z,46.528804,12.011453,2668.675364
2026-10-02T14:04:15Z,46.528804,12.011453,2668.724875
2026-10-02T14:04:16Z,46.528804,12.011453,2668.742894
2026-10-02T14:04:17Z,46.528804,12.011453,2668.731727
2026-10-02T14:04:18Z,46.528804,12.011453,2668.697069
2026-10-02T14:04:19Z,46.528803,12.011454,2668.646607
2026-10-02T14:04:20Z,46.528802,12.011454,2668.587622
2026-10-02T14:04:21Z,46.528801,12.011454,2668.525595
2026-10-02T14:04:22Z,46.5288,12.011454,2668.464194
2026-10-02T14:04:23Z,46.528799,12.011454,2668.405878
2026-10-02T14:04:24Z,46.528798,12.011455,2668.352672
2026-10-02T14:04:25Z,46.528797,12.011455,2668.30584
2026-10-02T14:04:26Z,46.528796,12.011456,2668.266234
2026-10-02T14:04:27Z,46.528796,12.011457,2668.234333
2026-10-02T14:04:28Z,46.528795,12.011458,2668.210255
2026-10-02T14:04:29Z,46.528794,12.011459,2668.193824
2026-10-02T14:04:30Z,46.528794,12.01146,2668.184604
2026-10-02T14:04:31Z,46.528794,12.01146,2668.181944
2026-10-02T14:04:32Z,46.528794,12.01146,2668.184782
2026-10-02T14:04:33Z,46.528794,12.011461,2668.191927
2026-10-02T14:04:34Z,46.528794,12.011461,2668.202131
2026-10-02T14:04:35Z,46.528794,12.011461,2668.21418
2026-10-02T14:04:36Z,46.528794,12.011461,2668.227144
2026-10-02T14:04:37Z,46.528794,12.011461,2668.239156
2026-10-02T14:04:38Z,46.528794,12.011461,2668.248075
2026-10-02T14:04:39Z,46.528794,12.011461,2668.252386
2026-10-02T14:04:40Z,46.528795,12.011461,2668.251432
2026-10-02T14:04:41Z,46.528796,12.011461,2668.244618
2026-10-02T14:04:42Z,46.528797,12.011461,2668.232172
2026-10-02T14:04:43Z,46.528799,12.011461,2668.214884
2026-10-02T14:04:44Z,46.528801,12.011462,2668.19389
2026-10-02T14:04:45Z,46.528803,12.011462,2668.170339
2026-10-02T14:04:46Z,46.528805,12.011463,2668.145938
2026-10-02T14:04:47Z,46.528805,12.011463,2668.124192
2026-10-02T14:04:48Z,46.528805,12.011464,2668.108704
2026-10-02T14:04:49Z,46.528803,12.011466,2668.101727
2026-10-02T14:04:50Z,46.528801,12.011468,2668.104067
2026-10-02T14:04:51Z,46.528797,12.01147,2668.115442
2026-10-02T14:04:52Z,46.528794,12.011473,2668.134669
2026-10-02T14:04:53Z,46.52879,12.011476,2668.160631
2026-10-02T14:04:54Z,46.528785,12.01148,2668.193586
2026-10-02T14:04:55Z,46.528782,12.011483,2668.233774
2026-10-02T14:04:56Z,46.52878,12.011483,2668.28132
2026-10-02T14:04:57Z,46.528779,12.011483,2668.335144
2026-10-02T14:04:58Z,46.528778,12.011482,2668.392752
2026-10-02T14:04:59Z,46.528778,12.011481,2668.450781
2026-10-02T14:05:00Z,46.528778,12.01148,2668.504988
2026-10-02T14:05:01Z,46.528778,12.01148,2668.550926
2026-10-02T14:05:02Z,46.528777,12.011479,2668.58486
2026-10-02T14:05:03Z,46.528777,12.011478,2668.605183
2026-10-02T14:05:04Z,46.528778,12.011477,2668.61138
2026-10-02T14:05:05Z,46.528778,12.011476,2668.605373
2026-10-02T14:05:06Z,46.528778,12.011475,2668.5909
2026-10-02T14:05:07Z,46.528779,12.011474,2668.57304
2026-10-02T14:05:08Z,46.528779,12.011473,2668.555677
2026-10-02T14:05:09Z,46.528779,12.011472,2668.542794
2026-10-02T14:05:10Z,46.528779,12.011472,2668.538648
2026-10-02T14:05:11Z,46.528779,12.011471,2668.54694
2026-10-02T14:05:12Z,46.528779,12.011471,2668.56922
2026-10-02T14:05:13Z,46.528778,12.011471,2668.604953
2026-10-02T14:05:14Z,46.528778,12.011471,2668.652002
2026-10-02T14:05:15Z,46.528779,12.011471,2668.706158
2026-10-02T14:05:16Z,46.528779,12.01147,2668.761087
2026-10-02T14:05:17Z,46.528781,12.01147,2668.811628
2026-10-02T14:05:18Z,46.528783,12.011469,2668.855102
2026-10-02T14:05:19Z,46.528785,12.011467,2668.88929
2026-10-02T14:05:20Z,46.528789,12.011464,2668.911079
2026-10-02T14:05:21Z,46.528793,12.011461,2668.920237
2026-10-02T14:05:22Z,46.528797,12.011456,2668.916618
2026-10-02T14:05:23Z,46.528801,12.01145,2668.899742
2026-10-02T14:05:24Z,46.528805,12.011444,2668.871041
2026-10-02T14:05:25Z,46.528808,12.011438,2668.836747
2026-10-02T14:05:26Z,46.528811,12.011432,2668.804908
2026-10-02T14:05:27Z,46.528814,12.011426,2668.785014
2026-10-02T14:05:28Z,46.528815,12.01142,2668.78582
2026-10-02T14:05:29Z,46.528816,12.011414,2668.812892
2026-10-02T14:05:30Z,46.528814,12.011408,2668.865633
2026-10-02T14:05:31Z,46.528811,12.011402,2668.937046
2026-10-02T14:05:32Z,46.528806,12.011395,2669.016878
2026-10-02T14:05:33Z,46.528801,12.011389,2669.095429
2026-10-02T14:05:34Z,46.528798,12.011382,2669.165779
2026-10-02T14:05:35Z,46.528797,12.011376,2669.224796
2026-10-02T14:05:36Z,46.528796,12.011369,2669.27345
2026-10-02T14:05:37Z,46.528795,12.011362,2669.31494
2026-10-02T14:05:38Z,46.528795,12.011355,2669.352568
2026-10-02T14:05:39Z,46.528795,12.011349,2669.38937
2026-10-02T14:05:40Z,46.528797,12.011341,2669.427748
2026-10-02T14:05:41Z,46.528801,12.011332,2669.469491
2026-10-02T14:05:42Z,46.528805,12.01132,2669.515934
2026-10-02T14:05:43Z,46.528808,12.011308,2669.567778
2026-10-02T14:05:44Z,46.52881,12.011297,2669.626494
2026-10-02T14:05:45Z,46.52881,12.011287,2669.693363
2026-10-02T14:05:46Z,46.528809,12.011278,2669.76936
2026-10-02T14:05:47Z,46.528808,12.011267,2669.855076
2026-10-02T14:05:48Z,46.528808,12.011257,2669.951211
2026-10-02T14:05:49Z,46.528809,12.011245,2670.057102
2026-10-02T14:05:50Z,46.52881,12.011231,2670.171908
2026-10-02T14:05:51Z,46.528812,12.011217,2670.2949
2026-10-02T14:05:52Z,46.528812,12.011206,2670.425044
2026-10-02T14:05:53Z,46.528812,12.011198,2670.560917
2026-10-02T14:05:54Z,46.528812,12.011193,2670.699026
2026-10-02T14:05:55Z,46.528811,12.011191,2670.834473
2026-10-02T14:05:56Z,46.52881,12.011192,2670.96171
2026-10-02T14:05:57Z,46.528809,12.011193,2671.076579
2026-10-02T14:05:58Z,46.528808,12.011193,2671.175703
2026-10-02T14:05:59Z,46.528808,12.011193,2671.257647
2026-10-02T14:06:00Z,46.528808,12.011192,2671.322882
2026-10-02T14:06:01Z,46.528808,12.011189,2671.373174
2026-10-02T14:06:02Z,46.528808,12.011182,2671.411213
2026-10-02T14:06:03Z,46.528808,12.011174,2671.440918
2026-10-02T14:06:04Z,46.528808,12.011164,2671.467733
2026-10-02T14:06:05Z,46.528807,12.011152,2671.498184
2026-10-02T14:06:06Z,46.528807,12.01114,2671.53792
2026-10-02T14:06:07Z,46.528806,12.011127,2671.591043
2026-10-02T14:06:08Z,46.528805,12.011114,2671.659901
2026-10-02T14:06:09Z,46.528804,12.0111,2671.745275
2026-10-02T14:06:10Z,46.528804,12.011086,2671.846269
2026-10-02T14:06:11Z,46.528804,12.011072,2671.961733
2026-10-02T14:06:12Z,46.528806,12.011059,2672.090285
2026-10-02T14:06:13Z,46.528807,12.011048,2672.230188
2026-10-02T14:06:14Z,46.528806,12.011037,2672.378505
2026-10-02T14:06:15Z,46.528805,12.011024,2672.533435
2026-10-02T14:06:16Z,46.528805,12.01101,2672.693105
2026-10-02T14:06:17Z,46.528806,12.010996,2672.855278
2026-10-02T14:06:18Z,46.528808,12.010982,2673.017636
2026-10-02T14:06:19Z,46.52881,12.010969,2673.179732
2026-10-02T14:06:20Z,46.528812,12.010957,2673.341003
2026-10-02T14:06:21Z,46.528815,12.010945,2673.501766
2026-10-02T14:06:22Z,46.528817,12.010934,2673.662723
2026-10-02T14:06:23Z,46.52882,12.010923,2673.823902
2026-10-02T14:06:24Z,46.528823,12.010913,2673.983997
2026-10-02T14:06:25Z,46.528826,12.010905,2674.138411
2026-10-02T14:06:26Z,46.528827,12.010901,2674.280784
2026-10-02T14:06:27Z,46.528827,12.010898,2674.405013
2026-10-02T14:06:28Z,46.528827,12.010896,2674.508455
2026-10-02T14:06:29Z,46.528826,12.010895,2674.590658
2026-10-02T14:06:30Z,46.528824,12.010895,2674.653909
2026-10-02T14:06:31Z,46.528822,12.010893,2674.702977
2026-10-02T14:06:32Z,46.528818,12.01089,2674.74363
2026-10-02T14:06:33Z,46.528815,12.010885,2674.782281
2026-10-02T14:06:34Z,46.528811,12.010879,2674.825913
2026-10-02T14:06:35Z,46.528807,12.010871,2674.881726
2026-10-02T14:06:36Z,46.528802,12.010861,2674.955785
2026-10-02T14:06:37Z,46.528796,12.010851,2675.051794
2026-10-02T14:06:38Z,46.52879,12.010839,2675.170475
2026-10-02T14:06:39Z,46.528784,12.010827,2675.31007
2026-10-02T14:06:40Z,46.528778,12.010816,2675.467204
2026-10-02T14:06:41Z,46.528772,12.010805,2675.637292
2026-10-02T14:06:42Z,46.528766,12.010797,2675.816058
2026-10-02T14:06:43Z,46.528761,12.010791,2675.999009
2026-10-02T14:06:44Z,46.528756,12.010786,2676.182118
2026-10-02T14:06:45Z,46.528751,12.010783,2676.362309
2026-10-02T14:06:46Z,46.528746,12.010781,2676.537216
2026-10-02T14:06:47Z,46.528742,12.010782,2676.704639
2026-10-02T14:06:48Z,46.528739,12.010784,2676.862144
2026-10-02T14:06:49Z,46.528735,12.010789,2677.007174
2026-10-02T14:06:50Z,46.528731,12.010794,2677.137047
2026-10-02T14:06:51Z,46.528728,12.010801,2677.250927
2026-10-02T14:06:52Z,46.528726,12.010807,2677.349334
2026-10-02T14:06:53Z,46.528725,12.010813,2677.43425
2026-10-02T14:06:54Z,46.528725,12.010816,2677.508636
2026-10-02T14:06:55Z,46.528725,12.010817,2677.5759
2026-10-02T14:06:56Z,46.528726,12.010818,2677.640004
2026-10-02T14:06:57Z,46.528726,12.010818,2677.704904
2026-10-02T14:06:58Z,46.528726,12.010818,2677.774176
2026-10-02T14:06:59Z,46.528726,12.010819,2677.850255
2026-10-02T14:07:00Z,46.528726,12.010821,2677.93493
2026-10-02T14:07:01Z,46.528726,12.010826,2678.027497
2026-10-02T14:07:02Z,46.528725,12.010833,2678.125531
2026-10-02T14:07:03Z,46.528724,12.010841,2678.226062
2026-10-02T14:07:04Z,46.528723,12.010847,2678.326283
2026-10-02T14:07:05Z,46.528723,12.010849,2678.422987
2026-10-02T14:07:06Z,46.528722,12.01085,2678.512179
2026-10-02T14:07:07Z,46.528722,12.010849,2678.589287
2026-10-02T14:07:08Z,46.528722,12.010849,2678.649989
2026-10-02T14:07:09Z,46.528722,12.010849,2678.691104
2026-10-02T14:07:10Z,46.528722,12.010849,2678.711063
2026-10-02T14:07:11Z,46.528722,12.010849,2678.710646
2026-10-02T14:07:12Z,46.528721,12.01085,2678.695204
2026-10-02T14:07:13Z,46.528721,12.010851,2678.67743
2026-10-02T14:07:14Z,46.528721,12.010852,2678.651431
2026-10-02T14:07:15Z,46.528721,12.010853,2678.62023
2026-10-02T14:07:16Z,46.52872,12.010853,2678.587529
2026-10-02T14:07:17Z,46.52872,12.010854,2678.55668
2026-10-02T14:07:18Z,46.528719,12.010853,2678.53134
2026-10-02T14:07:19Z,46.52872,12.010854,2678.513572
2026-10-02T14:07:20Z,46.52872,12.010855,2678.50168
2026-10-02T14:07:21Z,46.52872,12.010856,2678.489402
2026-10-02T14:07:22Z,46.52872,12.010858,2678.47596
2026-10-02T14:07:22Z,46.52872,12.010858,2678.479523
2026-10-02T14:07:23Z,46.52872,12.010861,2678.484052
2026-10-02T14:07:24Z,46.52872,12.010863,2678.529456
2026-10-02T14:07:25Z,46.52872,12.010864,2678.600413
2026-10-02T14:07:26Z,46.52872,12.010865,2678.683111
2026-10-02T14:07:27Z,46.52872,12.010866,2678.764956
2026-10-02T14:07:28Z,46.52872,12.010866,2678.835357
2026-10-02T14:07:29Z,46.52872,12.010868,2678.886891
2026-10-02T14:07:30Z,46.52872,12.01087,2678.91601
2026-10-02T14:07:31Z,46.528719,12.010872,2678.922521
2026-10-02T14:07:32Z,46.528719,12.010873,2678.90928
2026-10-02T14:07:33Z,46.528718,12.010874,2678.880894
2026-10-02T14:07:34Z,46.528718,12.010874,2678.842332
2026-10-02T14:07:35Z,46.528717,12.010874,2678.798106
2026-10-02T14:07:36Z,46.528716,12.010874,2678.752011
2026-10-02T14:07:37Z,46.528716,12.010875,2678.707277
2026-10-02T14:07:38Z,46.528715,12.010875,2678.666517
2026-10-02T14:07:39Z,46.528715,12.010874,2678.631262
2026-10-02T14:07:40Z,46.528715,12.010874,2678.602478
2026-10-02T14:07:41Z,46.528714,12.010874,2678.580565
2026-10-02T14:07:42Z,46.528714,12.010875,2678.565548
2026-10-02T14:07:43Z,46.528714,12.010875,2678.557148
2026-10-02T14:07:44Z,46.528714,12.010875,2678.555171
2026-10-02T14:07:45Z,46.528714,12.010875,2678.559613
2026-10-02T14:07:46Z,46.528714,12.010874,2678.570474
2026-10-02T14:07:47Z,46.528715,12.010874,2678.587507
2026-10-02T14:07:48Z,46.528715,12.010873,2678.609883
2026-10-02T14:07:49Z,46.528715,12.010873,2678.636327
2026-10-02T14:07:50Z,46.528716,12.010872,2678.665223
2026-10-02T14:07:51Z,46.528716,12.010872,2678.694945
2026-10-02T14:07:52Z,46.528717,12.010871,2678.724555
2026-10-02T14:07:53Z,46.528717,12.010871,2678.752585
2026-10-02T14:07:54Z,46.528717,12.01087,2678.777329
2026-10-02T14:07:55Z,46.528717,12.01087,2678.797677
2026-10-02T14:07:56Z,46.528717,12.010869,2678.81376
2026-10-02T14:07:57Z,46.528717,12.010869,2678.825375
2026-10-02T14:07:58Z,46.528717,12.010868,2678.833929
2026-10-02T14:07:59Z,46.528716,12.010869,2678.841654
2026-10-02T14:08:00Z,46.528715,12.010869,2678.851507
2026-10-02T14:08:01Z,46.528711,12.010871,2678.866849
2026-10-02T14:08:02Z,46.528706,12.010873,2678.892332
2026-10-02T14:08:03Z,46.528702,12.010872,2678.933599
2026-10-02T14:08:04Z,46.528698,12.010866,2678.995906
2026-10-02T14:08:05Z,46.528694,12.010858,2679.08244
2026-10-02T14:08:06Z,46.52869,12.01085,2679.193168
2026-10-02T14:08:07Z,46.528686,12.010839,2679.324922
2026-10-02T14:08:08Z,46.528681,12.010827,2679.472901
2026-10-02T14:08:09Z,46.528676,12.010814,2679.63203
2026-10-02T14:08:10Z,46.528671,12.010803,2679.798259
2026-10-02T14:08:11Z,46.528667,12.010793,2679.968283
2026-10-02T14:08:12Z,46.528662,12.010785,2680.140072
2026-10-02T14:08:13Z,46.528657,12.010779,2680.312988
2026-10-02T14:08:14Z,46.528654,12.010772,2680.488023
2026-10-02T14:08:15Z,46.528652,12.010765,2680.667015
2026-10-02T14:08:16Z,46.528649,12.010758,2680.852206
2026-10-02T14:08:17Z,46.528646,12.010753,2681.045497
2026-10-02T14:08:18Z,46.528641,12.010751,2681.247756
2026-10-02T14:08:19Z,46.528637,12.010754,2681.458978
2026-10-02T14:08:20Z,46.528632,12.010761,2681.679076
2026-10-02T14:08:21Z,46.528627,12.01077,2681.908394
2026-10-02T14:08:22Z,46.528622,12.010778,2682.147464
2026-10-02T14:08:23Z,46.528616,12.010784,2682.396972
2026-10-02T14:08:24Z,46.528611,12.010788,2682.654359
2026-10-02T14:08:25Z,46.528605,12.010791,2682.916252
2026-10-02T14:08:26Z,46.5286,12.010792,2683.178903
2026-10-02T14:08:27Z,46.528596,12.010791,2683.438362
2026-10-02T14:08:28Z,46.528592,12.010787,2683.690096
2026-10-02T14:08:29Z,46.528589,12.01078,2683.929563
2026-10-02T14:08:30Z,46.528586,12.010772,2684.152649
2026-10-02T14:08:31Z,46.528583,12.010763,2684.355414
2026-10-02T14:08:32Z,46.528579,12.010754,2684.53535
2026-10-02T14:08:33Z,46.528574,12.010744,2684.692754
2026-10-02T14:08:34Z,46.528569,12.010735,2684.830614
2026-10-02T14:08:35Z,46.528564,12.010727,2684.953738
2026-10-02T14:08:36Z,46.528561,12.01072,2685.067329
2026-10-02T14:08:37Z,46.528559,12.010711,2685.175996
2026-10-02T14:08:38Z,46.528558,12.0107,2685.283227
2026-10-02T14:08:39Z,46.528558,12.010688,2685.390827
2026-10-02T14:08:40Z,46.528559,12.010676,2685.499585
2026-10-02T14:08:41Z,46.52856,12.010663,2685.608824
2026-10-02T14:08:42Z,46.528562,12.01065,2685.717784
2026-10-02T14:08:43Z,46.528563,12.010639,2685.826738
2026-10-02T14:08:44Z,46.528562,12.010629,2685.936097
2026-10-02T14:08:45Z,46.528562,12.010618,2686.046511
2026-10-02T14:08:46Z,46.52856,12.010607,2686.159533
2026-10-02T14:08:47Z,46.528558,12.010597,2686.274986
2026-10-02T14:08:48Z,46.528556,12.010589,2686.391853
2026-10-02T14:08:49Z,46.528553,12.010583,2686.508451
2026-10-02T14:08:50Z,46.528551,12.010581,2686.623031
2026-10-02T14:08:51Z,46.52855,12.010582,2686.732427
2026-10-02T14:08:52Z,46.528549,12.010583,2686.833101
2026-10-02T14:08:53Z,46.528549,12.010584,2686.921691
2026-10-02T14:08:54Z,46.528548,12.010584,2686.995862
2026-10-02T14:08:55Z,46.528547,12.010582,2687.055814
2026-10-02T14:08:56Z,46.528547,12.010578,2687.10449
2026-10-02T14:08:57Z,46.528547,12.010573,2687.147221
2026-10-02T14:08:58Z,46.528548,12.010566,2687.190478
2026-10-02T14:08:59Z,46.528549,12.010557,2687.240168
2026-10-02T14:09:00Z,46.528552,12.010547,2687.301123
2026-10-02T14:09:01Z,46.528554,12.010537,2687.37618
2026-10-02T14:09:02Z,46.528557,12.010527,2687.466246
2026-10-02T14:09:03Z,46.528558,12.010518,2687.570788
2026-10-02T14:09:04Z,46.528559,12.010509,2687.688046
2026-10-02T14:09:05Z,46.528558,12.0105,2687.815788
2026-10-02T14:09:06Z,46.528556,12.010492,2687.952141
2026-10-02T14:09:07Z,46.528554,12.010484,2688.096201
2026-10-02T14:09:08Z,46.528552,12.010477,2688.247173
2026-10-02T14:09:09Z,46.528551,12.010471,2688.404892
2026-10-02T14:09:10Z,46.52855,12.010466,2688.568556
2026-10-02T14:09:11Z,46.528549,12.010459,2688.736579
2026-10-02T14:09:12Z,46.528548,12.010451,2688.906807
2026-10-02T14:09:13Z,46.528546,12.010444,2689.075898
2026-10-02T14:09:14Z,46.528545,12.010439,2689.239459
2026-10-02T14:09:15Z,46.528544,12.010438,2689.393245
2026-10-02T14:09:16Z,46.528542,12.010438,2689.534111
2026-10-02T14:09:17Z,46.52854,12.010439,2689.659847
2026-10-02T14:09:18Z,46.528537,12.010439,2689.770273
2026-10-02T14:09:19Z,46.528532,12.010439,2689.8671
2026-10-02T14:09:20Z,46.528526,12.010439,2689.953781
2026-10-02T14:09:21Z,46.528519,12.010439,2690.034991
2026-10-02T14:09:22Z,46.528513,12.01044,2690.116113
2026-10-02T14:09:23Z,46.528507,12.010442,2690.203048
2026-10-02T14:09:24Z,46.528503,12.010445,2690.300878
2026-10-02T14:09:25Z,46.528498,12.010447,2690.412676
2026-10-02T14:09:26Z,46.528492,12.010449,2690.539181
2026-10-02T14:09:27Z,46.528487,12.010451,2690.679419
2026-10-02T14:09:28Z,46.528481,12.010453,2690.831567
2026-10-02T14:09:29Z,46.528476,12.010456,2690.993684
2026-10-02T14:09:30Z,46.528471,12.010458,2691.164728
2026-10-02T14:09:31Z,46.528466,12.010462,2691.342871
2026-10-02T14:09:32Z,46.528461,12.010468,2691.526424
2026-10-02T14:09:33Z,46.528457,12.010475,2691.713455
2026-10-02T14:09:34Z,46.528453,12.010483,2691.901735
2026-10-02T14:09:35Z,46.528447,12.010491,2692.088486
2026-10-02T14:09:36Z,46.528442,12.010499,2692.271605
2026-10-02T14:09:37Z,46.528436,12.010507,2692.449317
2026-10-02T14:09:38Z,46.528429,12.010514,2692.619994
2026-10-02T14:09:39Z,46.528423,12.01052,2692.781221
2026-10-02T14:09:40Z,46.528417,12.010527,2692.932164
2026-10-02T14:09:41Z,46.528411,12.010534,2693.072747
2026-10-02T14:09:42Z,46.528407,12.010541,2693.203316
2026-10-02T14:09:43Z,46.528405,12.010546,2693.323836
2026-10-02T14:09:44Z,46.528404,12.010549,2693.434159
2026-10-02T14:09:45Z,46.528404,12.010549,2693.532571
2026-10-02T14:09:46Z,46.528404,12.01055,2693.61616
2026-10-02T14:09:47Z,46.528403,12.010551,2693.681916
2026-10-02T14:09:48Z,46.528401,12.010553,2693.727714
2026-10-02T14:09:49Z,46.528399,12.010555,2693.754489
2026-10-02T14:09:50Z,46.528397,12.010556,2693.765396
2026-10-02T14:09:51Z,46.528395,12.010557,2693.7658
2026-10-02T14:09:52Z,46.528392,12.010558,2693.763039
2026-10-02T14:09:53Z,46.528387,12.010561,2693.764985
2026-10-02T14:09:54Z,46.528382,12.010565,2693.777397
2026-10-02T14:09:55Z,46.528375,12.01057,2693.804445
2026-10-02T14:09:56Z,46.528368,12.010575,2693.848902
2026-10-02T14:09:57Z,46.528363,12.01058,2693.912274
2026-10-02T14:09:58Z,46.528359,12.010584,2693.994528
2026-10-02T14:09:59Z,46.528356,12.010587,2694.093903
2026-10-02T14:10:00Z,46.528355,12.010589,2694.207079
2026-10-02T14:10:01Z,46.528354,12.01059,2694.329876
2026-10-02T14:10:02Z,46.528354,12.01059,2694.456108
2026-10-02T14:10:03Z,46.528354,12.010591,2694.58045
2026-10-02T14:10:04Z,46.528355,12.010591,2694.699004
2026-10-02T14:10:05Z,46.528355,12.010591,2694.808848
2026-10-02T14:10:06Z,46.528355,12.010591,2694.907332
2026-10-02T14:10:07Z,46.528355,12.010592,2694.992313
2026-10-02T14:10:08Z,46.528355,12.010592,2695.061325
2026-10-02T14:10:09Z,46.528354,12.010593,2695.111823
2026-10-02T14:10:10Z,46.528354,12.010594,2695.142082
2026-10-02T14:10:11Z,46.528353,12.010595,2695.15103
2026-10-02T14:10:12Z,46.52835,12.010598,2695.140678
2026-10-02T14:10:13Z,46.528347,12.010602,2695.115392
2026-10-02T14:10:14Z,46.528342,12.010606,2695.081138
2026-10-02T14:10:15Z,46.528336,12.01061,2695.045224
2026-10-02T14:10:16Z,46.528329,12.010614,2695.015359
2026-10-02T14:10:17Z,46.528323,12.010619,2694.998233
2026-10-02T14:10:18Z,46.528317,12.010623,2694.999115
2026-10-02T14:10:19Z,46.528312,12.010627,2695.021577
2026-10-02T14:10:20Z,46.528306,12.010632,2695.068241
2026-10-02T14:10:21Z,46.5283,12.010637,2695.139679
2026-10-02T14:10:22Z,46.528294,12.010641,2695.234054
2026-10-02T14:10:23Z,46.528289,12.010645,2695.347548
2026-10-02T14:10:24Z,46.528286,12.01065,2695.475849
2026-10-02T14:10:25Z,46.528282,12.010654,2695.614099
2026-10-02T14:10:26Z,46.528278,12.010659,2695.758258
2026-10-02T14:10:27Z,46.528274,12.010664,2695.905617
2026-10-02T14:10:28Z,46.52827,12.010669,2696.053798
2026-10-02T14:10:29Z,46.528267,12.010674,2696.200367
2026-10-02T14:10:30Z,46.528263,12.010678,2696.342612
2026-10-02T14:10:31Z,46.528261,12.010681,2696.477578
2026-10-02T14:10:32Z,46.52826,12.010684,2696.602726
2026-10-02T14:10:33Z,46.528258,12.010687,2696.714751
2026-10-02T14:10:34Z,46.528257,12.010688,2696.810761
2026-10-02T14:10:35Z,46.528257,12.010687,2696.889366
2026-10-02T14:10:36Z,46.528257,12.010686,2696.950994
2026-10-02T14:10:37Z,46.528258,12.010684,2696.99616
2026-10-02T14:10:38Z,46.528261,12.010679,2697.02815
2026-10-02T14:10:39Z,46.528263,12.010672,2697.050695
2026-10-02T14:10:40Z,46.528264,12.010665,2697.067592
2026-10-02T14:10:41Z,46.528265,12.010657,2697.083234
2026-10-02T14:10:42Z,46.528265,12.010647,2697.103384
2026-10-02T14:10:43Z,46.528265,12.010636,2697.134646
2026-10-02T14:10:44Z,46.528263,12.010625,2697.183715
2026-10-02T14:10:45Z,46.528262,12.010615,2697.255898
2026-10-02T14:10:46Z,46.528261,12.010604,2697.354355
2026-10-02T14:10:47Z,46.528259,12.010595,2697.479273
2026-10-02T14:10:48Z,46.528258,12.010585,2697.627757
2026-10-02T14:10:49Z,46.528257,12.010575,2697.795213
2026-10-02T14:10:50Z,46.528257,12.010564,2697.975861
2026-10-02T14:10:51Z,46.528257,12.010554,2698.163774
2026-10-02T14:10:52Z,46.528259,12.010543,2698.353883
2026-10-02T14:10:53Z,46.52826,12.010533,2698.54273
2026-10-02T14:10:54Z,46.528262,12.010521,2698.728528
2026-10-02T14:10:55Z,46.528262,12.01051,2698.91037
2026-10-02T14:10:56Z,46.528263,12.010499,2699.088662
2026-10-02T14:10:57Z,46.528262,12.010488,2699.264385
2026-10-02T14:10:58Z,46.528262,12.010479,2699.438711
2026-10-02T14:10:59Z,46.52826,12.01047,2699.612623
2026-10-02T14:11:00Z,46.528258,12.010461,2699.78746
2026-10-02T14:11:01Z,46.528256,12.010455,2699.96462
2026-10-02T14:11:02Z,46.528252,12.010451,2700.145464
2026-10-02T14:11:03Z,46.528247,12.010451,2700.331185
2026-10-02T14:11:04Z,46.528241,12.010453,2700.521045
2026-10-02T14:11:05Z,46.528235,12.010457,2700.713463
2026-10-02T14:11:06Z,46.528228,12.010461,2700.905424
2026-10-02T14:11:07Z,46.528223,12.010466,2701.092826
2026-10-02T14:11:08Z,46.528219,12.01047,2701.271298
2026-10-02T14:11:09Z,46.528217,12.010473,2701.436807
2026-10-02T14:11:10Z,46.528216,12.010475,2701.585736
2026-10-02T14:11:11Z,46.528215,12.010476,2701.714897
2026-10-02T14:11:12Z,46.528215,12.010477,2701.821655
2026-10-02T14:11:13Z,46.528215,12.010477,2701.904649
2026-10-02T14:11:14Z,46.528214,12.010478,2701.964294
2026-10-02T14:11:15Z,46.528214,12.010478,2702.002352
2026-10-02T14:11:16Z,46.528214,12.010478,2702.021487
2026-10-02T14:11:17Z,46.528214,12.010479,2702.025133
2026-10-02T14:11:18Z,46.528213,12.01048,2702.016681
2026-10-02T14:11:19Z,46.528213,12.010481,2701.998981
2026-10-02T14:11:20Z,46.528212,12.010482,2701.974499
2026-10-02T14:11:21Z,46.528212,12.010483,2701.945687
2026-10-02T14:11:22Z,46.528211,12.010484,2701.91477
2026-10-02T14:11:23Z,46.528209,12.010485,2701.883505
2026-10-02T14:11:24Z,46.528207,12.010485,2701.85338
2026-10-02T14:11:25Z,46.528206,12.010486,2701.825636
2026-10-02T14:11:26Z,46.528204,12.010486,2701.800328
2026-10-02T14:11:27Z,46.528203,12.010487,2701.778045
2026-10-02T14:11:28Z,46.528201,12.010488,2701.759084
2026-10-02T14:11:29Z,46.528198,12.010491,2701.744316
2026-10-02T14:11:30Z,46.528193,12.010495,2701.736566
2026-10-02T14:11:31Z,46.528188,12.0105,2701.739929
2026-10-02T14:11:32Z,46.528183,12.010506,2701.758695
2026-10-02T14:11:33Z,46.528178,12.010511,2701.797506
2026-10-02T14:11:34Z,46.528173,12.010517,2701.860973
2026-10-02T14:11:35Z,46.528169,12.010521,2701.95087
2026-10-02T14:11:36Z,46.528166,12.010523,2702.067445
2026-10-02T14:11:37Z,46.528164,12.010524,2702.208478
2026-10-02T14:11:38Z,46.528164,12.010523,2702.369019
2026-10-02T14:11:39Z,46.528165,12.010522,2702.541543
2026-10-02T14:11:40Z,46.528166,12.010521,2702.716069
2026-10-02T14:11:41Z,46.528166,12.01052,2702.882063
2026-10-02T14:11:42Z,46.528167,12.010518,2703.030117
2026-10-02T14:11:43Z,46.528167,12.010516,2703.15308
2026-10-02T14:11:44Z,46.528167,12.010515,2703.246945
2026-10-02T14:11:45Z,46.528167,12.010514,2703.311305
2026-10-02T14:11:46Z,46.528167,12.010514,2703.348182
2026-10-02T14:11:47Z,46.528168,12.010513,2703.360946
2026-10-02T14:11:48Z,46.528168,12.010513,2703.35397
2026-10-02T14:11:49Z,46.528168,12.010512,2703.331836
2026-10-02T14:11:50Z,46.528168,12.010512,2703.298992
2026-10-02T14:11:51Z,46.528168,12.010512,2703.259587
2026-10-02T14:11:52Z,46.528168,12.010512,2703.217375
2026-10-02T14:11:53Z,46.528168,12.010512,2703.175623
2026-10-02T14:11:54Z,46.528168,12.010511,2703.136602
2026-10-02T14:11:55Z,46.528168,12.010511,2703.102364
2026-10-02T14:11:56Z,46.528167,12.010511,2703.074862
2026-10-02T14:11:57Z,46.528167,12.010511,2703.054282
2026-10-02T14:11:58Z,46.528166,12.010511,2703.042506
2026-10-02T14:11:59Z,46.528164,12.010513,2703.041843
2026-10-02T14:12:00Z,46.528161,12.010517,2703.055087
2026-10-02T14:12:01Z,46.528157,12.010521,2703.085079
2026-10-02T14:12:02Z,46.528153,12.010526,2703.136275
2026-10-02T14:12:03Z,46.528148,12.010531,2703.211702
2026-10-02T14:12:04Z,46.528142,12.010537,2703.313007
2026-10-02T14:12:05Z,46.528136,12.010544,2703.439661
2026-10-02T14:12:06Z,46.52813,12.010551,2703.589571
2026-10-02T14:12:07Z,46.528124,12.010558,2703.757327
2026-10-02T14:12:08Z,46.528118,12.010565,2703.934747
2026-10-02T14:12:09Z,46.528113,12.010572,2704.112672
2026-10-02T14:12:10Z,46.528107,12.010579,2704.283159
2026-10-02T14:12:11Z,46.528102,12.010586,2704.441618
2026-10-02T14:12:12Z,46.528095,12.010593,2704.587188
2026-10-02T14:12:13Z,46.528089,12.0106,2704.722992
2026-10-02T14:12:14Z,46.528082,12.010607,2704.854821
2026-10-02T14:12:15Z,46.528076,12.010614,2704.988474
2026-10-02T14:12:16Z,46.528071,12.010619,2705.12888
2026-10-02T14:12:17Z,46.528066,12.010622,2705.279731
2026-10-02T14:12:18Z,46.528062,12.010623,2705.443513
2026-10-02T14:12:19Z,46.528058,12.010621,2705.620985
2026-10-02T14:12:20Z,46.528054,12.010617,2705.812344
2026-10-02T14:12:21Z,46.528049,12.010611,2706.016435
2026-10-02T14:12:22Z,46.528045,12.010602,2706.231068
2026-10-02T14:12:23Z,46.528042,12.010594,2706.453163
2026-10-02T14:12:24Z,46.52804,12.010584,2706.679149
2026-10-02T14:12:25Z,46.52804,12.010573,2706.904836
2026-10-02T14:12:26Z,46.528041,12.010561,2707.125609
2026-10-02T14:12:27Z,46.528042,12.010549,2707.337101
2026-10-02T14:12:28Z,46.528043,12.010536,2707.535774
2026-10-02T14:12:29Z,46.528045,12.010523,2707.720629
2026-10-02T14:12:30Z,46.528046,12.010512,2707.892506
2026-10-02T14:12:31Z,46.528047,12.0105,2708.053682
2026-10-02T14:12:32Z,46.528047,12.010489,2708.207091
2026-10-02T14:12:33Z,46.528047,12.010479,2708.355795
2026-10-02T14:12:34Z,46.528047,12.01047,2708.502552
2026-10-02T14:12:35Z,46.528046,12.01046,2708.649654
2026-10-02T14:12:36Z,46.528046,12.010451,2708.79889
2026-10-02T14:12:37Z,46.528046,12.010442,2708.952009
2026-10-02T14:12:38Z,46.528045,12.010433,2709.110439
2026-10-02T14:12:39Z,46.528043,12.010421,2709.273649
2026-10-02T14:12:40Z,46.528042,12.010409,2709.439926
2026-10-02T14:12:41Z,46.528041,12.010398,2709.60722
2026-10-02T14:12:42Z,46.528042,12.010387,2709.776718
2026-10-02T14:12:43Z,46.528044,12.010375,2709.957222
2026-10-02T14:12:44Z,46.528046,12.010362,2710.137286
2026-10-02T14:12:45Z,46.528047,12.01035,2710.314302
2026-10-02T14:12:46Z,46.528048,12.010337,2710.487232
2026-10-02T14:12:47Z,46.528047,12.010325,2710.654828
2026-10-02T14:12:48Z,46.528046,12.010313,2710.814403
2026-10-02T14:12:49Z,46.528045,12.010302,2710.963557
2026-10-02T14:12:50Z,46.528043,12.010292,2711.098034
2026-10-02T14:12:51Z,46.528041,12.010284,2711.208505
2026-10-02T14:12:52Z,46.528039,12.010278,2711.279625
2026-10-02T14:12:52Z,46.528039,12.010278,2711.29384
2026-10-02T14:12:53Z,46.528037,12.010274,2711.373855
2026-10-02T14:12:54Z,46.528036,12.010272,2711.472809
2026-10-02T14:12:55Z,46.528034,12.01027,2711.575013
2026-10-02T14:12:56Z,46.528033,12.010267,2711.669144
2026-10-02T14:12:57Z,46.528032,12.010266,2711.749016
2026-10-02T14:12:58Z,46.528031,12.010266,2711.813797
2026-10-02T14:12:59Z,46.528031,12.010267,2711.868512
2026-10-02T14:13:00Z,46.528032,12.010268,2711.920451
2026-10-02T14:13:01Z,46.528032,12.010269,2711.976768
2026-10-02T14:13:02Z,46.528032,12.010269,2712.04107
2026-10-02T14:13:03Z,46.528032,12.010269,2712.112788
2026-10-02T14:13:04Z,46.528032,12.01027,2712.187937
2026-10-02T14:13:05Z,46.528032,12.01027,2712.26187
2026-10-02T14:13:06Z,46.528033,12.01027,2712.329756
2026-10-02T14:13:07Z,46.528032,12.01027,2712.387533
2026-10-02T14:13:08Z,46.528032,12.01027,2712.432424
2026-10-02T14:13:09Z,46.528032,12.01027,2712.463948
2026-10-02T14:13:10Z,46.528032,12.01027,2712.48369
2026-10-02T14:13:11Z,46.528032,12.01027,2712.494761
2026-10-02T14:13:12Z,46.528032,12.01027,2712.5009
2026-10-02T14:13:13Z,46.528032,12.01027,2712.505704
2026-10-02T14:13:14Z,46.528032,12.01027,2712.511382
2026-10-02T14:13:15Z,46.528032,12.01027,2712.51856
2026-10-02T14:13:16Z,46.528032,12.01027,2712.526754
2026-10-02T14:13:17Z,46.528032,12.01027,2712.534895
2026-10-02T14:13:18Z,46.528032,12.01027,2712.542384
2026-10-02T14:13:19Z,46.528032,12.01027,2712.549337
2026-10-02T14:13:20Z,46.528032,12.01027,2712.55668
2026-10-02T14:13:21Z,46.528032,12.01027,2712.565856
2026-10-02T14:13:22Z,46.528032,12.010269,2712.578997
2026-10-02T14:13:23Z,46.528032,12.010268,2712.597339
2026-10-02T14:13:24Z,46.528032,12.010267,2712.621311
2026-10-02T14:13:25Z,46.528032,12.010266,2712.650346
2026-10-02T14:13:26Z,46.528032,12.010266,2712.683173
2026-10-02T14:13:27Z,46.528032,12.010265,2712.717651
2026-10-02T14:13:28Z,46.528032,12.010265,2712.751067
2026-10-02T14:13:29Z,46.528033,12.010264,2712.780602
2026-10-02T14:13:30Z,46.528033,12.010263,2712.803993
2026-10-02T14:13:31Z,46.528034,12.010263,2712.819353
2026-10-02T14:13:32Z,46.528034,12.010263,2712.825653
2026-10-02T14:13:33Z,46.528034,12.010262,2712.823574
2026-10-02T14:13:34Z,46.528034,12.010262,2712.815421
2026-10-02T14:13:35Z,46.528034,12.010263,2712.803656
2026-10-02T14:13:36Z,46.528033,12.010264,2712.790409
2026-10-02T14:13:37Z,46.528032,12.010265,2712.777398
2026-10-02T14:13:38Z,46.52803,12.010267,2712.766335
2026-10-02T14:13:39Z,46.528028,12.010271,2712.759776
2026-10-02T14:13:40Z,46.528024,12.010275,2712.760229
2026-10-02T14:13:41Z,46.52802,12.010281,2712.771545
2026-10-02T14:13:42Z,46.528016,12.010288,2712.797887
2026-10-02T14:13:43Z,46.528012,12.010295,2712.842898
2026-10-02T14:13:44Z,46.528007,12.010302,2712.907359
2026-10-02T14:13:45Z,46.528001,12.01031,2712.991954
2026-10-02T14:13:46Z,46.527995,12.010319,2713.096244
2026-10-02T14:13:47Z,46.527987,12.010327,2713.218382
2026-10-02T14:13:48Z,46.527981,12.010336,2713.354895
2026-10-02T14:13:49Z,46.527976,12.010344,2713.501158
2026-10-02T14:13:50Z,46.527972,12.010349,2713.650604
2026-10-02T14:13:51Z,46.527968,12.010352,2713.794768
2026-10-02T14:13:52Z,46.527966,12.010355,2713.924399
2026-10-02T14:13:53Z,46.527965,12.010357,2714.031571
2026-10-02T14:13:54Z,46.527963,12.010359,2714.112181
2026-10-02T14:13:55Z,46.527961,12.01036,2714.165588
2026-10-02T14:13:56Z,46.52796,12.010362,2714.194251
2026-10-02T14:13:57Z,46.527958,12.010362,2714.203347
2026-10-02T14:13:58Z,46.527957,12.010363,2714.198822
2026-10-02T14:13:59Z,46.527956,12.010364,2714.185985
2026-10-02T14:14:00Z,46.527954,12.010364,2714.169497
2026-10-02T14:14:01Z,46.527953,12.010364,2714.153651
2026-10-02T14:14:02Z,46.527952,12.010365,2714.142874
2026-10-02T14:14:03Z,46.527951,12.010365,2714.141143
2026-10-02T14:14:04Z,46.527949,12.010367,2714.150552
2026-10-02T14:14:05Z,46.527946,12.010369,2714.17098
2026-10-02T14:14:06Z,46.527942,12.010374,2714.20071
2026-10-02T14:14:07Z,46.527937,12.010379,2714.237274
2026-10-02T14:14:08Z,46.527932,12.010386,2714.277503
2026-10-02T14:14:09Z,46.527928,12.010393,2714.318326
2026-10-02T14:14:10Z,46.527925,12.0104,2714.357479
2026-10-02T14:14:11Z,46.527922,12.010406,2714.393154
2026-10-02T14:14:12Z,46.527919,12.010411,2714.423221
2026-10-02T14:14:13Z,46.527918,12.010416,2714.44643
2026-10-02T14:14:14Z,46.527917,12.010419,2714.463324
2026-10-02T14:14:15Z,46.527917,12.010421,2714.476026
2026-10-02T14:14:16Z,46.527918,12.010421,2714.487067
2026-10-02T14:14:17Z,46.527918,12.010422,2714.498773
2026-10-02T14:14:18Z,46.527917,12.010424,2714.512571
2026-10-02T14:14:19Z,46.527914,12.010428,2714.528305
2026-10-02T14:14:20Z,46.52791,12.010434,2714.545223
2026-10-02T14:14:21Z,46.527905,12.010441,2714.562493
2026-10-02T14:14:22Z,46.5279,12.010447,2714.580114
2026-10-02T14:14:23Z,46.527894,12.010453,2714.599083
2026-10-02T14:14:24Z,46.527888,12.01046,2714.621171
2026-10-02T14:14:25Z,46.527883,12.010468,2714.648377
2026-10-02T14:14:26Z,46.527877,12.010477,2714.682464
2026-10-02T14:14:27Z,46.527872,12.010485,2714.724594
2026-10-02T14:14:28Z,46.527866,12.010492,2714.775466
2026-10-02T14:14:29Z,46.52786,12.0105,2714.834828
2026-10-02T14:14:30Z,46.527855,12.010507,2714.902004
2026-10-02T14:14:31Z,46.52785,12.010514,2714.976166
2026-10-02T14:14:32Z,46.527846,12.010521,2715.05675
2026-10-02T14:14:33Z,46.527842,12.010528,2715.143093
2026-10-02T14:14:34Z,46.527839,12.010534,2715.235458
2026-10-02T14:14:35Z,46.527835,12.010541,2715.333762
2026-10-02T14:14:36Z,46.527832,12.010547,2715.437151
2026-10-02T14:14:37Z,46.52783,12.010552,2715.543398
2026-10-02T14:14:38Z,46.527827,12.010558,2715.651207
2026-10-02T14:14:39Z,46.527823,12.010564,2715.75815
2026-10-02T14:14:40Z,46.527817,12.01057,2715.861341
2026-10-02T14:14:41Z,46.527811,12.010577,2715.958632
2026-10-02T14:14:42Z,46.527805,12.010581,2716.0494
2026-10-02T14:14:43Z,46.5278,12.010584,2716.13331
2026-10-02T14:14:44Z,46.527795,12.010586,2716.212039
2026-10-02T14:14:45Z,46.527792,12.010587,2716.28962
2026-10-02T14:14:46Z,46.52779,12.010586,2716.370804
2026-10-02T14:14:47Z,46.527789,12.010585,2716.459445
2026-10-02T14:14:48Z,46.527788,12.010584,2716.556808
2026-10-02T14:14:49Z,46.527787,12.010584,2716.660976
2026-10-02T14:14:50Z,46.527786,12.010583,2716.767352
2026-10-02T14:14:51Z,46.527784,12.010583,2716.869735
2026-10-02T14:14:52Z,46.527783,12.010582,2716.962369
2026-10-02T14:14:53Z,46.527783,12.010581,2717.041353
2026-10-02T14:14:54Z,46.527783,12.01058,2717.105176
2026-10-02T14:14:55Z,46.527782,12.010579,2717.154489
2026-10-02T14:14:56Z,46.527782,12.010579,2717.191259
2026-10-02T14:14:57Z,46.527782,12.010578,2717.218414
2026-10-02T14:14:58Z,46.527782,12.010577,2717.239155
2026-10-02T14:14:59Z,46.527781,12.010576,2717.256168
2026-10-02T14:15:00Z,46.52778,12.010574,2717.271449
2026-10-02T14:15:01Z,46.527779,12.010573,2717.286415
2026-10-02T14:15:02Z,46.527777,12.010571,2717.301593
2026-10-02T14:15:03Z,46.527776,12.01057,2717.316689
2026-10-02T14:15:04Z,46.527776,12.010569,2717.330841
2026-10-02T14:15:05Z,46.527775,12.010569,2717.342886
2026-10-02T14:15:06Z,46.527776,12.010568,2717.35196
2026-10-02T14:15:07Z,46.527776,12.010568,2717.357762
2026-10-02T14:15:08Z,46.527777,12.010567,2717.360668
2026-10-02T14:15:09Z,46.527777,12.010567,2717.36166
2026-10-02T14:15:10Z,46.527777,12.010567,2717.362149
2026-10-02T14:15:11Z,46.527778,12.010567,2717.363353
2026-10-02T14:15:12Z,46.527778,12.010567,2717.365945
2026-10-02T14:15:13Z,46.527778,12.010566,2717.370201
2026-10-02T14:15:14Z,46.527778,12.010566,2717.3763
2026-10-02T14:15:15Z,46.527778,12.010566,2717.38391
2026-10-02T14:15:16Z,46.527778,12.010565,2717.3922
2026-10-02T14:15:17Z,46.527779,12.010564,2717.400527
2026-10-02T14:15:18Z,46.527779,12.010562,2717.408188
2026-10-02T14:15:19Z,46.527779,12.01056,2717.414798
2026-10-02T14:15:20Z,46.527779,12.010558,2717.42069
2026-10-02T14:15:21Z,46.527779,12.010557,2717.427336
2026-10-02T14:15:22Z,46.527778,12.010555,2717.436152
2026-10-02T14:15:23Z,46.527776,12.010554,2717.448935
2026-10-02T14:15:24Z,46.527774,12.010553,2717.466862
2026-10-02T14:15:25Z,46.527773,12.010552,2717.489984
2026-10-02T14:15:26Z,46.527772,12.010551,2717.517225
2026-10-02T14:15:27Z,46.527771,12.010551,2717.545887
2026-10-02T14:15:28Z,46.527771,12.010551,2717.572286
2026-10-02T14:15:29Z,46.52777,12.010551,2717.592343
2026-10-02T14:15:30Z,46.52777,12.010552,2717.60223
2026-10-02T14:15:31Z,46.527769,12.010552,2717.598981
2026-10-02T14:15:32Z,46.527768,12.010554,2717.58108
2026-10-02T14:15:33Z,46.527767,12.010555,2717.548347
2026-10-02T14:15:34Z,46.527765,12.010558,2717.501696
2026-10-02T14:15:35Z,46.527763,12.010562,2717.44281
2026-10-02T14:15:36Z,46.527761,12.010566,2717.37376
2026-10-02T14:15:37Z,46.527759,12.010571,2717.297076
2026-10-02T14:15:38Z,46.527757,12.010577,2717.215374
2026-10-02T14:15:39Z,46.527756,12.010584,2717.130913
2026-10-02T14:15:40Z,46.527754,12.01059,2717.043927
2026-10-02T14:15:41Z,46.527753,12.010593,2716.957455
2026-10-02T14:15:42Z,46.527753,12.010595,2716.873078
2026-10-02T14:15:43Z,46.527752,12.010597,2716.792634
2026-10-02T14:15:44Z,46.527752,12.010598,2716.718995
2026-10-02T14:15:45Z,46.527752,12.010599,2716.652105
2026-10-02T14:15:46Z,46.527751,12.010599,2716.580421
2026-10-02T14:15:47Z,46.527751,12.0106,2716.503821
2026-10-02T14:15:48Z,46.527751,12.0106,2716.416535
2026-10-02T14:15:49Z,46.527751,12.0106,2716.311032
2026-10-02T14:15:51Z,46.527751,12.010601,2716.148982
2026-10-02T14:15:52Z,46.52775,12.010602,2715.954222
2026-10-02T14:15:53Z,46.52775,12.010604,2715.69983
2026-10-02T14:15:54Z,46.527749,12.010607,2715.378736
2026-10-02T14:15:55Z,46.527749,12.010609,2714.997455
2026-10-02T14:15:59Z,46.527748,12.010612,2712.608172
2026-10-02T14:17:45Z,46.527789,12.010611,2719.69104
2026-10-02T14:17:46Z,46.527788,12.01061,2719.160619
2026-10-02T14:17:47Z,46.527786,12.010608,2718.697269
2026-10-02T14:17:48Z,46.527785,12.010609,2718.328127
2026-10-02T14:17:51Z,46.527783,12.010611,2717.893026
2026-10-02T14:17:52Z,46.527783,12.010611,2717.894413
2026-10-02T14:17:53Z,46.527784,12.01061,2717.895964
2026-10-02T14:17:54Z,46.527785,12.01061,2717.90332
2026-10-02T14:17:55Z,46.527785,12.010609,2717.919362
2026-10-02T14:17:56Z,46.527785,12.010607,2717.944628
2026-10-02T14:17:57Z,46.527784,12.010604,2717.979415
2026-10-02T14:17:59Z,46.527783,12.0106,2718.027347
2026-10-02T14:18:00Z,46.527782,12.010597,2718.066242
2026-10-02T14:18:01Z,46.527781,12.010595,2718.099834
2026-10-02T14:18:02Z,46.52778,12.010594,2718.128689
2026-10-02T14:18:03Z,46.527779,12.010593,2718.153077
2026-10-02T14:18:04Z,46.527778,12.010594,2718.173142
2026-10-02T14:18:05Z,46.527777,12.010594,2718.188596
2026-10-02T14:18:06Z,46.527777,12.010595,2718.198683
2026-10-02T14:18:07Z,46.527777,12.010595,2718.202132
2026-10-02T14:18:08Z,46.527778,12.010596,2718.197923
2026-10-02T14:18:09Z,46.527778,12.010596,2718.185095
2026-10-02T14:18:10Z,46.527779,12.010596,2718.163371
2026-10-02T14:18:11Z,46.52778,12.010595,2718.133417
2026-10-02T14:18:12Z,46.527782,12.010595,2718.096602
2026-10-02T14:18:13Z,46.527783,12.010594,2718.054956
2026-10-02T14:18:14Z,46.527785,12.010593,2718.011073
2026-10-02T14:18:15Z,46.527787,12.010592,2717.967837
2026-10-02T14:18:16Z,46.527789,12.01059,2717.92792
2026-10-02T14:18:17Z,46.527791,12.010588,2717.893792
2026-10-02T14:18:18Z,46.527792,12.010585,2717.866508
2026-10-02T14:18:19Z,46.527793,12.01058,2717.845885
2026-10-02T14:18:20Z,46.527793,12.010576,2717.830655
2026-10-02T14:18:21Z,46.527792,12.010571,2717.818693
2026-10-02T14:18:22Z,46.527791,12.010568,2717.807667
2026-10-02T14:18:23Z,46.52779,12.010566,2717.794489
2026-10-02T14:18:24Z,46.527789,12.010564,2717.775566
2026-10-02T14:18:25Z,46.527788,12.010562,2717.746592
2026-10-02T14:18:26Z,46.527786,12.010561,2717.705988
2026-10-02T14:18:27Z,46.527785,12.01056,2717.65214
2026-10-02T14:18:28Z,46.527784,12.010558,2717.585397
2026-10-02T14:18:29Z,46.527783,12.010557,2717.509962
2026-10-02T14:18:30Z,46.527783,12.010555,2717.432921
2026-10-02T14:18:31Z,46.527782,12.010552,2717.359477
2026-10-02T14:18:32Z,46.527781,12.010546,2717.296114
2026-10-02T14:18:33Z,46.527781,12.010539,2717.25111
2026-10-02T14:18:34Z,46.527781,12.010531,2717.232061
2026-10-02T14:18:35Z,46.527781,12.010523,2717.243734
2026-10-02T14:18:36Z,46.52778,12.010517,2717.287824
2026-10-02T14:18:37Z,46.527778,12.010512,2717.361228
2026-10-02T14:18:38Z,46.527777,12.010511,2717.455295
2026-10-02T14:18:39Z,46.527777,12.010511,2717.556436
2026-10-02T14:18:40Z,46.527777,12.010511,2717.652038
2026-10-02T14:18:41Z,46.527777,12.010512,2717.734001
2026-10-02T14:18:42Z,46.527776,12.010513,2717.799291
2026-10-02T14:18:43Z,46.527776,12.010516,2717.84957
2026-10-02T14:18:44Z,46.527775,12.01052,2717.888124
2026-10-02T14:18:45Z,46.527774,12.010524,2717.917663
2026-10-02T14:18:46Z,46.527773,12.010529,2717.938551
2026-10-02T14:18:47Z,46.527773,12.010532,2717.94957
2026-10-02T14:18:48Z,46.527772,12.010535,2717.947714
2026-10-02T14:18:49Z,46.527772,12.010538,2717.931962
2026-10-02T14:18:50Z,46.527771,12.01054,2717.903125
2026-10-02T14:18:51Z,46.527771,12.010541,2717.863967
2026-10-02T14:18:52Z,46.52777,12.010541,2717.818746
2026-10-02T14:18:53Z,46.52777,12.01054,2717.774082
2026-10-02T14:18:54Z,46.527769,12.01054,2717.737174
2026-10-02T14:18:55Z,46.527769,12.010539,2717.71463
2026-10-02T14:18:56Z,46.527768,12.010538,2717.711544
2026-10-02T14:18:57Z,46.527767,12.010536,2717.729486
2026-10-02T14:18:58Z,46.527766,12.010534,2717.766301
2026-10-02T14:18:59Z,46.527765,12.010531,2717.816436
2026-10-02T14:19:00Z,46.527764,12.010528,2717.872385
2026-10-02T14:19:01Z,46.527764,12.010525,2717.926105
2026-10-02T14:19:02Z,46.527763,12.010522,2717.970794
2026-10-02T14:19:03Z,46.527763,12.010519,2718.001715
2026-10-02T14:19:04Z,46.527763,12.010517,2718.016967
2026-10-02T14:19:05Z,46.527763,12.010516,2718.018044
2026-10-02T14:19:06Z,46.527762,12.010515,2718.008514
2026-10-02T14:19:07Z,46.527762,12.010512,2717.993408
2026-10-02T14:19:08Z,46.527762,12.010505,2717.978202
2026-10-02T14:19:09Z,46.527762,12.010494,2717.967943
2026-10-02T14:19:10Z,46.527762,12.010481,2717.965902
2026-10-02T14:19:11Z,46.527763,12.010469,2717.974376
2026-10-02T14:19:12Z,46.527766,12.01046,2717.994553
2026-10-02T14:19:13Z,46.52777,12.010454,2718.026389
2026-10-02T14:19:14Z,46.527773,12.010452,2718.068601
2026-10-02T14:19:15Z,46.527776,12.010453,2718.118288
2026-10-02T14:19:16Z,46.527778,12.010456,2718.171718
2026-10-02T14:19:17Z,46.527779,12.010459,2718.224746
2026-10-02T14:19:18Z,46.527779,12.010461,2718.273199
2026-10-02T14:19:19Z,46.527779,12.010462,2718.313467
2026-10-02T14:19:20Z,46.527779,12.010465,2718.343754
2026-10-02T14:19:21Z,46.527779,12.010468,2718.363595
2026-10-02T14:19:22Z,46.527778,12.010471,2718.373412
2026-10-02T14:19:23Z,46.527778,12.010472,2718.373271
2026-10-02T14:19:24Z,46.527778,12.010474,2718.362826
2026-10-02T14:19:25Z,46.527778,12.010475,2718.343442
2026-10-02T14:19:26Z,46.527779,12.010476,2718.317706
2026-10-02T14:19:27Z,46.527779,12.010477,2718.288338
2026-10-02T14:19:28Z,46.527779,12.010478,2718.259083
2026-10-02T14:19:29Z,46.527779,12.010478,2718.234247
2026-10-02T14:19:30Z,46.527778,12.010476,2718.217182
2026-10-02T14:19:31Z,46.527777,12.010472,2718.210145
2026-10-02T14:19:32Z,46.527776,12.010467,2718.215544
2026-10-02T14:19:33Z,46.527776,12.010462,2718.237206
2026-10-02T14:19:34Z,46.527777,12.010454,2718.27791
2026-10-02T14:19:35Z,46.527778,12.010445,2718.337376
2026-10-02T14:19:36Z,46.527779,12.010436,2718.41145
2026-10-02T14:19:37Z,46.527781,12.010428,2718.493885
2026-10-02T14:19:38Z,46.527783,12.010421,2718.577374
2026-10-02T14:19:39Z,46.527786,12.010416,2718.655481
2026-10-02T14:19:40Z,46.527788,12.010414,2718.724275
2026-10-02T14:19:41Z,46.527789,12.010414,2718.78267
2026-10-02T14:19:42Z,46.52779,12.010416,2718.830647
2026-10-02T14:19:43Z,46.527791,12.010421,2718.86783
2026-10-02T14:19:44Z,46.527792,12.010428,2718.893601
2026-10-02T14:19:45Z,46.527793,12.010435,2718.907888
2026-10-02T14:19:46Z,46.527794,12.01044,2718.911753
2026-10-02T14:19:47Z,46.527794,12.010443,2718.907001
2026-10-02T14:19:48Z,46.527795,12.010443,2718.895897
2026-10-02T14:19:49Z,46.527795,12.010443,2718.880823
2026-10-02T14:19:50Z,46.527795,12.010444,2718.863848
2026-10-02T14:19:51Z,46.527795,12.010444,2718.846278
2026-10-02T14:19:52Z,46.527795,12.010444,2718.828897
2026-10-02T14:19:53Z,46.527795,12.010444,2718.812303
2026-10-02T14:19:54Z,46.527795,12.010444,2718.797444
2026-10-02T14:19:55Z,46.527795,12.010444,2718.78528
2026-10-02T14:19:56Z,46.527795,12.010444,2718.776288
2026-10-02T14:19:57Z,46.527795,12.010444,2718.770582
2026-10-02T14:19:58Z,46.527795,12.010444,2718.768044
2026-10-02T14:19:59Z,46.527795,12.010444,2718.768505
2026-10-02T14:20:00Z,46.527795,12.010444,2718.771906
2026-10-02T14:20:01Z,46.527794,12.010445,2718.778191
2026-10-02T14:20:02Z,46.527794,12.010446,2718.787053
2026-10-02T14:20:03Z,46.527793,12.010447,2718.797949
2026-10-02T14:20:04Z,46.527792,12.010448,2718.809352
2026-10-02T14:20:05Z,46.527791,12.01045,2718.81943
2026-10-02T14:20:06Z,46.527791,12.010451,2718.82671
2026-10-02T14:20:07Z,46.52779,12.010452,2718.830528
2026-10-02T14:20:08Z,46.527789,12.010452,2718.830266
2026-10-02T14:20:09Z,46.527789,12.010452,2718.825733
2026-10-02T14:20:10Z,46.527789,12.010452,2718.817064
2026-10-02T14:20:11Z,46.527788,12.010452,2718.804877
2026-10-02T14:20:12Z,46.527788,12.010452,2718.79072
2026-10-02T14:20:13Z,46.527788,12.010452,2718.777205
2026-10-02T14:20:14Z,46.527788,12.010453,2718.767081
2026-10-02T14:20:15Z,46.527788,12.010453,2718.762781
2026-10-02T14:20:16Z,46.527789,12.010453,2718.766044
2026-10-02T14:20:17Z,46.527789,12.010453,2718.777332
2026-10-02T14:20:18Z,46.52779,12.010454,2718.795779
2026-10-02T14:20:19Z,46.527792,12.010454,2718.819654
2026-10-02T14:20:20Z,46.527793,12.010455,2718.846758
2026-10-02T14:20:21Z,46.527794,12.010456,2718.874435
2026-10-02T14:20:22Z,46.527795,12.010456,2718.899984
2026-10-02T14:20:23Z,46.527795,12.010456,2718.921403
2026-10-02T14:20:24Z,46.527796,12.010456,2718.938085
2026-10-02T14:20:25Z,46.527796,12.010456,2718.950943
2026-10-02T14:20:26Z,46.527795,12.010456,2718.961746
2026-10-02T14:20:27Z,46.527795,12.010456,2718.972851
2026-10-02T14:20:28Z,46.527794,12.010456,2718.986531
2026-10-02T14:20:29Z,46.527793,12.010455,2719.004435
2026-10-02T14:20:30Z,46.527792,12.010455,2719.027301
2026-10-02T14:20:31Z,46.527792,12.010454,2719.055571
2026-10-02T14:20:32Z,46.527791,12.010453,2719.08976
2026-10-02T14:20:33Z,46.52779,12.010453,2719.128727
2026-10-02T14:20:34Z,46.527789,12.010452,2719.171729
2026-10-02T14:20:35Z,46.527789,12.010452,2719.217464
2026-10-02T14:20:36Z,46.527788,12.010452,2719.264329
2026-10-02T14:20:37Z,46.527788,12.010452,2719.310149
2026-10-02T14:20:38Z,46.527788,12.010451,2719.351877
2026-10-02T14:20:39Z,46.527789,12.010451,2719.386368
2026-10-02T14:20:40Z,46.52779,12.010451,2719.410528
2026-10-02T14:20:41Z,46.527791,12.01045,2719.421504
2026-10-02T14:20:41Z,46.527793,12.010448,2719.418969
2026-10-02T14:20:42Z,46.527795,12.010445,2719.403235
2026-10-02T14:20:43Z,46.527797,12.01044,2719.374074
2026-10-02T14:20:44Z,46.527799,12.010433,2719.332023
2026-10-02T14:20:45Z,46.527801,12.010423,2719.278944
2026-10-02T14:20:46Z,46.527803,12.010413,2719.21763
2026-10-02T14:20:47Z,46.527804,12.010402,2719.152605
2026-10-02T14:20:48Z,46.527806,12.010391,2719.089445
2026-10-02T14:20:49Z,46.527808,12.010379,2719.033914
2026-10-02T14:20:50Z,46.52781,12.010367,2718.991173
2026-10-02T14:20:51Z,46.527813,12.010355,2718.965526
2026-10-02T14:20:52Z,46.527817,12.010343,2718.959755
2026-10-02T14:20:53Z,46.527821,12.010331,2718.97468
2026-10-02T14:20:54Z,46.527824,12.010318,2719.009047
2026-10-02T14:20:55Z,46.527827,12.010306,2719.060255
2026-10-02T14:20:56Z,46.527829,12.010296,2719.124537
2026-10-02T14:20:57Z,46.527831,12.010286,2719.197628
2026-10-02T14:20:58Z,46.527834,12.010276,2719.275827
2026-10-02T14:20:59Z,46.527837,12.010266,2719.357056
2026-10-02T14:21:00Z,46.52784,12.010257,2719.439634
2026-10-02T14:21:01Z,46.527842,12.010248,2719.522991
2026-10-02T14:21:02Z,46.527843,12.010243,2719.60695
2026-10-02T14:21:03Z,46.527843,12.010241,2719.69106
2026-10-02T14:21:04Z,46.527842,12.010241,2719.773094
2026-10-02T14:21:05Z,46.527842,12.010238,2719.851962
2026-10-02T14:21:06Z,46.527842,12.010233,2719.92611
2026-10-02T14:21:07Z,46.527841,12.010224,2719.994073
2026-10-02T14:21:08Z,46.527841,12.010213,2720.055091
2026-10-02T14:21:09Z,46.527841,12.010201,2720.110329
2026-10-02T14:21:10Z,46.527844,12.010191,2720.162694
2026-10-02T14:21:11Z,46.527848,12.010179,2720.216578
2026-10-02T14:21:12Z,46.527853,12.010166,2720.276884
2026-10-02T14:21:13Z,46.527857,12.010152,2720.347493
2026-10-02T14:21:14Z,46.527861,12.010138,2720.429913
2026-10-02T14:21:15Z,46.527866,12.010124,2720.523143
2026-10-02T14:21:16Z,46.527869,12.010112,2720.62433
2026-10-02T14:21:17Z,46.527872,12.0101,2720.729869
2026-10-02T14:21:18Z,46.527876,12.010087,2720.83675
2026-10-02T14:21:19Z,46.527879,12.010075,2720.94295
2026-10-02T14:21:20Z,46.527882,12.010062,2721.047569
2026-10-02T14:21:21Z,46.527885,12.010049,2721.150782
2026-10-02T14:21:22Z,46.527888,12.010037,2721.254018
2026-10-02T14:21:23Z,46.527889,12.010026,2721.359024
2026-10-02T14:21:24Z,46.527888,12.010018,2721.467421
2026-10-02T14:21:25Z,46.527885,12.010016,2721.579973
2026-10-02T14:21:26Z,46.527881,12.010018,2721.696345
2026-10-02T14:21:27Z,46.527877,12.010023,2721.815213
2026-10-02T14:21:28Z,46.527871,12.010032,2721.934651
2026-10-02T14:21:29Z,46.527865,12.01004,2722.052532
2026-10-02T14:21:30Z,46.527859,12.010048,2722.166986
2026-10-02T14:21:31Z,46.527852,12.010057,2722.277045
2026-10-02T14:21:32Z,46.527844,12.010067,2722.382625
2026-10-02T14:21:33Z,46.527836,12.010078,2722.484188
2026-10-02T14:21:34Z,46.527829,12.010089,2722.582578
2026-10-02T14:21:35Z,46.527823,12.0101,2722.679082
2026-10-02T14:21:36Z,46.527817,12.01011,2722.77455
2026-10-02T14:21:37Z,46.52781,12.010119,2722.869389
2026-10-02T14:21:38Z,46.527804,12.010127,2722.963797
2026-10-02T14:21:39Z,46.527797,12.010133,2723.05798
2026-10-02T14:21:40Z,46.527792,12.010134,2723.151771
2026-10-02T14:21:41Z,46.527789,12.010131,2723.244247
2026-10-02T14:21:42Z,46.527788,12.010125,2723.334307
2026-10-02T14:21:43Z,46.527787,12.010115,2723.421397
2026-10-02T14:21:44Z,46.527787,12.010104,2723.506733
2026-10-02T14:21:45Z,46.527786,12.010095,2723.591841
2026-10-02T14:21:46Z,46.527785,12.010086,2723.679945
2026-10-02T14:21:47Z,46.527782,12.010079,2723.77506
2026-10-02T14:21:48Z,46.527779,12.010071,2723.881328
2026-10-02T14:21:49Z,46.527774,12.010063,2724.000843
2026-10-02T14:21:50Z,46.527769,12.010056,2724.135371
2026-10-02T14:21:51Z,46.527763,12.010049,2724.287352
2026-10-02T14:21:52Z,46.527757,12.010042,2724.459466
2026-10-02T14:21:53Z,46.527752,12.010036,2724.653197
2026-10-02T14:21:54Z,46.527748,12.01003,2724.867927
2026-10-02T14:21:55Z,46.527744,12.010023,2725.101239
2026-10-02T14:21:56Z,46.52774,12.010016,2725.34884
2026-10-02T14:21:57Z,46.527737,12.010009,2725.605231
2026-10-02T14:21:58Z,46.527733,12.010001,2725.866614
2026-10-02T14:21:59Z,46.527728,12.009993,2726.130263
2026-10-02T14:22:00Z,46.527724,12.009985,2726.39445
2026-10-02T14:22:01Z,46.52772,12.009977,2726.657097
2026-10-02T14:22:02Z,46.527716,12.009969,2726.913005
2026-10-02T14:22:03Z,46.527713,12.009963,2727.15568
2026-10-02T14:22:04Z,46.527711,12.00996,2727.378567
2026-10-02T14:22:05Z,46.52771,12.009958,2727.575319
2026-10-02T14:22:06Z,46.52771,12.009957,2727.740326
2026-10-02T14:22:07Z,46.527711,12.009954,2727.870164
2026-10-02T14:22:08Z,46.527713,12.00995,2727.963144
2026-10-02T14:22:09Z,46.527716,12.009945,2728.019769
2026-10-02T14:22:10Z,46.527719,12.009938,2728.043293
2026-10-02T14:22:11Z,46.527722,12.009932,2728.040377
2026-10-02T14:22:12Z,46.527725,12.009926,2728.01956
2026-10-02T14:22:13Z,46.527728,12.009921,2727.990133
2026-10-02T14:22:14Z,46.527729,12.009918,2727.960236
2026-10-02T14:22:15Z,46.52773,12.009916,2727.935912
2026-10-02T14:22:16Z,46.52773,12.009915,2727.920141
2026-10-02T14:22:17Z,46.52773,12.009914,2727.913083
2026-10-02T14:22:18Z,46.52773,12.009914,2727.912709
2026-10-02T14:22:19Z,46.52773,12.009914,2727.915945
2026-10-02T14:22:20Z,46.52773,12.009914,2727.91982
2026-10-02T14:22:21Z,46.52773,12.009914,2727.921778
2026-10-02T14:22:22Z,46.52773,12.009913,2727.921192
2026-10-02T14:22:23Z,46.52773,12.009913,2727.919142
2026-10-02T14:22:24Z,46.527729,12.009912,2727.917093
2026-10-02T14:22:25Z,46.527729,12.00991,2727.917819
2026-10-02T14:22:26Z,46.527728,12.009908,2727.924913
2026-10-02T14:22:27Z,46.527727,12.009906,2727.941813
2026-10-02T14:22:28Z,46.527727,12.009904,2727.970858
2026-10-02T14:22:29Z,46.527727,12.009903,2728.014787
2026-10-02T14:22:30Z,46.527727,12.009901,2728.074294
2026-10-02T14:22:31Z,46.527727,12.0099,2728.148182
2026-10-02T14:22:32Z,46.527727,12.009899,2728.232947
2026-10-02T14:22:33Z,46.527728,12.009898,2728.323512
2026-10-02T14:22:34Z,46.527728,12.009898,2728.412711
2026-10-02T14:22:35Z,46.527728,12.009897,2728.492693
2026-10-02T14:22:36Z,46.527729,12.009897,2728.556467
2026-10-02T14:22:37Z,46.527729,12.009897,2728.599617
2026-10-02T14:22:38Z,46.527729,12.009897,2728.621311
2026-10-02T14:22:39Z,46.527728,12.009898,2728.624233
2026-10-02T14:22:40Z,46.527727,12.009899,2728.613668
2026-10-02T14:22:41Z,46.527727,12.009899,2728.595975
2026-10-02T14:22:42Z,46.527726,12.0099,2728.577352
2026-10-02T14:22:43Z,46.527726,12.0099,2728.561476
2026-10-02T14:22:44Z,46.527726,12.009901,2728.549978
2026-10-02T14:22:45Z,46.527726,12.009901,2728.54271
2026-10-02T14:22:46Z,46.527726,12.009901,2728.538314
2026-10-02T14:22:47Z,46.527726,12.009901,2728.534405
2026-10-02T14:22:48Z,46.527726,12.009901,2728.528224
2026-10-02T14:22:49Z,46.527726,12.009901,2728.517144
2026-10-02T14:22:50Z,46.527726,12.009901,2728.499193
2026-10-02T14:22:51Z,46.527726,12.009901,2728.473374
2026-10-02T14:22:52Z,46.527726,12.009901,2728.439887
2026-10-02T14:22:53Z,46.527726,12.009901,2728.400338
2026-10-02T14:22:54Z,46.527726,12.009902,2728.357068
2026-10-02T14:22:55Z,46.527726,12.009903,2728.311901
2026-10-02T14:22:56Z,46.527727,12.009904,2728.267272
2026-10-02T14:22:57Z,46.527727,12.009907,2728.225182
2026-10-02T14:22:58Z,46.527728,12.009909,2728.187344
2026-10-02T14:22:59Z,46.527728,12.009911,2728.155383
2026-10-02T14:23:00Z,46.527728,12.009913,2728.131493
2026-10-02T14:23:01Z,46.527728,12.009915,2728.117093
2026-10-02T14:23:02Z,46.527728,12.009916,2728.113482
2026-10-02T14:23:03Z,46.527728,12.009918,2728.121539
2026-10-02T14:23:04Z,46.527728,12.009919,2728.141123
2026-10-02T14:23:05Z,46.527729,12.00992,2728.170837
2026-10-02T14:23:06Z,46.527729,12.009921,2728.207395
2026-10-02T14:23:07Z,46.527729,12.009922,2728.246255
2026-10-02T14:23:08Z,46.527729,12.009924,2728.282452
2026-10-02T14:23:09Z,46.52773,12.009925,2728.311665
2026-10-02T14:23:10Z,46.52773,12.009925,2728.330644
2026-10-02T14:23:11Z,46.527729,12.009926,2728.337769
2026-10-02T14:23:12Z,46.527727,12.009928,2728.332883
2026-10-02T14:23:13Z,46.527725,12.009929,2728.317012
2026-10-02T14:23:14Z,46.527724,12.00993,2728.291494
2026-10-02T14:23:15Z,46.527722,12.009931,2728.258102
2026-10-02T14:23:16Z,46.527722,12.00993,2728.218928
2026-10-02T14:23:17Z,46.527723,12.009927,2728.176146
2026-10-02T14:23:18Z,46.527724,12.009924,2728.131092
2026-10-02T14:23:19Z,46.527725,12.00992,2728.08512
2026-10-02T14:23:20Z,46.527725,12.009918,2728.039126
2026-10-02T14:23:21Z,46.527724,12.009917,2727.993702
2026-10-02T14:23:22Z,46.527723,12.009918,2727.949708
2026-10-02T14:23:23Z,46.52772,12.009921,2727.908502
2026-10-02T14:23:24Z,46.527717,12.009926,2727.871991
2026-10-02T14:23:25Z,46.527713,12.009934,2727.842491
2026-10-02T14:23:26Z,46.527709,12.009943,2727.822465
2026-10-02T14:23:27Z,46.527704,12.009953,2727.813541
2026-10-02T14:23:28Z,46.527699,12.009965,2727.816496
2026-10-02T14:23:29Z,46.527693,12.009977,2727.830751
2026-10-02T14:23:30Z,46.527687,12.009989,2727.854455
2026-10-02T14:23:31Z,46.527682,12.01,2727.884856
2026-10-02T14:23:32Z,46.527676,12.010011,2727.918931
2026-10-02T14:23:33Z,46.52767,12.010021,2727.953623
2026-10-02T14:23:34Z,46.527665,12.01003,2727.986225
2026-10-02T14:23:35Z,46.52766,12.010037,2728.014664
2026-10-02T14:23:36Z,46.527656,12.010041,2728.037384
2026-10-02T14:23:37Z,46.527654,12.010042,2728.054416
2026-10-02T14:23:38Z,46.527653,12.010041,2728.066807
2026-10-02T14:23:39Z,46.527653,12.010038,2728.076252
2026-10-02T14:23:40Z,46.527653,12.010035,2728.085129
2026-10-02T14:23:41Z,46.527652,12.010034,2728.096272
2026-10-02T14:23:42Z,46.527652,12.010033,2728.112009
2026-10-02T14:23:43Z,46.527651,12.010032,2728.134157
2026-10-02T14:23:44Z,46.52765,12.010032,2728.164416
2026-10-02T14:23:45Z,46.527649,12.010031,2728.203547
2026-10-02T14:23:46Z,46.527648,12.010031,2728.251273
2026-10-02T14:23:47Z,46.527647,12.010031,2728.305972
2026-10-02T14:23:48Z,46.527646,12.01003,2728.364874
2026-10-02T14:23:49Z,46.527646,12.010031,2728.424354
2026-10-02T14:23:50Z,46.527646,12.010032,2728.480708
2026-10-02T14:23:51Z,46.527646,12.010034,2728.530823
2026-10-02T14:23:52Z,46.527646,12.010038,2728.572844
2026-10-02T14:23:53Z,46.527645,12.010046,2728.60626
2026-10-02T14:23:54Z,46.527642,12.010056,2728.631737
2026-10-02T14:23:55Z,46.52764,12.010067,2728.650829
2026-10-02T14:23:56Z,46.527636,12.010077,2728.665531
2026-10-02T14:23:57Z,46.527632,12.010086,2728.677949
2026-10-02T14:23:58Z,46.527628,12.010093,2728.689019
2026-10-02T14:23:59Z,46.527625,12.010099,2728.698865
2026-10-02T14:24:00Z,46.527622,12.010102,2728.707388
2026-10-02T14:24:01Z,46.527619,12.010105,2728.714466
2026-10-02T14:24:02Z,46.527616,12.010107,2728.719444
2026-10-02T14:24:03Z,46.527614,12.010109,2728.722182
2026-10-02T14:24:04Z,46.527613,12.010109,2728.723037
2026-10-02T14:24:05Z,46.527612,12.010109,2728.722413
2026-10-02T14:24:06Z,46.527613,12.010109,2728.720006
2026-10-02T14:24:07Z,46.527613,12.010109,2728.716122
2026-10-02T14:24:08Z,46.527613,12.01011,2728.71211
2026-10-02T14:24:09Z,46.527614,12.01011,2728.709094
2026-10-02T14:24:10Z,46.527614,12.01011,2728.706898
2026-10-02T14:24:11Z,46.527614,12.01011,2728.704569
2026-10-02T14:24:12Z,46.527614,12.01011,2728.699916
2026-10-02T14:24:13Z,46.527614,12.010109,2728.690292
2026-10-02T14:24:14Z,46.527613,12.010109,2728.673814
2026-10-02T14:24:15Z,46.527612,12.010108,2728.650971
2026-10-02T14:24:16Z,46.527611,12.010107,2728.624086
2026-10-02T14:24:17Z,46.527611,12.010106,2728.596871
2026-10-02T14:24:18Z,46.527611,12.010105,2728.572845
2026-10-02T14:24:19Z,46.52761,12.010103,2728.554513
2026-10-02T14:24:20Z,46.52761,12.010101,2728.542796
2026-10-02T14:24:21Z,46.52761,12.0101,2728.537231
2026-10-02T14:24:22Z,46.527609,12.010099,2728.536174
2026-10-02T14:24:23Z,46.527609,12.010098,2728.537334
2026-10-02T14:24:24Z,46.527608,12.010097,2728.538252
2026-10-02T14:24:25Z,46.527607,12.010096,2728.536908
2026-10-02T14:24:26Z,46.527607,12.010095,2728.532143
2026-10-02T14:24:27Z,46.527607,12.010095,2728.52364
2026-10-02T14:24:28Z,46.527607,12.010095,2728.511746
2026-10-02T14:24:29Z,46.527608,12.010095,2728.497312
2026-10-02T14:24:30Z,46.527608,12.010096,2728.481179
2026-10-02T14:24:31Z,46.527608,12.010096,2728.464103
2026-10-02T14:24:32Z,46.527609,12.010096,2728.446757
2026-10-02T14:24:33Z,46.527609,12.010096,2728.429784
2026-10-02T14:24:34Z,46.527609,12.010096,2728.413812
2026-10-02T14:24:35Z,46.527609,12.010096,2728.399488
2026-10-02T14:24:36Z,46.527609,12.010097,2728.387416
2026-10-02T14:24:37Z,46.527609,12.010097,2728.378116
2026-10-02T14:24:38Z,46.527609,12.010097,2728.371889
2026-10-02T14:24:39Z,46.527609,12.010097,2728.369039
2026-10-02T14:24:40Z,46.527609,12.010096,2728.369639
2026-10-02T14:24:41Z,46.527609,12.010095,2728.373485
2026-10-02T14:24:42Z,46.527608,12.010095,2728.380333
2026-10-02T14:24:43Z,46.527608,12.010094,2728.389984
2026-10-02T14:24:44Z,46.527608,12.010094,2728.402313
2026-10-02T14:24:45Z,46.527607,12.010094,2728.417384
2026-10-02T14:24:46Z,46.527607,12.010094,2728.435598
2026-10-02T14:24:47Z,46.527606,12.010094,2728.456887
2026-10-02T14:24:48Z,46.527606,12.010094,2728.481072
2026-10-02T14:24:49Z,46.527605,12.010094,2728.507593
2026-10-02T14:24:50Z,46.527605,12.010094,2728.535427
2026-10-02T14:24:51Z,46.527605,12.010094,2728.563194
2026-10-02T14:24:52Z,46.527605,12.010095,2728.589047
2026-10-02T14:24:53Z,46.527604,12.010095,2728.610882
2026-10-02T14:24:54Z,46.527604,12.010097,2728.626797
2026-10-02T14:24:55Z,46.527603,12.010098,2728.635723
2026-10-02T14:24:56Z,46.527603,12.010098,2728.637659
2026-10-02T14:24:57Z,46.527603,12.010098,2728.632806
2026-10-02T14:24:58Z,46.527603,12.010096,2728.621948
2026-10-02T14:24:59Z,46.527604,12.010095,2728.60635
2026-10-02T14:25:00Z,46.527604,12.010094,2728.586595
2026-10-02T14:25:01Z,46.527604,12.010093,2728.56272
2026-10-02T14:25:02Z,46.527605,12.010093,2728.534918
2026-10-02T14:25:03Z,46.527606,12.010094,2728.503039
2026-10-02T14:25:04Z,46.527608,12.010094,2728.465537
2026-10-02T14:25:05Z,46.52761,12.010095,2728.421364
2026-10-02T14:25:06Z,46.527613,12.010097,2728.369827
2026-10-02T14:25:07Z,46.527617,12.010098,2728.311543
2026-10-02T14:25:08Z,46.527619,12.0101,2728.248835
2026-10-02T14:25:09Z,46.527621,12.0101,2728.186162
2026-10-02T14:25:10Z,46.527622,12.010099,2728.128455
2026-10-02T14:25:11Z,46.527622,12.010099,2728.080643
2026-10-02T14:25:12Z,46.527622,12.010098,2728.046303
2026-10-02T14:25:13Z,46.527622,12.010098,2728.026666
2026-10-02T14:25:14Z,46.527622,12.010098,2728.02083
2026-10-02T14:25:15Z,46.527623,12.010098,2728.025356
2026-10-02T14:25:16Z,46.527624,12.010096,2728.035162
2026-10-02T14:25:17Z,46.527626,12.010094,2728.044519
2026-10-02T14:25:18Z,46.527628,12.01009,2728.048439
2026-10-02T14:25:19Z,46.527633,12.010085,2728.042506
2026-10-02T14:25:20Z,46.527638,12.01008,2728.024561
2026-10-02T14:25:21Z,46.527643,12.010074,2727.994796
2026-10-02T14:25:22Z,46.527649,12.010067,2727.954956
2026-10-02T14:25:23Z,46.527655,12.01006,2727.908043
2026-10-02T14:25:24Z,46.527659,12.010053,2727.858351
2026-10-02T14:25:25Z,46.527661,12.010045,2727.811049
2026-10-02T14:25:26Z,46.527662,12.010038,2727.77143
2026-10-02T14:25:27Z,46.527663,12.010033,2727.74426
2026-10-02T14:25:28Z,46.527663,12.010031,2727.733076
2026-10-02T14:25:29Z,46.527663,12.01003,2727.739532
2026-10-02T14:25:30Z,46.527663,12.01003,2727.762943
2026-10-02T14:25:31Z,46.527663,12.01003,2727.800317
2026-10-02T14:25:32Z,46.527663,12.01003,2727.847877
2026-10-02T14:25:33Z,46.527662,12.01003,2727.901414
2026-10-02T14:25:34Z,46.527662,12.01003,2727.956959
2026-10-02T14:25:35Z,46.527662,12.01003,2728.011133
2026-10-02T14:25:36Z,46.527662,12.01003,2728.061737
2026-10-02T14:25:37Z,46.527662,12.01003,2728.107333
2026-10-02T14:25:38Z,46.527663,12.010028,2728.146449
2026-10-02T14:25:39Z,46.527665,12.010024,2728.177366
2026-10-02T14:25:40Z,46.527669,12.010016,2728.198618
2026-10-02T14:25:41Z,46.527674,12.010005,2728.209595
2026-10-02T14:25:42Z,46.52768,12.009991,2728.21005
2026-10-02T14:25:43Z,46.527686,12.009977,2728.200397
2026-10-02T14:25:44Z,46.527693,12.009963,2728.182261
2026-10-02T14:25:45Z,46.527699,12.009949,2728.157232
2026-10-02T14:25:46Z,46.527706,12.009934,2728.12665
2026-10-02T14:25:47Z,46.527712,12.009919,2728.092224
2026-10-02T14:25:48Z,46.527719,12.009904,2728.056706
2026-10-02T14:25:49Z,46.527725,12.009888,2728.023877
2026-10-02T14:25:50Z,46.52773,12.009874,2727.998261
2026-10-02T14:25:51Z,46.527734,12.00986,2727.983164
2026-10-02T14:25:52Z,46.527738,12.009846,2727.980017
2026-10-02T14:25:53Z,46.527742,12.009832,2727.988103
2026-10-02T14:25:54Z,46.527746,12.009818,2728.005196
2026-10-02T14:25:55Z,46.527751,12.009804,2728.027362
2026-10-02T14:25:56Z,46.527756,12.009791,2728.050611
2026-10-02T14:25:57Z,46.52776,12.009777,2728.072085
2026-10-02T14:25:58Z,46.527763,12.009764,2728.089164
2026-10-02T14:25:59Z,46.527765,12.009751,2728.101046
2026-10-02T14:26:00Z,46.527765,12.009739,2728.108953
2026-10-02T14:26:01Z,46.527763,12.009729,2728.1166
2026-10-02T14:26:02Z,46.527759,12.009722,2728.129714
2026-10-02T14:26:03Z,46.527755,12.009718,2728.154484
2026-10-02T14:26:04Z,46.527749,12.009716,2728.197497
2026-10-02T14:26:05Z,46.527743,12.009714,2728.264293
2026-10-02T14:26:06Z,46.527737,12.009713,2728.358132
2026-10-02T14:26:07Z,46.527731,12.009716,2728.480171
2026-10-02T14:26:08Z,46.527724,12.00972,2728.630775
2026-10-02T14:26:09Z,46.527717,12.009725,2728.807904
2026-10-02T14:26:10Z,46.527709,12.009732,2729.007438
2026-10-02T14:26:11Z,46.527701,12.009738,2729.224372
2026-10-02T14:26:12Z,46.527694,12.009744,2729.455242
2026-10-02T14:26:13Z,46.527686,12.009751,2729.695337
2026-10-02T14:26:14Z,46.527678,12.009758,2729.938911
2026-10-02T14:26:15Z,46.527671,12.009763,2730.180739
2026-10-02T14:26:16Z,46.527665,12.009767,2730.416508
2026-10-02T14:26:17Z,46.527659,12.009769,2730.64148
2026-10-02T14:26:18Z,46.527654,12.009771,2730.854232
2026-10-02T14:26:19Z,46.52765,12.009772,2731.057973
2026-10-02T14:26:20Z,46.527646,12.009773,2731.257321
2026-10-02T14:26:21Z,46.527642,12.009775,2731.457624
2026-10-02T14:26:22Z,46.527637,12.009778,2731.661293
2026-10-02T14:26:23Z,46.527632,12.009781,2731.867029
2026-10-02T14:26:24Z,46.527625,12.009784,2732.06838
2026-10-02T14:26:25Z,46.527616,12.009789,2732.257089
2026-10-02T14:26:26Z,46.527606,12.009794,2732.424584
2026-10-02T14:26:27Z,46.527598,12.009798,2732.565082
2026-10-02T14:26:28Z,46.527592,12.009803,2732.675775
2026-10-02T14:26:29Z,46.527587,12.009807,2732.75926
2026-10-02T14:26:30Z,46.527583,12.009811,2732.821708
2026-10-02T14:26:31Z,46.527579,12.009814,2732.87146
2026-10-02T14:26:32Z,46.527576,12.009816,2732.916672
2026-10-02T14:26:33Z,46.527574,12.009817,2732.963923
2026-10-02T14:26:34Z,46.527574,12.009817,2733.016311
2026-10-02T14:26:35Z,46.527574,12.009817,2733.074465
2026-10-02T14:26:36Z,46.527575,12.009816,2733.137331
2026-10-02T14:26:37Z,46.527575,12.009817,2733.203707
2026-10-02T14:26:38Z,46.527574,12.009818,2733.271311
2026-10-02T14:26:39Z,46.527574,12.009819,2733.339681
2026-10-02T14:26:40Z,46.527574,12.009821,2733.408334
2026-10-02T14:26:41Z,46.527573,12.009822,2733.476212
2026-10-02T14:26:42Z,46.527572,12.009825,2733.540753
2026-10-02T14:26:43Z,46.527571,12.009828,2733.600627
2026-10-02T14:26:44Z,46.52757,12.00983,2733.652389
2026-10-02T14:26:45Z,46.52757,12.009831,2733.690998
2026-10-02T14:26:46Z,46.52757,12.009832,2733.711595
2026-10-02T14:26:47Z,46.52757,12.009833,2733.711409
2026-10-02T14:26:48Z,46.52757,12.009834,2733.690027
2026-10-02T14:26:49Z,46.527569,12.009835,2733.65086
2026-10-02T14:26:50Z,46.527568,12.009836,2733.60115
2026-10-02T14:26:51Z,46.527568,12.009837,2733.550461
2026-10-02T14:26:52Z,46.527567,12.009837,2733.506938
2026-10-02T14:26:53Z,46.527567,12.009837,2733.476222
2026-10-02T14:26:54Z,46.527567,12.009836,2733.460854
2026-10-02T14:26:55Z,46.527568,12.009835,2733.460771
2026-10-02T14:26:56Z,46.527569,12.009834,2733.473159
2026-10-02T14:26:57Z,46.52757,12.009833,2733.495633
2026-10-02T14:26:58Z,46.52757,12.009832,2733.526354
2026-10-02T14:26:59Z,46.52757,12.009833,2733.563775
2026-10-02T14:27:00Z,46.52757,12.009833,2733.606101
2026-10-02T14:27:01Z,46.527571,12.009833,2733.652399
2026-10-02T14:27:02Z,46.527571,12.009834,2733.700186
2026-10-02T14:27:03Z,46.527572,12.009834,2733.745465
2026-10-02T14:27:04Z,46.527574,12.009834,2733.784346
2026-10-02T14:27:05Z,46.527575,12.009835,2733.814042
2026-10-02T14:27:06Z,46.527577,12.009835,2733.833049
2026-10-02T14:27:07Z,46.527578,12.009834,2733.842565
2026-10-02T14:27:08Z,46.527578,12.009834,2733.846884
2026-10-02T14:27:09Z,46.527578,12.009833,2733.851498
2026-10-02T14:27:10Z,46.527578,12.009832,2733.861493
2026-10-02T14:27:11Z,46.527577,12.009831,2733.880411
2026-10-02T14:27:12Z,46.527577,12.009829,2733.90939
2026-10-02T14:27:13Z,46.527577,12.009827,2733.946911
2026-10-02T14:27:14Z,46.527577,12.009824,2733.988665
2026-10-02T14:27:15Z,46.527577,12.009822,2734.029943
2026-10-02T14:27:16Z,46.527577,12.009819,2734.066884
2026-10-02T14:27:17Z,46.527578,12.009816,2734.096912
2026-10-02T14:27:18Z,46.527579,12.009812,2734.119246
2026-10-02T14:27:19Z,46.52758,12.009808,2734.134207
2026-10-02T14:27:20Z,46.527582,12.009804,2734.142343
2026-10-02T14:27:21Z,46.527585,12.0098,2734.143371
2026-10-02T14:27:22Z,46.527588,12.009796,2734.135757
2026-10-02T14:27:23Z,46.527592,12.009793,2734.117266
2026-10-02T14:27:24Z,46.527596,12.009791,2734.086563
2026-10-02T14:27:25Z,46.5276,12.009789,2734.043045
2026-10-02T14:27:26Z,46.527604,12.009789,2733.986561
2026-10-02T14:27:27Z,46.527606,12.009789,2733.919423
2026-10-02T14:27:28Z,46.527608,12.009789,2733.845022
2026-10-02T14:27:29Z,46.52761,12.00979,2733.767256
2026-10-02T14:27:30Z,46.527612,12.00979,2733.690472
2026-10-02T14:27:31Z,46.527613,12.009791,2733.62015
2026-10-02T14:27:32Z,46.527615,12.009791,2733.560956
2026-10-02T14:27:33Z,46.527616,12.009792,2733.516881
2026-10-02T14:27:34Z,46.527617,12.009792,2733.490252
2026-10-02T14:27:35Z,46.527617,12.009793,2733.481144
2026-10-02T14:27:36Z,46.527618,12.009793,2733.487713
2026-10-02T14:27:37Z,46.527619,12.009793,2733.504078
2026-10-02T14:27:38Z,46.52762,12.009792,2733.522661
2026-10-02T14:27:39Z,46.527621,12.009792,2733.535987
2026-10-02T14:27:40Z,46.527622,12.009791,2733.538162
2026-10-02T14:27:41Z,46.527624,12.00979,2733.524497
2026-10-02T14:27:42Z,46.527627,12.009788,2733.49242
2026-10-02T14:27:43Z,46.52763,12.009785,2733.440943
2026-10-02T14:27:44Z,46.527635,12.009782,2733.370201
2026-10-02T14:27:45Z,46.52764,12.009779,2733.280558
2026-10-02T14:27:46Z,46.527647,12.009775,2733.174316
2026-10-02T14:27:47Z,46.527655,12.009771,2733.055382
2026-10-02T14:27:48Z,46.527665,12.009765,2732.928109
2026-10-02T14:27:49Z,46.527675,12.009758,2732.796861
2026-10-02T14:27:50Z,46.527685,12.00975,2732.663083
2026-10-02T14:27:51Z,46.527695,12.009742,2732.5258
2026-10-02T14:27:52Z,46.527705,12.009733,2732.381839
2026-10-02T14:27:53Z,46.527714,12.009723,2732.22688
2026-10-02T14:27:54Z,46.527722,12.009713,2732.055243
2026-10-02T14:27:55Z,46.52773,12.009702,2731.86368
2026-10-02T14:27:56Z,46.527736,12.009689,2731.6507
2026-10-02T14:27:57Z,46.527741,12.009672,2731.416527
2026-10-02T14:27:58Z,46.527743,12.009653,2731.166311
2026-10-02T14:27:59Z,46.527742,12.009634,2730.90818
2026-10-02T14:28:00Z,46.52774,12.009617,2730.65268
2026-10-02T14:28:01Z,46.527738,12.0096,2730.411773
2026-10-02T14:28:02Z,46.527735,12.009585,2730.197871
2026-10-02T14:28:03Z,46.527732,12.009569,2730.021004
2026-10-02T14:28:04Z,46.527729,12.009555,2729.888081
2026-10-02T14:28:05Z,46.527727,12.009543,2729.802177
2026-10-02T14:28:06Z,46.527725,12.009534,2729.762651
2026-10-02T14:28:07Z,46.527723,12.009524,2729.763785
2026-10-02T14:28:08Z,46.527721,12.009513,2729.79812
2026-10-02T14:28:09Z,46.527719,12.009501,2729.857765
2026-10-02T14:28:10Z,46.527718,12.009491,2729.936224
2026-10-02T14:28:11Z,46.527717,12.00948,2730.02781
2026-10-02T14:28:12Z,46.527717,12.00947,2730.130678
2026-10-02T14:28:13Z,46.527717,12.009461,2730.24411
2026-10-02T14:28:14Z,46.527716,12.009453,2730.367576
2026-10-02T14:28:15Z,46.527716,12.009447,2730.49907
2026-10-02T14:28:16Z,46.527716,12.009443,2730.635864
2026-10-02T14:28:17Z,46.527716,12.009439,2730.772307
2026-10-02T14:28:18Z,46.527716,12.009437,2730.900254
2026-10-02T14:28:19Z,46.527716,12.009434,2731.011062
2026-10-02T14:28:20Z,46.527716,12.009432,2731.098139
2026-10-02T14:28:21Z,46.527717,12.009429,2731.159345
2026-10-02T14:28:22Z,46.527717,12.009425,2731.197048
2026-10-02T14:28:23Z,46.527717,12.009421,2731.217334
2026-10-02T14:28:24Z,46.527718,12.009415,2731.22797
2026-10-02T14:28:25Z,46.527719,12.009406,2731.236509
2026-10-02T14:28:26Z,46.527719,12.009397,2731.247394
2026-10-02T14:28:27Z,46.52772,12.009389,2731.262498
2026-10-02T14:28:28Z,46.527721,12.009382,2731.281781
2026-10-02T14:28:29Z,46.527721,12.009378,2731.303813
2026-10-02T14:28:30Z,46.527722,12.009376,2731.325855
2026-10-02T14:28:31Z,46.527722,12.009375,2731.344344
2026-10-02T14:28:32Z,46.527722,12.009375,2731.355589
2026-10-02T14:28:33Z,46.527723,12.009377,2731.356104
2026-10-02T14:28:34Z,46.527723,12.00938,2731.344945
2026-10-02T14:28:35Z,46.527723,12.009382,2731.322521
2026-10-02T14:28:36Z,46.527724,12.009384,2731.291449
2026-10-02T14:28:37Z,46.527724,12.009382,2731.256638
2026-10-02T14:28:38Z,46.527723,12.009377,2731.224377
2026-10-02T14:28:39Z,46.527723,12.009369,2731.20008
2026-10-02T14:28:40Z,46.527723,12.009362,2731.188964
2026-10-02T14:28:41Z,46.527725,12.009356,2731.195744
2026-10-02T14:28:42Z,46.527726,12.009348,2731.224227
2026-10-02T14:28:43Z,46.527728,12.009338,2731.275673
2026-10-02T14:28:44Z,46.527729,12.009326,2731.350285
2026-10-02T14:28:45Z,46.52773,12.009315,2731.446721
2026-10-02T14:28:46Z,46.52773,12.009304,2731.562393
2026-10-02T14:28:47Z,46.527731,12.009294,2731.691878
2026-10-02T14:28:48Z,46.527732,12.009285,2731.830959
2026-10-02T14:28:49Z,46.527734,12.009277,2731.976731
2026-10-02T14:28:50Z,46.527736,12.009267,2732.127237
2026-10-02T14:28:51Z,46.527738,12.009258,2732.280503
2026-10-02T14:28:52Z,46.527739,12.00925,2732.434491
2026-10-02T14:28:53Z,46.527739,12.009241,2732.585507
2026-10-02T14:28:54Z,46.527739,12.009232,2732.727518
2026-10-02T14:28:55Z,46.527739,12.009226,2732.85317
2026-10-02T14:28:56Z,46.527738,12.009223,2732.956235
2026-10-02T14:28:57Z,46.527738,12.009224,2733.034392
2026-10-02T14:28:58Z,46.527737,12.009226,2733.088475
2026-10-02T14:28:59Z,46.527737,12.009228,2733.121689
2026-10-02T14:29:00Z,46.527737,12.00923,2733.138808
2026-10-02T14:29:01Z,46.527736,12.009231,2733.144918
2026-10-02T14:29:02Z,46.527736,12.009233,2733.143997
2026-10-02T14:29:03Z,46.527735,12.009234,2733.139297
2026-10-02T14:29:04Z,46.527735,12.009234,2733.134032
2026-10-02T14:29:05Z,46.527734,12.009235,2733.131016
2026-10-02T14:29:06Z,46.527734,12.009235,2733.131939
2026-10-02T14:29:07Z,46.527733,12.009236,2733.137239
2026-10-02T14:29:08Z,46.527733,12.009237,2733.146288
2026-10-02T14:29:09Z,46.527733,12.009238,2733.15751
2026-10-02T14:29:10Z,46.527733,12.009239,2733.169118
2026-10-02T14:29:11Z,46.527733,12.009241,2733.179902
2026-10-02T14:29:12Z,46.527733,12.009243,2733.189538
2026-10-02T14:29:13Z,46.527733,12.009244,2733.198232
2026-10-02T14:29:14Z,46.527733,12.009246,2733.20717
2026-10-02T14:29:15Z,46.527733,12.009247,2733.217388
2026-10-02T14:29:16Z,46.527732,12.009247,2733.229362
2026-10-02T14:29:17Z,46.527732,12.009247,2733.24247
2026-10-02T14:29:18Z,46.527732,12.009247,2733.255117
2026-10-02T14:29:19Z,46.527732,12.009247,2733.264667
2026-10-02T14:29:20Z,46.527732,12.009248,2733.268392
2026-10-02T14:29:21Z,46.527732,12.009248,2733.264044
2026-10-02T14:29:22Z,46.527732,12.009248,2733.250316
2026-10-02T14:29:23Z,46.527732,12.009248,2733.227413
2026-10-02T14:29:24Z,46.527732,12.009248,2733.197001
2026-10-02T14:29:25Z,46.527732,12.009248,2733.161687
2026-10-02T14:29:26Z,46.527732,12.009248,2733.124346
2026-10-02T14:29:27Z,46.527733,12.009248,2733.088041
2026-10-02T14:29:28Z,46.527733,12.009248,2733.054539
2026-10-02T14:29:29Z,46.527733,12.009248,2733.024414
2026-10-02T14:29:30Z,46.527733,12.009249,2732.99706
2026-10-02T14:29:31Z,46.527734,12.009249,2732.971281
2026-10-02T14:29:32Z,46.527734,12.00925,2732.944823
2026-10-02T14:29:33Z,46.527735,12.009251,2732.915648
2026-10-02T14:29:34Z,46.527736,12.00925,2732.88221
2026-10-02T14:29:35Z,46.527737,12.009249,2732.843847
2026-10-02T14:29:36Z,46.527737,12.009247,2732.801321
2026-10-02T14:29:37Z,46.527737,12.009242,2732.756722
2026-10-02T14:29:38Z,46.527736,12.009234,2732.713554
2026-10-02T14:29:39Z,46.527735,12.009224,2732.676052
2026-10-02T14:29:40Z,46.527735,12.009214,2732.648209
2026-10-02T14:29:41Z,46.527735,12.009202,2732.63278
2026-10-02T14:29:42Z,46.527736,12.009191,2732.63126
2026-10-02T14:29:43Z,46.527737,12.009179,2732.643818
2026-10-02T14:29:44Z,46.527738,12.009169,2732.669562
2026-10-02T14:29:45Z,46.527739,12.009159,2732.70693
2026-10-02T14:29:46Z,46.52774,12.009149,2732.75408
2026-10-02T14:29:47Z,46.527742,12.009139,2732.808998
2026-10-02T14:29:48Z,46.527743,12.009129,2732.869572
2026-10-02T14:29:49Z,46.527743,12.00912,2732.933742
2026-10-02T14:29:50Z,46.527744,12.009111,2732.999807
2026-10-02T14:29:51Z,46.527744,12.009101,2733.066689
2026-10-02T14:29:52Z,46.527744,12.009091,2733.133851
2026-10-02T14:29:53Z,46.527744,12.009082,2733.201087
2026-10-02T14:29:54Z,46.527744,12.009072,2733.268446
2026-10-02T14:29:55Z,46.527744,12.009064,2733.335875
2026-10-02T14:29:56Z,46.527745,12.009056,2733.403569
2026-10-02T14:29:57Z,46.527746,12.009049,2733.472128
2026-10-02T14:29:58Z,46.527747,12.009041,2733.542514
2026-10-02T14:29:59Z,46.527748,12.009034,2733.615332
2026-10-02T14:30:00Z,46.527749,12.009027,2733.691363
2026-10-02T14:30:01Z,46.52775,12.009019,2733.771376
2026-10-02T14:30:02Z,46.52775,12.009012,2733.855719
2026-10-02T14:30:03Z,46.52775,12.009004,2733.944474
2026-10-02T14:30:04Z,46.527752,12.008996,2734.037422
2026-10-02T14:30:05Z,46.527754,12.00899,2734.133641
2026-10-02T14:30:06Z,46.527756,12.008984,2734.23125
2026-10-02T14:30:07Z,46.527758,12.008977,2734.32798
2026-10-02T14:30:08Z,46.527761,12.00897,2734.421602
2026-10-02T14:30:09Z,46.527763,12.008962,2734.510677
2026-10-02T14:30:10Z,46.527765,12.008954,2734.594806
2026-10-02T14:30:11Z,46.527767,12.008946,2734.674584
2026-10-02T14:30:12Z,46.527769,12.008938,2734.751576
2026-10-02T14:30:13Z,46.527771,12.00893,2734.82782
2026-10-02T14:30:14Z,46.527774,12.008921,2734.905275
2026-10-02T14:30:15Z,46.527777,12.008911,2734.985456
2026-10-02T14:30:16Z,46.527781,12.008902,2735.069661
2026-10-02T14:30:17Z,46.527784,12.008892,2735.157886
2026-10-02T14:30:18Z,46.527788,12.008884,2735.249551
2026-10-02T14:30:19Z,46.52779,12.008877,2735.343608
2026-10-02T14:30:20Z,46.527791,12.008874,2735.438088
2026-10-02T14:30:21Z,46.527792,12.008873,2735.530354
2026-10-02T14:30:22Z,46.527792,12.008873,2735.617961
2026-10-02T14:30:23Z,46.527792,12.008873,2735.698533
2026-10-02T14:30:24Z,46.527792,12.008872,2735.76979
2026-10-02T14:30:25Z,46.527792,12.008868,2735.830493
2026-10-02T14:30:26Z,46.527794,12.008863,2735.880701
2026-10-02T14:30:27Z,46.527796,12.008856,2735.921401
2026-10-02T14:30:28Z,46.527797,12.00885,2735.954352
2026-10-02T14:30:29Z,46.527797,12.008847,2735.982285
2026-10-02T14:30:30Z,46.527797,12.008846,2736.008401
2026-10-02T14:30:31Z,46.527796,12.008846,2736.035009
2026-10-02T14:30:32Z,46.527796,12.008846,2736.063265
2026-10-02T14:30:33Z,46.527796,12.008843,2736.093429
2026-10-02T14:30:34Z,46.527798,12.008836,2736.124328
2026-10-02T14:30:35Z,46.527801,12.008828,2736.154319
2026-10-02T14:30:36Z,46.527805,12.008817,2736.182161
2026-10-02T14:30:37Z,46.527809,12.008807,2736.207845
2026-10-02T14:30:38Z,46.527814,12.008797,2736.23291
2026-10-02T14:30:39Z,46.527817,12.008787,2736.259916
2026-10-02T14:30:40Z,46.527821,12.008778,2736.291952
2026-10-02T14:30:41Z,46.527825,12.008769,2736.331991
2026-10-02T14:30:42Z,46.527829,12.008761,2736.38216
2026-10-02T14:30:43Z,46.527831,12.008754,2736.442887
2026-10-02T14:30:44Z,46.527833,12.008748,2736.513722
2026-10-02T14:30:45Z,46.527834,12.008744,2736.593298
2026-10-02T14:30:46Z,46.527834,12.008742,2736.679369
2026-10-02T14:30:47Z,46.527835,12.008741,2736.769533
2026-10-02T14:30:48Z,46.527835,12.008741,2736.860906
2026-10-02T14:30:49Z,46.527835,12.008742,2736.950183
2026-10-02T14:30:50Z,46.527834,12.008745,2737.033704
2026-10-02T14:30:51Z,46.527834,12.008747,2737.107936
2026-10-02T14:30:52Z,46.527834,12.008749,2737.169597
2026-10-02T14:30:53Z,46.527835,12.008748,2737.216951
2026-10-02T14:30:54Z,46.527836,12.008745,2737.249712
2026-10-02T14:30:55Z,46.527838,12.008738,2737.268967
2026-10-02T14:30:56Z,46.527841,12.008728,2737.277629
2026-10-02T14:30:57Z,46.527843,12.008716,2737.279777
2026-10-02T14:30:58Z,46.527845,12.008705,2737.279763
2026-10-02T14:30:59Z,46.527845,12.008694,2737.281728
2026-10-02T14:31:00Z,46.527845,12.008683,2737.288978
2026-10-02T14:31:01Z,46.527844,12.008673,2737.3048
2026-10-02T14:31:02Z,46.527842,12.008664,2737.331277
2026-10-02T14:31:03Z,46.527838,12.008658,2737.369298
2026-10-02T14:31:04Z,46.527834,12.008655,2737.418858
2026-10-02T14:31:05Z,46.527829,12.008655,2737.47943
2026-10-02T14:31:06Z,46.527822,12.008657,2737.549602
2026-10-02T14:31:07Z,46.527814,12.00866,2737.628168
2026-10-02T14:31:08Z,46.527806,12.008665,2737.714682
2026-10-02T14:31:09Z,46.527797,12.00867,2737.809141
2026-10-02T14:31:10Z,46.527789,12.008678,2737.911572
2026-10-02T14:31:11Z,46.527781,12.008687,2738.020788
2026-10-02T14:31:12Z,46.527773,12.008698,2738.134473
2026-10-02T14:31:13Z,46.527766,12.008709,2738.249496
2026-10-02T14:31:14Z,46.527758,12.008722,2738.362778
2026-10-02T14:31:15Z,46.52775,12.008735,2738.47154
2026-10-02T14:31:16Z,46.527743,12.00875,2738.573747
2026-10-02T14:31:17Z,46.527735,12.008765,2738.668149
2026-10-02T14:31:18Z,46.527728,12.008778,2738.754333
2026-10-02T14:31:19Z,46.527721,12.008792,2738.832272
2026-10-02T14:31:20Z,46.527715,12.008805,2738.902584
2026-10-02T14:31:21Z,46.527709,12.008816,2738.96658
2026-10-02T14:31:22Z,46.527703,12.008827,2739.026009
2026-10-02T14:31:23Z,46.527697,12.008838,2739.081984
2026-10-02T14:31:24Z,46.527692,12.008849,2739.135728
2026-10-02T14:31:25Z,46.527687,12.008859,2739.188264
2026-10-02T14:31:26Z,46.527682,12.008871,2739.24058
2026-10-02T14:31:27Z,46.527678,12.008884,2739.293403
2026-10-02T14:31:28Z,46.527675,12.008896,2739.348067
2026-10-02T14:31:29Z,46.527672,12.008908,2739.405893
2026-10-02T14:31:30Z,46.527669,12.008922,2739.468016
2026-10-02T14:31:31Z,46.527665,12.008935,2739.535157
2026-10-02T14:31:32Z,46.527662,12.008947,2739.607553
2026-10-02T14:31:33Z,46.527658,12.008959,2739.68428
2026-10-02T14:31:34Z,46.527653,12.008973,2739.763063
2026-10-02T14:31:35Z,46.527649,12.008989,2739.840784
2026-10-02T14:31:36Z,46.527644,12.009006,2739.914401
2026-10-02T14:31:37Z,46.527641,12.009022,2739.981677
2026-10-02T14:31:38Z,46.527638,12.009036,2740.041652
2026-10-02T14:31:39Z,46.527635,12.009049,2740.094637
2026-10-02T14:31:40Z,46.527632,12.00906,2740.141377
2026-10-02T14:31:41Z,46.527628,12.009069,2740.182746
2026-10-02T14:31:42Z,46.527624,12.009078,2740.219559
2026-10-02T14:31:43Z,46.527619,12.009085,2740.252394
2026-10-02T14:31:44Z,46.527614,12.009092,2740.28174
2026-10-02T14:31:45Z,46.527609,12.009098,2740.306504
2026-10-02T14:31:46Z,46.527605,12.009103,2740.324977
2026-10-02T14:31:47Z,46.5276,12.009105,2740.33564
2026-10-02T14:31:48Z,46.527596,12.009105,2740.33747
2026-10-02T14:31:49Z,46.527593,12.009102,2740.328439
2026-10-02T14:31:50Z,46.52759,12.009099,2740.310324
2026-10-02T14:31:51Z,46.527588,12.009096,2740.285924
2026-10-02T14:31:52Z,46.527586,12.009093,2740.258099
2026-10-02T14:31:53Z,46.527585,12.009091,2740.22913
2026-10-02T14:31:54Z,46.527584,12.00909,2740.20326
2026-10-02T14:31:55Z,46.527583,12.00909,2740.185499
2026-10-02T14:31:56Z,46.527582,12.00909,2740.180792
2026-10-02T14:31:57Z,46.527581,12.009091,2740.192469
2026-10-02T14:31:58Z,46.52758,12.009093,2740.221784
2026-10-02T14:31:59Z,46.527578,12.009097,2740.266029
2026-10-02T14:32:00Z,46.527577,12.009103,2740.31827
2026-10-02T14:32:01Z,46.527575,12.00911,2740.369992
2026-10-02T14:32:02Z,46.527574,12.009117,2740.414732
2026-10-02T14:32:03Z,46.527574,12.009123,2740.448313
2026-10-02T14:32:04Z,46.527574,12.009128,2740.469536
2026-10-02T14:32:05Z,46.527574,12.009133,2740.479569
2026-10-02T14:32:06Z,46.527574,12.009136,2740.480673
2026-10-02T14:32:07Z,46.527574,12.009137,2740.474291
2026-10-02T14:32:08Z,46.527574,12.009137,2740.461139
2026-10-02T14:32:09Z,46.527573,12.009137,2740.441035
2026-10-02T14:32:10Z,46.527572,12.009135,2740.413598
2026-10-02T14:32:11Z,46.52757,12.009133,2740.378889
2026-10-02T14:32:12Z,46.527567,12.00913,2740.337937
2026-10-02T14:32:13Z,46.527564,12.009127,2740.29316
2026-10-02T14:32:14Z,46.52756,12.009124,2740.247625
2026-10-02T14:32:15Z,46.527557,12.009121,2740.204145
2026-10-02T14:32:16Z,46.527554,12.00912,2740.165641
2026-10-02T14:32:17Z,46.527551,12.009119,2740.134494
2026-10-02T14:32:18Z,46.527547,12.009116,2740.111834
2026-10-02T14:32:19Z,46.527544,12.009113,2740.097892
2026-10-02T14:32:20Z,46.527541,12.00911,2740.092901
2026-10-02T14:32:21Z,46.527538,12.009107,2740.096337
2026-10-02T14:32:22Z,46.527535,12.009104,2740.107235
2026-10-02T14:32:23Z,46.527533,12.009101,2740.1244
2026-10-02T14:32:24Z,46.527531,12.009097,2740.146501
2026-10-02T14:32:25Z,46.52753,12.009094,2740.171735
2026-10-02T14:32:26Z,46.527529,12.009091,2740.196893
2026-10-02T14:32:27Z,46.527528,12.009089,2740.218795
2026-10-02T14:32:28Z,46.527528,12.009087,2740.235257
2026-10-02T14:32:29Z,46.527527,12.009085,2740.24535
2026-10-02T14:32:30Z,46.527526,12.009084,2740.248996
2026-10-02T14:32:31Z,46.527525,12.009082,2740.247441
2026-10-02T14:32:32Z,46.527524,12.00908,2740.242189
2026-10-02T14:32:33Z,46.527522,12.009076,2740.233969
2026-10-02T14:32:34Z,46.527519,12.009072,2740.22305
2026-10-02T14:32:35Z,46.527516,12.009068,2740.209716
2026-10-02T14:32:36Z,46.527512,12.009063,2740.195264
2026-10-02T14:32:37Z,46.527509,12.00906,2740.182089
2026-10-02T14:32:38Z,46.527506,12.009058,2740.173517
2026-10-02T14:32:39Z,46.527503,12.009057,2740.172133
2026-10-02T14:32:40Z,46.527501,12.009056,2740.180111
2026-10-02T14:32:41Z,46.5275,12.009057,2740.198468
2026-10-02T14:32:42Z,46.527499,12.009057,2740.226577
2026-10-02T14:32:43Z,46.527498,12.009058,2740.26239
2026-10-02T14:32:44Z,46.527497,12.009058,2740.303792
2026-10-02T14:32:45Z,46.527497,12.009058,2740.34818
2026-10-02T14:32:46Z,46.527496,12.009058,2740.392659
2026-10-02T14:32:47Z,46.527495,12.009058,2740.43382
2026-10-02T14:32:48Z,46.527494,12.009059,2740.469461
2026-10-02T14:32:49Z,46.527493,12.009059,2740.498154
2026-10-02T14:32:50Z,46.527492,12.009059,2740.519386
2026-10-02T14:32:51Z,46.527492,12.009059,2740.533123
2026-10-02T14:32:52Z,46.527491,12.009059,2740.541089
2026-10-02T14:32:53Z,46.52749,12.009059,2740.544327
2026-10-02T14:32:54Z,46.527489,12.009059,2740.54292
2026-10-02T14:32:55Z,46.527488,12.009059,2740.536506
2026-10-02T14:32:56Z,46.527486,12.009059,2740.525247
2026-10-02T14:32:57Z,46.527485,12.009059,2740.509656
2026-10-02T14:32:58Z,46.527484,12.00906,2740.491756
2026-10-02T14:32:59Z,46.527483,12.00906,2740.475021
2026-10-02T14:33:00Z,46.527482,12.009061,2740.463124
2026-10-02T14:33:01Z,46.527482,12.009062,2740.458233
2026-10-02T14:33:02Z,46.527481,12.009062,2740.461552
2026-10-02T14:33:03Z,46.527481,12.009062,2740.472706
2026-10-02T14:33:04Z,46.527481,12.009062,2740.489981
2026-10-02T14:33:05Z,46.527481,12.009062,2740.510864
2026-10-02T14:33:06Z,46.527481,12.009061,2740.53377
2026-10-02T14:33:07Z,46.527482,12.009061,2740.557654
2026-10-02T14:33:08Z,46.527482,12.009059,2740.582194
2026-10-02T14:33:09Z,46.527483,12.009058,2740.608027
2026-10-02T14:33:10Z,46.527484,12.009056,2740.636393
2026-10-02T14:33:11Z,46.527484,12.009055,2740.667506
2026-10-02T14:33:12Z,46.527485,12.009054,2740.699736
2026-10-02T14:33:13Z,46.527485,12.009053,2740.730002
2026-10-02T14:33:14Z,46.527485,12.009053,2740.75467
2026-10-02T14:33:15Z,46.527486,12.009052,2740.770263
2026-10-02T14:33:16Z,46.527486,12.009052,2740.774423
2026-10-02T14:33:17Z,46.527486,12.009052,2740.766838
2026-10-02T14:33:18Z,46.527486,12.009051,2740.750415
2026-10-02T14:33:19Z,46.527486,12.009051,2740.728842
2026-10-02T14:33:20Z,46.527486,12.009051,2740.706474
2026-10-02T14:33:21Z,46.527486,12.009051,2740.687942
2026-10-02T14:33:22Z,46.527486,12.009051,2740.678504
2026-10-02T14:33:23Z,46.527486,12.009051,2740.680002
2026-10-02T14:33:24Z,46.527486,12.009051,2740.694118
2026-10-02T14:33:25Z,46.527486,12.009051,2740.721854
2026-10-02T14:33:26Z,46.527486,12.009051,2740.762643
2026-10-02T14:33:27Z,46.527486,12.009051,2740.812605
2026-10-02T14:33:28Z,46.527486,12.009051,2740.866567
2026-10-02T14:33:29Z,46.527486,12.009051,2740.917074
2026-10-02T14:33:30Z,46.527486,12.009051,2740.955694
2026-10-02T14:33:31Z,46.527486,12.009051,2740.975051
2026-10-02T14:33:32Z,46.527486,12.009051,2740.971247
2026-10-02T14:33:33Z,46.527486,12.009051,2740.945576
2026-10-02T14:33:34Z,46.527486,12.009051,2740.903299
2026-10-02T14:33:35Z,46.527486,12.009051,2740.851719
2026-10-02T14:33:36Z,46.527486,12.009051,2740.799112
2026-10-02T14:33:37Z,46.527486,12.009051,2740.752829
2026-10-02T14:33:38Z,46.527486,12.009051,2740.717076
2026-10-02T14:33:39Z,46.527486,12.009051,2740.693416
2026-10-02T14:33:40Z,46.527486,12.009051,2740.682496
2026-10-02T14:33:41Z,46.527486,12.009052,2740.682527
2026-10-02T14:33:42Z,46.527486,12.009052,2740.690178
2026-10-02T14:33:43Z,46.527486,12.009052,2740.701958
2026-10-02T14:33:44Z,46.527486,12.009053,2740.715009
2026-10-02T14:33:45Z,46.527486,12.009053,2740.725869
2026-10-02T14:33:46Z,46.527485,12.009055,2740.730805
2026-10-02T14:33:47Z,46.527485,12.009056,2740.727182
2026-10-02T14:33:48Z,46.527485,12.009058,2740.714617
2026-10-02T14:33:49Z,46.527486,12.009059,2740.695129
2026-10-02T14:33:50Z,46.527486,12.00906,2740.673371
2026-10-02T14:33:51Z,46.527488,12.009061,2740.65553
2026-10-02T14:33:52Z,46.527489,12.009063,2740.647285
2026-10-02T14:33:53Z,46.527491,12.009065,2740.651623
2026-10-02T14:33:54Z,46.527493,12.009068,2740.667978
2026-10-02T14:33:55Z,46.527495,12.009071,2740.693639
2026-10-02T14:33:56Z,46.527497,12.009074,2740.724852
2026-10-02T14:33:57Z,46.527499,12.009077,2740.75766
2026-10-02T14:33:58Z,46.527502,12.00908,2740.788502
2026-10-02T14:33:59Z,46.527504,12.009083,2740.814797
2026-10-02T14:34:00Z,46.527505,12.009087,2740.834744
2026-10-02T14:34:01Z,46.527507,12.00909,2740.847269
2026-10-02T14:34:02Z,46.527508,12.009092,2740.851957
2026-10-02T14:34:03Z,46.527509,12.009094,2740.849108
2026-10-02T14:34:04Z,46.527509,12.009095,2740.839289
2026-10-02T14:34:05Z,46.527509,12.009095,2740.82348
2026-10-02T14:34:06Z,46.52751,12.009096,2740.802957
2026-10-02T14:34:07Z,46.52751,12.009096,2740.778828
2026-10-02T14:34:08Z,46.527509,12.009096,2740.75224
2026-10-02T14:34:09Z,46.527509,12.009096,2740.723183
2026-10-02T14:34:10Z,46.527509,12.009096,2740.690652
2026-10-02T14:34:11Z,46.527508,12.009095,2740.652789
2026-10-02T14:34:12Z,46.527508,12.009094,2740.609834
2026-10-02T14:34:13Z,46.527507,12.009094,2740.567989
2026-10-02T14:34:14Z,46.527506,12.009093,2740.517427
2026-10-02T14:34:15Z,46.527505,12.009092,2740.456714
2026-10-02T14:34:16Z,46.527504,12.009091,2740.386591
2026-10-02T14:34:17Z,46.527503,12.009089,2740.309047
2026-10-02T14:34:18Z,46.527501,12.009087,2740.226107
2026-10-02T14:34:19Z,46.5275,12.009086,2740.139814
2026-10-02T14:34:20Z,46.527499,12.009085,2740.051198
2026-10-02T14:34:21Z,46.527499,12.009084,2739.958534
2026-10-02T14:34:22Z,46.527499,12.009084,2739.874592
2026-10-02T14:34:22Z,46.527499,12.009084,2739.866196
2026-10-02T14:34:23Z,46.527499,12.009085,2739.791659
2026-10-02T14:34:24Z,46.527499,12.009085,2739.760605
2026-10-02T14:34:25Z,46.527499,12.009086,2739.760178
2026-10-02T14:34:26Z,46.5275,12.009087,2739.78095
2026-10-02T14:34:27Z,46.5275,12.009088,2739.815584
2026-10-02T14:34:28Z,46.527501,12.009088,2739.858461
2026-10-02T14:34:29Z,46.527501,12.009089,2739.905433
2026-10-02T14:34:30Z,46.527502,12.009089,2739.953931
2026-10-02T14:34:31Z,46.527502,12.00909,2740.001166
2026-10-02T14:34:32Z,46.527503,12.00909,2740.044093
2026-10-02T14:34:33Z,46.527503,12.009089,2740.079713
2026-10-02T14:34:34Z,46.527504,12.009089,2740.104817
2026-10-02T14:34:35Z,46.527504,12.009088,2740.116801
2026-10-02T14:34:36Z,46.527505,12.009088,2740.115014
2026-10-02T14:34:37Z,46.527505,12.009087,2740.101896
2026-10-02T14:34:38Z,46.527506,12.009085,2740.082405
2026-10-02T14:34:39Z,46.527506,12.009084,2740.062184
2026-10-02T14:34:40Z,46.527507,12.009083,2740.046604
2026-10-02T14:34:41Z,46.527507,12.009082,2740.039791
2026-10-02T14:34:42Z,46.527508,12.009081,2740.044168
2026-10-02T14:34:43Z,46.527508,12.00908,2740.059329
2026-10-02T14:34:44Z,46.527509,12.009078,2740.083877
2026-10-02T14:34:45Z,46.52751,12.009076,2740.115489
2026-10-02T14:34:46Z,46.527511,12.009073,2740.151542
2026-10-02T14:34:47Z,46.527512,12.009071,2740.188541
2026-10-02T14:34:48Z,46.527512,12.009069,2740.224744
2026-10-02T14:34:49Z,46.527513,12.009068,2740.258426
2026-10-02T14:34:50Z,46.527513,12.009067,2740.287432
2026-10-02T14:34:51Z,46.527513,12.009067,2740.309456
2026-10-02T14:34:52Z,46.527514,12.009067,2740.323684
2026-10-02T14:34:53Z,46.527514,12.009067,2740.330738
2026-10-02T14:34:54Z,46.527514,12.009067,2740.332759
2026-10-02T14:34:55Z,46.527513,12.009068,2740.332907
2026-10-02T14:34:56Z,46.527513,12.009068,2740.334891
2026-10-02T14:34:57Z,46.527513,12.009069,2740.341098
2026-10-02T14:34:58Z,46.527512,12.009069,2740.351587
2026-10-02T14:34:59Z,46.527512,12.009069,2740.364846
2026-10-02T14:35:00Z,46.527512,12.00907,2740.379019
2026-10-02T14:35:01Z,46.527512,12.00907,2740.393354
2026-10-02T14:35:02Z,46.527512,12.00907,2740.407806
2026-10-02T14:35:03Z,46.527512,12.00907,2740.423363
2026-10-02T14:35:04Z,46.527512,12.00907,2740.441791
2026-10-02T14:35:05Z,46.527512,12.00907,2740.465022
2026-10-02T14:35:06Z,46.527512,12.00907,2740.494121
2026-10-02T14:35:07Z,46.527512,12.00907,2740.530133
2026-10-02T14:35:08Z,46.527512,12.00907,2740.574107
2026-10-02T14:35:09Z,46.527512,12.00907,2740.626401
2026-10-02T14:35:10Z,46.527512,12.00907,2740.686983
2026-10-02T14:35:11Z,46.527512,12.00907,2740.754574
2026-10-02T14:35:12Z,46.527512,12.00907,2740.826648
2026-10-02T14:35:13Z,46.527512,12.00907,2740.89952
2026-10-02T14:35:14Z,46.527511,12.009071,2740.968982
2026-10-02T14:35:15Z,46.527511,12.009071,2741.031066
2026-10-02T14:35:16Z,46.527511,12.009072,2741.082255
2026-10-02T14:35:17Z,46.527511,12.009073,2741.11991
2026-10-02T14:35:18Z,46.527511,12.009074,2741.142933
2026-10-02T14:35:19Z,46.527511,12.009075,2741.151128
2026-10-02T14:35:20Z,46.527512,12.009077,2741.145126
2026-10-02T14:35:21Z,46.527512,12.009079,2741.126077
2026-10-02T14:35:22Z,46.527512,12.009081,2741.095282
2026-10-02T14:35:23Z,46.527512,12.009084,2741.053363
2026-10-02T14:35:24Z,46.527513,12.009087,2741.000859
2026-10-02T14:35:25Z,46.527514,12.00909,2740.938131
2026-10-02T14:35:26Z,46.527516,12.009092,2740.865991
2026-10-02T14:35:27Z,46.527517,12.009095,2740.786863
2026-10-02T14:35:28Z,46.527519,12.009097,2740.704097
2026-10-02T14:35:29Z,46.527521,12.009099,2740.621563
2026-10-02T14:35:30Z,46.527524,12.009102,2740.543375
2026-10-02T14:35:31Z,46.527526,12.009104,2740.473562
2026-10-02T14:35:32Z,46.527528,12.009107,2740.415312
2026-10-02T14:35:33Z,46.52753,12.009109,2740.370693
2026-10-02T14:35:34Z,46.527532,12.00911,2740.341004
2026-10-02T14:35:35Z,46.527533,12.009111,2740.326719
2026-10-02T14:35:36Z,46.527534,12.009112,2740.326731
2026-10-02T14:35:37Z,46.527535,12.009111,2740.339132
2026-10-02T14:35:38Z,46.527536,12.009111,2740.361886
2026-10-02T14:35:39Z,46.527537,12.009109,2740.393466
2026-10-02T14:35:40Z,46.527538,12.009107,2740.432869
2026-10-02T14:35:41Z,46.527539,12.009105,2740.480703
2026-10-02T14:35:42Z,46.527541,12.009102,2740.537014
2026-10-02T14:35:43Z,46.527541,12.009099,2740.601372
2026-10-02T14:35:44Z,46.527542,12.009096,2740.672254
2026-10-02T14:35:45Z,46.527542,12.009093,2740.746459
2026-10-02T14:35:46Z,46.527542,12.00909,2740.819221
2026-10-02T14:35:47Z,46.527542,12.009087,2740.885249
2026-10-02T14:35:48Z,46.527541,12.009085,2740.939359
2026-10-02T14:35:49Z,46.527541,12.009083,2740.977136
2026-10-02T14:35:50Z,46.527541,12.00908,2740.995692
2026-10-02T14:35:51Z,46.52754,12.009078,2740.99436
2026-10-02T14:35:52Z,46.52754,12.009076,2740.97482
2026-10-02T14:35:53Z,46.52754,12.009074,2740.940467
2026-10-02T14:35:54Z,46.52754,12.009072,2740.895447
2026-10-02T14:35:55Z,46.52754,12.009071,2740.844354
2026-10-02T14:35:56Z,46.52754,12.00907,2740.790989
2026-10-02T14:35:57Z,46.52754,12.009069,2740.737828
2026-10-02T14:35:58Z,46.52754,12.009068,2740.68633
2026-10-02T14:35:59Z,46.527541,12.009067,2740.636971
2026-10-02T14:36:00Z,46.527542,12.009066,2740.590176
2026-10-02T14:36:01Z,46.527542,12.009066,2740.546615
2026-10-02T14:36:02Z,46.527543,12.009066,2740.507434
2026-10-02T14:36:03Z,46.527544,12.009067,2740.474138
2026-10-02T14:36:04Z,46.527545,12.009067,2740.448322
2026-10-02T14:36:05Z,46.527545,12.009067,2740.431261
2026-10-02T14:36:06Z,46.527546,12.009067,2740.423753
2026-10-02T14:36:07Z,46.527547,12.009067,2740.426511
2026-10-02T14:36:08Z,46.527548,12.009067,2740.438503
2026-10-02T14:36:09Z,46.52755,12.009067,2740.458112
2026-10-02T14:36:10Z,46.527551,12.009068,2740.483
2026-10-02T14:36:11Z,46.527553,12.009068,2740.510098
2026-10-02T14:36:12Z,46.527555,12.00907,2740.536246
2026-10-02T14:36:13Z,46.527556,12.009071,2740.557903
2026-10-02T14:36:14Z,46.527557,12.009072,2740.571439
2026-10-02T14:36:15Z,46.527557,12.009074,2740.573333
2026-10-02T14:36:16Z,46.527557,12.009076,2740.560609
2026-10-02T14:36:17Z,46.527557,12.009078,2740.530526
2026-10-02T14:36:18Z,46.527556,12.00908,2740.483132
2026-10-02T14:36:19Z,46.527555,12.009081,2740.420606
2026-10-02T14:36:20Z,46.527554,12.009082,2740.34651
2026-10-02T14:36:21Z,46.527552,12.009082,2740.264641
2026-10-02T14:36:22Z,46.527549,12.009082,2740.179669
2026-10-02T14:36:23Z,46.527546,12.009081,2740.096881
2026-10-02T14:36:24Z,46.527543,12.00908,2740.021717
2026-10-02T14:36:25Z,46.527539,12.009078,2739.958834
2026-10-02T14:36:26Z,46.527536,12.009076,2739.912373
2026-10-02T14:36:27Z,46.527532,12.009074,2739.884399
2026-10-02T14:36:28Z,46.527529,12.009072,2739.874052
2026-10-02T14:36:29Z,46.527527,12.00907,2739.877943
2026-10-02T14:36:30Z,46.527524,12.009068,2739.892272
2026-10-02T14:36:31Z,46.527522,12.009066,2739.913968
2026-10-02T14:36:32Z,46.527521,12.009064,2739.940894
2026-10-02T14:36:33Z,46.527521,12.009063,2739.971576
2026-10-02T14:36:34Z,46.527521,12.009061,2740.00549
2026-10-02T14:36:35Z,46.527521,12.00906,2740.04229
2026-10-02T14:36:36Z,46.527522,12.00906,2740.080699
2026-10-02T14:36:37Z,46.527524,12.00906,2740.119046
2026-10-02T14:36:38Z,46.527525,12.009059,2740.157039
2026-10-02T14:36:39Z,46.527525,12.009059,2740.192784
2026-10-02T14:36:40Z,46.527526,12.009057,2740.224003
2026-10-02T14:36:41Z,46.527526,12.009055,2740.248882
2026-10-02T14:36:42Z,46.527525,12.009052,2740.266432
2026-10-02T14:36:43Z,46.527524,12.009049,2740.274991
2026-10-02T14:36:44Z,46.527523,12.009043,2740.271615
2026-10-02T14:36:45Z,46.527522,12.009036,2740.253611
2026-10-02T14:36:46Z,46.527521,12.009029,2740.219777
2026-10-02T14:36:47Z,46.527519,12.009024,2740.170869
2026-10-02T14:36:48Z,46.527518,12.009018,2740.109879
2026-10-02T14:36:49Z,46.527515,12.009012,2740.042923
2026-10-02T14:36:50Z,46.527513,12.009005,2739.976451
2026-10-02T14:36:51Z,46.527511,12.008998,2739.914992
2026-10-02T14:36:52Z,46.527509,12.008991,2739.858962
2026-10-02T14:36:53Z,46.527508,12.008984,2739.807002
2026-10-02T14:36:54Z,46.527508,12.008978,2739.757848
2026-10-02T14:36:55Z,46.527505,12.008973,2739.710929
2026-10-02T14:36:56Z,46.527502,12.008968,2739.66645
2026-10-02T14:36:57Z,46.527499,12.008964,2739.625239
2026-10-02T14:36:58Z,46.527495,12.00896,2739.58798
2026-10-02T14:36:59Z,46.527491,12.008957,2739.554805
2026-10-02T14:37:00Z,46.527488,12.008954,2739.525488
2026-10-02T14:37:01Z,46.527484,12.008952,2739.500219
2026-10-02T14:37:02Z,46.527482,12.00895,2739.480108
2026-10-02T14:37:03Z,46.52748,12.008949,2739.466792
2026-10-02T14:37:04Z,46.527478,12.008948,2739.461542
2026-10-02T14:37:05Z,46.527476,12.008947,2739.463809
2026-10-02T14:37:06Z,46.527475,12.008946,2739.472459
2026-10-02T14:37:07Z,46.527474,12.008946,2739.485887
2026-10-02T14:37:08Z,46.527473,12.008945,2739.502044
2026-10-02T14:37:09Z,46.527472,12.008945,2739.518144
2026-10-02T14:37:10Z,46.52747,12.008944,2739.532026
2026-10-02T14:37:11Z,46.52747,12.008945,2739.541477
2026-10-02T14:37:12Z,46.527469,12.008945,2739.544063
2026-10-02T14:37:13Z,46.527469,12.008945,2739.537631
2026-10-02T14:37:14Z,46.527469,12.008945,2739.521848
2026-10-02T14:37:15Z,46.527469,12.008945,2739.497631
2026-10-02T14:37:16Z,46.527469,12.008945,2739.467013
2026-10-02T14:37:17Z,46.527469,12.008945,2739.432188
2026-10-02T14:37:18Z,46.527469,12.008945,2739.394588
2026-10-02T14:37:19Z,46.52747,12.008945,2739.353395
2026-10-02T14:37:20Z,46.527472,12.008945,2739.307786
2026-10-02T14:37:21Z,46.527475,12.008946,2739.256776
2026-10-02T14:37:22Z,46.52748,12.008946,2739.19992
2026-10-02T14:37:23Z,46.527487,12.008946,2739.135999
2026-10-02T14:37:24Z,46.527494,12.008945,2739.089634
2026-10-02T14:37:25Z,46.527502,12.008944,2739.010246
2026-10-02T14:37:26Z,46.52751,12.008942,2738.915254
2026-10-02T14:37:27Z,46.527519,12.00894,2738.799296
2026-10-02T14:37:28Z,46.527526,12.008938,2738.653866
2026-10-02T14:37:29Z,46.527533,12.008936,2738.466399
2026-10-02T14:37:30Z,46.52754,12.008934,2738.220549
2026-10-02T14:37:31Z,46.527545,12.008933,2737.899197
2026-10-02T14:37:32Z,46.527548,12.008931,2737.490158
2026-10-02T14:37:34Z,46.527551,12.00893,2736.907797
2026-10-02T14:37:35Z,46.527553,12.008929,2736.321124
2026-10-02T14:38:01Z,46.52754,12.008811,2743.019247
2026-10-02T14:38:02Z,46.52754,12.008812,2742.639842
2026-10-02T14:38:03Z,46.527541,12.008814,2742.334772
2026-10-02T14:38:04Z,46.527541,12.008814,2742.111634
2026-10-02T14:38:05Z,46.527542,12.008816,2741.962629
2026-10-02T14:38:06Z,46.527542,12.008818,2741.873061
2026-10-02T14:38:07Z,46.527542,12.008821,2741.827134
2026-10-02T14:38:08Z,46.527542,12.008825,2741.812247
2026-10-02T14:38:09Z,46.527541,12.008828,2741.817285
2026-10-02T14:38:10Z,46.527541,12.008833,2741.834645
2026-10-02T14:38:11Z,46.527541,12.008839,2741.860504
2026-10-02T14:38:12Z,46.52754,12.008844,2741.895503
2026-10-02T14:38:13Z,46.52754,12.008849,2741.940551
2026-10-02T14:38:14Z,46.52754,12.008853,2741.993279
2026-10-02T14:38:15Z,46.527539,12.008857,2742.048066
2026-10-02T14:38:16Z,46.527539,12.008861,2742.099098
2026-10-02T14:38:17Z,46.527539,12.008865,2742.138034
2026-10-02T14:38:18Z,46.527539,12.008868,2742.157783
2026-10-02T14:38:19Z,46.527539,12.00887,2742.155298
2026-10-02T14:38:20Z,46.527539,12.008872,2742.131912
2026-10-02T14:38:21Z,46.527538,12.008873,2742.088653
2026-10-02T14:38:22Z,46.527538,12.008873,2742.0251
2026-10-02T14:38:23Z,46.527538,12.008873,2741.940675
2026-10-02T14:38:24Z,46.527538,12.008871,2741.836606
2026-10-02T14:38:25Z,46.527538,12.008869,2741.716661
2026-10-02T14:38:26Z,46.527537,12.008867,2741.587158
2026-10-02T14:38:27Z,46.527537,12.008864,2741.45863
2026-10-02T14:38:28Z,46.527537,12.008861,2741.342277
2026-10-02T14:38:29Z,46.527537,12.008857,2741.245709
2026-10-02T14:38:30Z,46.527537,12.008854,2741.173257
2026-10-02T14:38:31Z,46.527537,12.008851,2741.126427
2026-10-02T14:38:32Z,46.527537,12.008849,2741.10613
2026-10-02T14:38:33Z,46.527537,12.008846,2741.113995
2026-10-02T14:38:34Z,46.527537,12.008842,2741.152712
2026-10-02T14:38:35Z,46.527538,12.008838,2741.225759
2026-10-02T14:38:36Z,46.527538,12.008836,2741.336321
2026-10-02T14:38:37Z,46.527539,12.008833,2741.485461
2026-10-02T14:38:38Z,46.527541,12.008831,2741.671104
2026-10-02T14:38:39Z,46.527542,12.008832,2741.889631
2026-10-02T14:38:40Z,46.527543,12.008837,2742.135342
2026-10-02T14:38:41Z,46.527544,12.008843,2742.4015
2026-10-02T14:38:42Z,46.527544,12.008848,2742.68092
2026-10-02T14:38:43Z,46.527543,12.008851,2742.964811
2026-10-02T14:38:44Z,46.527542,12.008854,2743.244725
2026-10-02T14:38:45Z,46.527542,12.008857,2743.512043
2026-10-02T14:38:46Z,46.527541,12.00886,2743.758586
2026-10-02T14:38:47Z,46.52754,12.008863,2743.977449
2026-10-02T14:38:48Z,46.527539,12.008867,2744.163986
2026-10-02T14:38:49Z,46.527538,12.008872,2744.31506
2026-10-02T14:38:50Z,46.527536,12.008879,2744.428916
2026-10-02T14:38:51Z,46.527534,12.008887,2744.505136
2026-10-02T14:38:52Z,46.527531,12.008895,2744.544698
2026-10-02T14:38:53Z,46.527528,12.008903,2744.551142
2026-10-02T14:38:54Z,46.527525,12.008911,2744.529554
2026-10-02T14:38:55Z,46.527523,12.008919,2744.486241
2026-10-02T14:38:56Z,46.52752,12.008928,2744.428762
2026-10-02T14:38:57Z,46.527517,12.008936,2744.364309
2026-10-02T14:38:58Z,46.527514,12.008944,2744.299046
2026-10-02T14:38:59Z,46.527511,12.008951,2744.238177
2026-10-02T14:39:00Z,46.52751,12.008956,2744.186444
2026-10-02T14:39:01Z,46.527509,12.008959,2744.147169
2026-10-02T14:39:02Z,46.527509,12.008961,2744.122906
2026-10-02T14:39:03Z,46.527509,12.008962,2744.114806
2026-10-02T14:39:04Z,46.527509,12.008963,2744.122526
2026-10-02T14:39:05Z,46.52751,12.008964,2744.144056
2026-10-02T14:39:06Z,46.52751,12.008965,2744.176573
2026-10-02T14:39:07Z,46.52751,12.008965,2744.216672
2026-10-02T14:39:08Z,46.52751,12.008966,2744.260904
2026-10-02T14:39:09Z,46.52751,12.008966,2744.305889
2026-10-02T14:39:10Z,46.52751,12.008967,2744.348926
2026-10-02T14:39:11Z,46.52751,12.008967,2744.389035
2026-10-02T14:39:12Z,46.52751,12.008967,2744.426009
2026-10-02T14:39:13Z,46.52751,12.008968,2744.459977
2026-10-02T14:39:14Z,46.52751,12.008968,2744.492363
2026-10-02T14:39:15Z,46.527511,12.008969,2744.524853
2026-10-02T14:39:16Z,46.527511,12.008969,2744.558629
2026-10-02T14:39:17Z,46.527511,12.008969,2744.595081
2026-10-02T14:39:18Z,46.527512,12.00897,2744.636919
2026-10-02T14:39:19Z,46.527514,12.00897,2744.686425
2026-10-02T14:39:20Z,46.527516,12.00897,2744.745548
2026-10-02T14:39:21Z,46.527518,12.008971,2744.815222
2026-10-02T14:39:22Z,46.527519,12.008971,2744.894861
2026-10-02T14:39:23Z,46.527521,12.008971,2744.981595
2026-10-02T14:39:24Z,46.527523,12.008972,2745.070913
2026-10-02T14:39:25Z,46.527525,12.008972,2745.157948
2026-10-02T14:39:26Z,46.527526,12.008972,2745.238687
2026-10-02T14:39:27Z,46.527528,12.008972,2745.310206
2026-10-02T14:39:28Z,46.52753,12.008973,2745.371247
2026-10-02T14:39:29Z,46.527533,12.008973,2745.396887
2026-10-02T14:39:30Z,46.527535,12.008974,2745.42111
2026-10-02T14:39:31Z,46.527537,12.008974,2745.441977
2026-10-02T14:39:32Z,46.527539,12.008975,2745.460809
2026-10-02T14:39:33Z,46.52754,12.008975,2745.479064
2026-10-02T14:39:34Z,46.527542,12.008975,2745.498886
2026-10-02T14:39:35Z,46.527543,12.008976,2745.523898
2026-10-02T14:39:36Z,46.527544,12.008976,2745.560365
2026-10-02T14:39:37Z,46.527545,12.008976,2745.618588
2026-10-02T14:39:38Z,46.527546,12.008977,2745.714324
2026-10-02T14:39:41Z,46.527547,12.008979,2746.06325
2026-10-02T14:39:42Z,46.527547,12.00898,2746.121552
2026-10-02T14:39:43Z,46.527546,12.008982,2746.117174
2026-10-02T14:39:44Z,46.527545,12.008984,2746.056538
2026-10-02T14:39:45Z,46.527545,12.008984,2745.940586
2026-10-02T14:39:46Z,46.527545,12.008985,2745.765648
2026-10-02T14:39:47Z,46.527545,12.008985,2745.524637
2026-10-02T14:39:48Z,46.527545,12.008985,2745.208977
2026-10-02T14:39:49Z,46.527545,12.008985,2744.812068
2026-10-02T14:39:50Z,46.527545,12.008985,2744.335654
2026-10-02T14:39:51Z,46.527545,12.008985,2743.799812
2026-10-02T14:41:17Z,46.527565,12.008981,2748.851472
2026-10-02T14:41:18Z,46.527564,12.00898,2748.219608
2026-10-02T14:41:19Z,46.527563,12.00898,2747.659086
2026-10-02T14:41:19Z,46.527562,12.008979,2747.242039
2026-10-02T14:41:20Z,46.527561,12.008979,2746.84072
2026-10-02T14:41:21Z,46.52756,12.008979,2746.528596
2026-10-02T14:41:22Z,46.527559,12.008978,2746.294594
2026-10-02T14:41:23Z,46.527559,12.008978,2746.125794
2026-10-02T14:41:24Z,46.527558,12.008978,2746.00988
2026-10-02T14:41:25Z,46.527557,12.008978,2745.93618
2026-10-02T14:41:26Z,46.527556,12.008974,2745.896177
2026-10-02T14:41:27Z,46.527555,12.008971,2745.883423
2026-10-02T14:41:28Z,46.527553,12.008968,2745.892607
2026-10-02T14:41:29Z,46.527552,12.008966,2745.919148
2026-10-02T14:41:30Z,46.527551,12.008963,2745.95848
2026-10-02T14:41:31Z,46.52755,12.00896,2746.005728
2026-10-02T14:41:32Z,46.527548,12.008958,2746.056226
2026-10-02T14:41:33Z,46.527547,12.008954,2746.106033
2026-10-02T14:41:34Z,46.527546,12.00895,2746.152143
2026-10-02T14:41:35Z,46.527544,12.008946,2746.192255
2026-10-02T14:41:36Z,46.527543,12.008942,2746.224814
2026-10-02T14:41:37Z,46.527542,12.008938,2746.24931
2026-10-02T14:41:38Z,46.52754,12.008935,2746.265807
2026-10-02T14:41:39Z,46.527539,12.008931,2746.275026
2026-10-02T14:41:40Z,46.527538,12.008928,2746.278202
2026-10-02T14:41:41Z,46.527538,12.008926,2746.277156
2026-10-02T14:41:42Z,46.527537,12.008924,2746.273581
2026-10-02T14:41:43Z,46.527536,12.008922,2746.268711
2026-10-02T14:41:44Z,46.527536,12.00892,2746.263346
2026-10-02T14:41:45Z,46.527536,12.008918,2746.258077
2026-10-02T14:41:46Z,46.527536,12.008917,2746.253269
2026-10-02T14:41:47Z,46.527536,12.008917,2746.249302
2026-10-02T14:41:48Z,46.527537,12.008917,2746.246707
2026-10-02T14:41:49Z,46.527538,12.008917,2746.24607
2026-10-02T14:41:50Z,46.527539,12.008918,2746.24824
2026-10-02T14:41:51Z,46.527539,12.008918,2746.252457
2026-10-02T14:41:52Z,46.527541,12.00892,2746.257756
2026-10-02T14:41:53Z,46.527542,12.008922,2746.26291
2026-10-02T14:41:54Z,46.527544,12.008924,2746.264974
2026-10-02T14:41:55Z,46.527545,12.008925,2746.260313
2026-10-02T14:41:56Z,46.527547,12.008927,2746.245439
2026-10-02T14:41:57Z,46.527548,12.00893,2746.216435
2026-10-02T14:41:58Z,46.527549,12.008932,2746.168548
2026-10-02T14:41:59Z,46.527549,12.008934,2746.098241
2026-10-02T14:42:00Z,46.527549,12.008936,2746.003482
2026-10-02T14:42:01Z,46.527549,12.008939,2745.883741
2026-10-02T14:42:02Z,46.52755,12.008941,2745.740399
2026-10-02T14:42:03Z,46.527551,12.008943,2745.577941
2026-10-02T14:42:04Z,46.527553,12.008946,2745.402113
2026-10-02T14:42:05Z,46.527554,12.008948,2745.218465
2026-10-02T14:42:06Z,46.527555,12.008951,2745.03138
2026-10-02T14:42:07Z,46.527557,12.008954,2744.844247
2026-10-02T14:42:08Z,46.527558,12.008956,2744.657405
2026-10-02T14:42:09Z,46.527559,12.008959,2744.469978
2026-10-02T14:42:10Z,46.527561,12.008962,2744.291562
2026-10-02T14:42:11Z,46.527562,12.008964,2744.09192
2026-10-02T14:42:12Z,46.527563,12.008966,2743.87775
2026-10-02T14:42:13Z,46.527563,12.008968,2743.645597
2026-10-02T14:42:14Z,46.527564,12.00897,2743.391167
2026-10-02T14:42:15Z,46.527564,12.008971,2743.107858
2026-10-02T14:42:16Z,46.527564,12.008973,2742.785703
2026-10-02T14:42:17Z,46.527565,12.008974,2742.412464
2026-10-02T14:42:18Z,46.527565,12.008975,2741.977373
2026-10-02T14:42:19Z,46.527565,12.008975,2741.477332
2026-10-02T14:42:20Z,46.527565,12.008976,2740.926163
2026-10-02T14:43:21Z,46.527542,12.009056,2742.756125
2026-10-02T14:43:22Z,46.527542,12.009056,2741.862635
2026-10-02T14:43:23Z,46.527542,12.009056,2740.972965
2026-10-02T14:43:24Z,46.527542,12.009056,2740.078227
2026-10-02T14:43:25Z,46.527542,12.009056,2739.170967
2026-10-02T14:43:27Z,46.527542,12.009056,2738.122707
2026-10-02T14:44:43Z,46.527481,12.009001,2744.010719
2026-10-02T14:44:44Z,46.527481,12.009001,2743.400136
2026-10-02T14:44:45Z,46.52748,12.009001,2742.854772
2026-10-02T14:44:46Z,46.52748,12.009,2742.425043
2026-10-02T14:44:46Z,46.52748,12.009,2742.075334
2026-10-02T14:44:47Z,46.52748,12.008999,2741.725741
2026-10-02T14:44:48Z,46.52748,12.008999,2741.353887
2026-10-02T14:44:49Z,46.52748,12.008998,2741.101929
2026-10-02T14:44:50Z,46.52748,12.008998,2740.89503
2026-10-02T14:44:51Z,46.52748,12.008998,2740.725202
2026-10-02T14:44:52Z,46.52748,12.008998,2740.593763
2026-10-02T14:44:53Z,46.527479,12.008998,2740.51268
2026-10-02T14:44:55Z,46.527479,12.008998,2740.521981
2026-10-02T14:44:56Z,46.527479,12.008997,2740.657467
2026-10-02T14:45:09Z,46.52748,12.008988,2743.761128
2026-10-02T14:45:10Z,46.527481,12.008985,2743.947592
2026-10-02T14:45:11Z,46.527483,12.008982,2744.016049
2026-10-02T14:45:12Z,46.527485,12.00898,2744.01364
2026-10-02T14:45:13Z,46.527486,12.008978,2743.97193
2026-10-02T14:45:14Z,46.527487,12.008976,2743.908725
2026-10-02T14:45:15Z,46.527488,12.008974,2743.834533
2026-10-02T14:45:15Z,46.527489,12.008972,2743.768668
2026-10-02T14:45:16Z,46.52749,12.008971,2743.697574
2026-10-02T14:45:17Z,46.52749,12.008972,2743.6373
2026-10-02T14:45:18Z,46.527491,12.008972,2743.590041
2026-10-02T14:45:19Z,46.527491,12.008972,2743.558302
2026-10-02T14:45:20Z,46.527492,12.008972,2743.5427
2026-10-02T14:45:21Z,46.527493,12.008973,2743.542877
2026-10-02T14:45:22Z,46.527493,12.008973,2743.556802
2026-10-02T14:45:23Z,46.527493,12.008973,2743.580053
2026-10-02T14:45:24Z,46.527494,12.008972,2743.606338
2026-10-02T14:45:25Z,46.527494,12.008971,2743.629525
2026-10-02T14:45:26Z,46.527494,12.008971,2743.643491
2026-10-02T14:45:27Z,46.527494,12.00897,2743.642534
2026-10-02T14:45:28Z,46.527494,12.008969,2743.623653
2026-10-02T14:45:29Z,46.527494,12.008968,2743.586128
2026-10-02T14:45:30Z,46.527494,12.008967,2743.532001
2026-10-02T14:45:31Z,46.527494,12.008966,2743.464069
2026-10-02T14:45:32Z,46.527494,12.008964,2743.391652
2026-10-02T14:45:33Z,46.527493,12.008962,2743.322604
2026-10-02T14:45:34Z,46.527494,12.00896,2743.229987
2026-10-02T14:45:35Z,46.527495,12.008959,2743.157793
2026-10-02T14:45:36Z,46.527495,12.008958,2743.101322
2026-10-02T14:45:37Z,46.527496,12.008958,2743.060405
2026-10-02T14:45:38Z,46.527496,12.008957,2743.033253
2026-10-02T14:45:39Z,46.527496,12.008957,2743.017787
2026-10-02T14:45:40Z,46.527497,12.008957,2743.014084
2026-10-02T14:45:42Z,46.527497,12.008957,2743.030179
2026-10-02T14:45:43Z,46.527498,12.008958,2743.067792
2026-10-02T14:45:44Z,46.527499,12.008959,2743.148165
2026-10-02T14:45:49Z,46.527505,12.008966,2743.553488
2026-10-02T14:45:49Z,46.527506,12.008968,2743.591295
2026-10-02T14:45:50Z,46.527507,12.008969,2743.566418
2026-10-02T14:45:51Z,46.527507,12.00897,2743.501344
2026-10-02T14:45:52Z,46.527507,12.008971,2743.402367
2026-10-02T14:45:53Z,46.527508,12.008972,2743.267117
2026-10-02T14:45:54Z,46.527508,12.008972,2743.086829
2026-10-02T14:45:55Z,46.527508,12.008973,2742.848962
2026-10-02T14:45:56Z,46.527508,12.008973,2742.540522
2026-10-02T14:45:57Z,46.527508,12.008974,2742.152664
2026-10-02T14:45:58Z,46.527508,12.008974,2741.686921
2026-10-02T14:46:00Z,46.527508,12.008974,2741.081189
