time_utc,time_local,bpm,unit,source
2026-10-02T12:02:10Z,2026-10-02T14:02:10+02:00,111.0,count/min,Apple Watch di Francesca
2026-10-02T12:02:15Z,2026-10-02T14:02:15+02:00,106.0,count/min,Apple Watch di Francesca
2026-10-02T12:02:19Z,2026-10-02T14:02:19+02:00,113.0,count/min,Apple Watch di Francesca
2026-10-02T12:02:24Z,2026-10-02T14:02:24+02:00,109.0,count/min,Apple Watch di Francesca
2026-10-02T12:02:29Z,2026-10-02T14:02:29+02:00,104.0,count/min,Apple Watch di Francesca
2026-10-02T12:02:33Z,2026-10-02T14:02:33+02:00,110.0,count/min,Apple Watch di Francesca
2026-10-02T12:02:36Z,2026-10-02T14:02:36+02:00,113.0,count/min,Apple Watch di Francesca
2026-10-02T12:02:45Z,2026-10-02T14:02:45+02:00,102.0,count/min,Apple Watch di Francesca
2026-10-02T12:02:50Z,2026-10-02T14:02:50+02:00,103.0,count/min,Apple Watch di Francesca
2026-10-02T12:02:55Z,2026-10-02T14:02:55+02:00,104.0,count/min,Apple Watch di Francesca
2026-10-02T12:03:00Z,2026-10-02T14:03:00+02:00,106.0,count/min,Apple Watch di Francesca
2026-10-02T12:03:01Z,2026-10-02T14:03:01+02:00,105.0,count/min,Apple Watch di Francesca
2026-10-02T12:03:10Z,2026-10-02T14:03:10+02:00,96.0,count/min,Apple Watch di Francesca
2026-10-02T12:03:16Z,2026-10-02T14:03:16+02:00,97.0,count/min,Apple Watch di Francesca
2026-10-02T12:03:17Z,2026-10-02T14:03:17+02:00,97.0,count/min,Apple Watch di Francesca
2026-10-02T12:03:22Z,2026-10-02T14:03:22+02:00,103.0,count/min,Apple Watch di Francesca
2026-10-02T12:03:31Z,2026-10-02T14:03:31+02:00,111.0,count/min,Apple Watch di Francesca
2026-10-02T12:03:36Z,2026-10-02T14:03:36+02:00,111.0,count/min,Apple Watch di Francesca
2026-10-02T12:03:41Z,2026-10-02T14:03:41+02:00,111.0,count/min,Apple Watch di Francesca
2026-10-02T12:03:43Z,2026-10-02T14:03:43+02:00,109.0,count/min,Apple Watch di Francesca
2026-10-02T12:03:47Z,2026-10-02T14:03:47+02:00,105.0,count/min,Apple Watch di Francesca
2026-10-02T12:03:52Z,2026-10-02T14:03:52+02:00,99.0,count/min,Apple Watch di Francesca
2026-10-02T12:03:58Z,2026-10-02T14:03:58+02:00,102.0,count/min,Apple Watch di Francesca
2026-10-02T12:04:02Z,2026-10-02T14:04:02+02:00,101.0,count/min,Apple Watch di Francesca
2026-10-02T12:04:11Z,2026-10-02T14:04:11+02:00,95.0,count/min,Apple Watch di Francesca
2026-10-02T12:04:14Z,2026-10-02T14:04:14+02:00,90.0,count/min,Apple Watch di Francesca
2026-10-02T12:04:20Z,2026-10-02T14:04:20+02:00,97.0,count/min,Apple Watch di Francesca
2026-10-02T12:04:22Z,2026-10-02T14:04:22+02:00,94.0,count/min,Apple Watch di Francesca
2026-10-02T12:04:30Z,2026-10-02T14:04:30+02:00,105.0,count/min,Apple Watch di Francesca
2026-10-02T12:04:32Z,2026-10-02T14:04:32+02:00,106.0,count/min,Apple Watch di Francesca
2026-10-02T12:04:37Z,2026-10-02T14:04:37+02:00,101.0,count/min,Apple Watch di Francesca
2026-10-02T12:04:42Z,2026-10-02T14:04:42+02:00,95.0,count/min,Apple Watch di Francesca
2026-10-02T12:04:49Z,2026-10-02T14:04:49+02:00,100.0,count/min,Apple Watch di Francesca
2026-10-02T12:04:56Z,2026-10-02T14:04:56+02:00,96.0,count/min,Apple Watch di Francesca
2026-10-02T12:04:57Z,2026-10-02T14:04:57+02:00,98.0,count/min,Apple Watch di Francesca
2026-10-02T12:05:05Z,2026-10-02T14:05:05+02:00,101.0,count/min,Apple Watch di Francesca
2026-10-02T12:05:08Z,2026-10-02T14:05:08+02:00,101.0,count/min,Apple Watch di Francesca
2026-10-02T12:05:16Z,2026-10-02T14:05:16+02:00,96.0,count/min,Apple Watch di Francesca
2026-10-02T12:05:19Z,2026-10-02T14:05:19+02:00,97.0,count/min,Apple Watch di Francesca
2026-10-02T12:05:22Z,2026-10-02T14:05:22+02:00,101.0,count/min,Apple Watch di Francesca
2026-10-02T12:05:31Z,2026-10-02T14:05:31+02:00,110.0,count/min,Apple Watch di Francesca
2026-10-02T12:05:32Z,2026-10-02T14:05:32+02:00,110.0,count/min,Apple Watch di Francesca
2026-10-02T12:05:39Z,2026-10-02T14:05:39+02:00,114.0,count/min,Apple Watch di Francesca
2026-10-02T12:05:46Z,2026-10-02T14:05:46+02:00,110.0,count/min,Apple Watch di Francesca
2026-10-02T12:05:50Z,2026-10-02T14:05:50+02:00,114.0,count/min,Apple Watch di Francesca
2026-10-02T12:05:53Z,2026-10-02T14:05:53+02:00,115.0,count/min,Apple Watch di Francesca
2026-10-02T12:05:57Z,2026-10-02T14:05:57+02:00,114.0,count/min,Apple Watch di Francesca
2026-10-02T12:06:06Z,2026-10-02T14:06:06+02:00,108.0,count/min,Apple Watch di Francesca
2026-10-02T12:06:09Z,2026-10-02T14:06:09+02:00,108.0,count/min,Apple Watch di Francesca
2026-10-02T12:06:13Z,2026-10-02T14:06:13+02:00,105.0,count/min,Apple Watch di Francesca
2026-10-02T12:06:17Z,2026-10-02T14:06:17+02:00,103.0,count/min,Apple Watch di Francesca
2026-10-02T12:06:25Z,2026-10-02T14:06:25+02:00,112.0,count/min,Apple Watch di Francesca
2026-10-02T12:06:27Z,2026-10-02T14:06:27+02:00,111.0,count/min,Apple Watch di Francesca
2026-10-02T12:06:32Z,2026-10-02T14:06:32+02:00,109.0,count/min,Apple Watch di Francesca
2026-10-02T12:06:41Z,2026-10-02T14:06:41+02:00,109.0,count/min,Apple Watch di Francesca
2026-10-02T12:06:45Z,2026-10-02T14:06:45+02:00,113.0,count/min,Apple Watch di Francesca
2026-10-02T12:06:51Z,2026-10-02T14:06:51+02:00,118.0,count/min,Apple Watch di Francesca
2026-10-02T12:06:54Z,2026-10-02T14:06:54+02:00,118.0,count/min,Apple Watch di Francesca
2026-10-02T12:06:57Z,2026-10-02T14:06:57+02:00,121.0,count/min,Apple Watch di Francesca
2026-10-02T12:07:05Z,2026-10-02T14:07:05+02:00,124.0,count/min,Apple Watch di Francesca
2026-10-02T12:07:07Z,2026-10-02T14:07:07+02:00,126.0,count/min,Apple Watch di Francesca
2026-10-02T12:07:15Z,2026-10-02T14:07:15+02:00,116.0,count/min,Apple Watch di Francesca
2026-10-02T12:07:17Z,2026-10-02T14:07:17+02:00,118.0,count/min,Apple Watch di Francesca
2026-10-02T12:07:22Z,2026-10-02T14:07:22+02:00,123.0,count/min,Apple Watch di Francesca
2026-10-02T12:07:31Z,2026-10-02T14:07:31+02:00,132.0,count/min,Apple Watch di Francesca
2026-10-02T12:07:36Z,2026-10-02T14:07:36+02:00,131.0,count/min,Apple Watch di Francesca
2026-10-02T12:07:41Z,2026-10-02T14:07:41+02:00,130.0,count/min,Apple Watch di Francesca
2026-10-02T12:07:44Z,2026-10-02T14:07:44+02:00,131.0,count/min,Apple Watch di Francesca
2026-10-02T12:07:48Z,2026-10-02T14:07:48+02:00,135.0,count/min,Apple Watch di Francesca
2026-10-02T12:07:53Z,2026-10-02T14:07:53+02:00,140.0,count/min,Apple Watch di Francesca
2026-10-02T12:08:01Z,2026-10-02T14:08:01+02:00,139.0,count/min,Apple Watch di Francesca
2026-10-02T12:08:05Z,2026-10-02T14:08:05+02:00,139.0,count/min,Apple Watch di Francesca
2026-10-02T12:08:07Z,2026-10-02T14:08:07+02:00,141.0,count/min,Apple Watch di Francesca
2026-10-02T12:08:15Z,2026-10-02T14:08:15+02:00,148.0,count/min,Apple Watch di Francesca
2026-10-02T12:08:20Z,2026-10-02T14:08:20+02:00,154.0,count/min,Apple Watch di Francesca
2026-10-02T12:08:23Z,2026-10-02T14:08:23+02:00,155.0,count/min,Apple Watch di Francesca
2026-10-02T12:08:30Z,2026-10-02T14:08:30+02:00,153.0,count/min,Apple Watch di Francesca
2026-10-02T12:08:36Z,2026-10-02T14:08:36+02:00,145.0,count/min,Apple Watch di Francesca
2026-10-02T12:08:41Z,2026-10-02T14:08:41+02:00,147.0,count/min,Apple Watch di Francesca
2026-10-02T12:08:43Z,2026-10-02T14:08:43+02:00,148.0,count/min,Apple Watch di Francesca
2026-10-02T12:08:50Z,2026-10-02T14:08:50+02:00,152.0,count/min,Apple Watch di Francesca
2026-10-02T12:08:52Z,2026-10-02T14:08:52+02:00,152.0,count/min,Apple Watch di Francesca
2026-10-02T12:09:01Z,2026-10-02T14:09:01+02:00,152.0,count/min,Apple Watch di Francesca
2026-10-02T12:09:05Z,2026-10-02T14:09:05+02:00,150.0,count/min,Apple Watch di Francesca
2026-10-02T12:09:07Z,2026-10-02T14:09:07+02:00,149.0,count/min,Apple Watch di Francesca
2026-10-02T12:09:14Z,2026-10-02T14:09:14+02:00,152.0,count/min,Apple Watch di Francesca
2026-10-02T12:09:18Z,2026-10-02T14:09:18+02:00,151.0,count/min,Apple Watch di Francesca
2026-10-02T12:09:24Z,2026-10-02T14:09:24+02:00,140.0,count/min,Apple Watch di Francesca
2026-10-02T12:09:31Z,2026-10-02T14:09:31+02:00,137.0,count/min,Apple Watch di Francesca
2026-10-02T12:09:36Z,2026-10-02T14:09:36+02:00,131.0,count/min,Apple Watch di Francesca
2026-10-02T12:09:41Z,2026-10-02T14:09:41+02:00,125.0,count/min,Apple Watch di Francesca
2026-10-02T12:09:43Z,2026-10-02T14:09:43+02:00,123.0,count/min,Apple Watch di Francesca
2026-10-02T12:09:48Z,2026-10-02T14:09:48+02:00,117.0,count/min,Apple Watch di Francesca
2026-10-02T12:09:56Z,2026-10-02T14:09:56+02:00,101.0,count/min,Apple Watch di Francesca
2026-10-02T12:10:01Z,2026-10-02T14:10:01+02:00,90.0,count/min,Apple Watch di Francesca
2026-10-02T12:10:06Z,2026-10-02T14:10:06+02:00,87.0,count/min,Apple Watch di Francesca
2026-10-02T12:10:10Z,2026-10-02T14:10:10+02:00,88.0,count/min,Apple Watch di Francesca
2026-10-02T12:10:15Z,2026-10-02T14:10:15+02:00,89.0,count/min,Apple Watch di Francesca
2026-10-02T12:10:21Z,2026-10-02T14:10:21+02:00,90.0,count/min,Apple Watch di Francesca
2026-10-02T12:10:22Z,2026-10-02T14:10:22+02:00,90.0,count/min,Apple Watch di Francesca
2026-10-02T12:10:31Z,2026-10-02T14:10:31+02:00,121.0,count/min,Apple Watch di Francesca
2026-10-02T12:10:35Z,2026-10-02T14:10:35+02:00,132.0,count/min,Apple Watch di Francesca
2026-10-02T12:10:38Z,2026-10-02T14:10:38+02:00,134.0,count/min,Apple Watch di Francesca
2026-10-02T12:10:46Z,2026-10-02T14:10:46+02:00,119.0,count/min,Apple Watch di Francesca
2026-10-02T12:10:51Z,2026-10-02T14:10:51+02:00,118.0,count/min,Apple Watch di Francesca
2026-10-02T12:10:52Z,2026-10-02T14:10:52+02:00,117.0,count/min,Apple Watch di Francesca
2026-10-02T12:11:01Z,2026-10-02T14:11:01+02:00,108.0,count/min,Apple Watch di Francesca
2026-10-02T12:11:02Z,2026-10-02T14:11:02+02:00,110.0,count/min,Apple Watch di Francesca
2026-10-02T12:11:10Z,2026-10-02T14:11:10+02:00,104.0,count/min,Apple Watch di Francesca
2026-10-02T12:11:12Z,2026-10-02T14:11:12+02:00,108.0,count/min,Apple Watch di Francesca
2026-10-02T12:11:17Z,2026-10-02T14:11:17+02:00,107.0,count/min,Apple Watch di Francesca
2026-10-02T12:11:26Z,2026-10-02T14:11:26+02:00,111.0,count/min,Apple Watch di Francesca
2026-10-02T12:11:31Z,2026-10-02T14:11:31+02:00,122.0,count/min,Apple Watch di Francesca
2026-10-02T12:11:33Z,2026-10-02T14:11:33+02:00,123.0,count/min,Apple Watch di Francesca
2026-10-02T12:11:41Z,2026-10-02T14:11:41+02:00,132.0,count/min,Apple Watch di Francesca
2026-10-02T12:11:46Z,2026-10-02T14:11:46+02:00,137.0,count/min,Apple Watch di Francesca
2026-10-02T12:11:51Z,2026-10-02T14:11:51+02:00,142.0,count/min,Apple Watch di Francesca
2026-10-02T12:11:52Z,2026-10-02T14:11:52+02:00,143.0,count/min,Apple Watch di Francesca
2026-10-02T12:11:57Z,2026-10-02T14:11:57+02:00,147.0,count/min,Apple Watch di Francesca
2026-10-02T12:12:06Z,2026-10-02T14:12:06+02:00,134.0,count/min,Apple Watch di Francesca
2026-10-02T12:12:09Z,2026-10-02T14:12:09+02:00,136.0,count/min,Apple Watch di Francesca
2026-10-02T12:12:16Z,2026-10-02T14:12:16+02:00,143.0,count/min,Apple Watch di Francesca
2026-10-02T12:12:21Z,2026-10-02T14:12:21+02:00,144.0,count/min,Apple Watch di Francesca
2026-10-02T12:12:26Z,2026-10-02T14:12:26+02:00,147.0,count/min,Apple Watch di Francesca
2026-10-02T12:12:30Z,2026-10-02T14:12:30+02:00,149.0,count/min,Apple Watch di Francesca
2026-10-02T12:12:34Z,2026-10-02T14:12:34+02:00,148.0,count/min,Apple Watch di Francesca
2026-10-02T12:12:39Z,2026-10-02T14:12:39+02:00,145.0,count/min,Apple Watch di Francesca
2026-10-02T12:12:46Z,2026-10-02T14:12:46+02:00,132.0,count/min,Apple Watch di Francesca
2026-10-02T12:12:47Z,2026-10-02T14:12:47+02:00,131.0,count/min,Apple Watch di Francesca
2026-10-02T12:12:55Z,2026-10-02T14:12:55+02:00,116.0,count/min,Apple Watch di Francesca
2026-10-02T12:13:00Z,2026-10-02T14:13:00+02:00,118.0,count/min,Apple Watch di Francesca
2026-10-02T12:13:05Z,2026-10-02T14:13:05+02:00,118.0,count/min,Apple Watch di Francesca
2026-10-02T12:13:10Z,2026-10-02T14:13:10+02:00,117.0,count/min,Apple Watch di Francesca
2026-10-02T12:13:15Z,2026-10-02T14:13:15+02:00,116.0,count/min,Apple Watch di Francesca
2026-10-02T12:13:17Z,2026-10-02T14:13:17+02:00,117.0,count/min,Apple Watch di Francesca
2026-10-02T12:13:26Z,2026-10-02T14:13:26+02:00,108.0,count/min,Apple Watch di Francesca
2026-10-02T12:13:27Z,2026-10-02T14:13:27+02:00,108.0,count/min,Apple Watch di Francesca
2026-10-02T12:13:35Z,2026-10-02T14:13:35+02:00,104.0,count/min,Apple Watch di Francesca
2026-10-02T12:13:41Z,2026-10-02T14:13:41+02:00,110.0,count/min,Apple Watch di Francesca
2026-10-02T12:13:43Z,2026-10-02T14:13:43+02:00,110.0,count/min,Apple Watch di Francesca
2026-10-02T12:13:51Z,2026-10-02T14:13:51+02:00,116.0,count/min,Apple Watch di Francesca
2026-10-02T12:13:56Z,2026-10-02T14:13:56+02:00,111.0,count/min,Apple Watch di Francesca
2026-10-02T12:13:59Z,2026-10-02T14:13:59+02:00,109.0,count/min,Apple Watch di Francesca
2026-10-02T12:14:02Z,2026-10-02T14:14:02+02:00,110.0,count/min,Apple Watch di Francesca
2026-10-02T12:14:11Z,2026-10-02T14:14:11+02:00,100.0,count/min,Apple Watch di Francesca
2026-10-02T12:14:12Z,2026-10-02T14:14:12+02:00,101.0,count/min,Apple Watch di Francesca
2026-10-02T12:14:17Z,2026-10-02T14:14:17+02:00,97.0,count/min,Apple Watch di Francesca
2026-10-02T12:14:23Z,2026-10-02T14:14:23+02:00,104.0,count/min,Apple Watch di Francesca
2026-10-02T12:14:31Z,2026-10-02T14:14:31+02:00,114.0,count/min,Apple Watch di Francesca
2026-10-02T12:14:34Z,2026-10-02T14:14:34+02:00,115.0,count/min,Apple Watch di Francesca
2026-10-02T12:14:41Z,2026-10-02T14:14:41+02:00,107.0,count/min,Apple Watch di Francesca
2026-10-02T12:14:47Z,2026-10-02T14:14:47+02:00,102.0,count/min,Apple Watch di Francesca
2026-10-02T12:14:48Z,2026-10-02T14:14:48+02:00,102.0,count/min,Apple Watch di Francesca
2026-10-02T12:14:56Z,2026-10-02T14:14:56+02:00,107.0,count/min,Apple Watch di Francesca
2026-10-02T12:14:58Z,2026-10-02T14:14:58+02:00,106.0,count/min,Apple Watch di Francesca
2026-10-02T12:15:04Z,2026-10-02T14:15:04+02:00,97.0,count/min,Apple Watch di Francesca
2026-10-02T12:15:12Z,2026-10-02T14:15:12+02:00,110.0,count/min,Apple Watch di Francesca
2026-10-02T12:15:14Z,2026-10-02T14:15:14+02:00,111.0,count/min,Apple Watch di Francesca
2026-10-02T12:15:22Z,2026-10-02T14:15:22+02:00,123.0,count/min,Apple Watch di Francesca
2026-10-02T12:15:27Z,2026-10-02T14:15:27+02:00,127.0,count/min,Apple Watch di Francesca
2026-10-02T12:15:32Z,2026-10-02T14:15:32+02:00,119.0,count/min,Apple Watch di Francesca
2026-10-02T12:15:35Z,2026-10-02T14:15:35+02:00,119.0,count/min,Apple Watch di Francesca
2026-10-02T12:15:42Z,2026-10-02T14:15:42+02:00,114.0,count/min,Apple Watch di Francesca
2026-10-02T12:15:43Z,2026-10-02T14:15:43+02:00,114.0,count/min,Apple Watch di Francesca
2026-10-02T12:15:49Z,2026-10-02T14:15:49+02:00,125.0,count/min,Apple Watch di Francesca
2026-10-02T12:15:57Z,2026-10-02T14:15:57+02:00,134.0,count/min,Apple Watch di Francesca
2026-10-02T12:15:58Z,2026-10-02T14:15:58+02:00,135.0,count/min,Apple Watch di Francesca
2026-10-02T12:16:03Z,2026-10-02T14:16:03+02:00,137.0,count/min,Apple Watch di Francesca
2026-10-02T12:16:12Z,2026-10-02T14:16:12+02:00,140.0,count/min,Apple Watch di Francesca
2026-10-02T12:16:17Z,2026-10-02T14:16:17+02:00,141.0,count/min,Apple Watch di Francesca
2026-10-02T12:16:20Z,2026-10-02T14:16:20+02:00,141.0,count/min,Apple Watch di Francesca
2026-10-02T12:16:23Z,2026-10-02T14:16:23+02:00,141.0,count/min,Apple Watch di Francesca
2026-10-02T12:16:30Z,2026-10-02T14:16:30+02:00,147.0,count/min,Apple Watch di Francesca
2026-10-02T12:16:33Z,2026-10-02T14:16:33+02:00,148.0,count/min,Apple Watch di Francesca
2026-10-02T12:16:42Z,2026-10-02T14:16:42+02:00,150.0,count/min,Apple Watch di Francesca
2026-10-02T12:16:45Z,2026-10-02T14:16:45+02:00,151.0,count/min,Apple Watch di Francesca
2026-10-02T12:16:49Z,2026-10-02T14:16:49+02:00,153.0,count/min,Apple Watch di Francesca
2026-10-02T12:16:55Z,2026-10-02T14:16:55+02:00,154.0,count/min,Apple Watch di Francesca
2026-10-02T12:17:01Z,2026-10-02T14:17:01+02:00,155.0,count/min,Apple Watch di Francesca
2026-10-02T12:17:07Z,2026-10-02T14:17:07+02:00,153.0,count/min,Apple Watch di Francesca
2026-10-02T12:17:08Z,2026-10-02T14:17:08+02:00,152.0,count/min,Apple Watch di Francesca
2026-10-02T12:17:17Z,2026-10-02T14:17:17+02:00,152.0,count/min,Apple Watch di Francesca
2026-10-02T12:17:19Z,2026-10-02T14:17:19+02:00,153.0,count/min,Apple Watch di Francesca
2026-10-02T12:17:23Z,2026-10-02T14:17:23+02:00,155.0,count/min,Apple Watch di Francesca
2026-10-02T12:17:31Z,2026-10-02T14:17:31+02:00,159.0,count/min,Apple Watch di Francesca
2026-10-02T12:17:36Z,2026-10-02T14:17:36+02:00,159.0,count/min,Apple Watch di Francesca
2026-10-02T12:17:42Z,2026-10-02T14:17:42+02:00,156.0,count/min,Apple Watch di Francesca
2026-10-02T12:17:45Z,2026-10-02T14:17:45+02:00,154.0,count/min,Apple Watch di Francesca
2026-10-02T12:17:48Z,2026-10-02T14:17:48+02:00,152.0,count/min,Apple Watch di Francesca
2026-10-02T12:17:57Z,2026-10-02T14:17:57+02:00,147.0,count/min,Apple Watch di Francesca
2026-10-02T12:17:59Z,2026-10-02T14:17:59+02:00,147.0,count/min,Apple Watch di Francesca
2026-10-02T12:18:05Z,2026-10-02T14:18:05+02:00,150.0,count/min,Apple Watch di Francesca
2026-10-02T12:18:12Z,2026-10-02T14:18:12+02:00,152.0,count/min,Apple Watch di Francesca
2026-10-02T12:18:15Z,2026-10-02T14:18:15+02:00,151.0,count/min,Apple Watch di Francesca
2026-10-02T12:18:18Z,2026-10-02T14:18:18+02:00,150.0,count/min,Apple Watch di Francesca
2026-10-02T12:18:25Z,2026-10-02T14:18:25+02:00,141.0,count/min,Apple Watch di Francesca
2026-10-02T12:18:28Z,2026-10-02T14:18:28+02:00,144.0,count/min,Apple Watch di Francesca
2026-10-02T12:18:33Z,2026-10-02T14:18:33+02:00,141.0,count/min,Apple Watch di Francesca
2026-10-02T12:18:42Z,2026-10-02T14:18:42+02:00,136.0,count/min,Apple Watch di Francesca
2026-10-02T12:18:47Z,2026-10-02T14:18:47+02:00,134.0,count/min,Apple Watch di Francesca
2026-10-02T12:18:48Z,2026-10-02T14:18:48+02:00,133.0,count/min,Apple Watch di Francesca
2026-10-02T12:18:57Z,2026-10-02T14:18:57+02:00,131.0,count/min,Apple Watch di Francesca
2026-10-02T12:19:02Z,2026-10-02T14:19:02+02:00,135.0,count/min,Apple Watch di Francesca
2026-10-02T12:19:03Z,2026-10-02T14:19:03+02:00,135.0,count/min,Apple Watch di Francesca
2026-10-02T12:19:08Z,2026-10-02T14:19:08+02:00,141.0,count/min,Apple Watch di Francesca
2026-10-02T12:19:16Z,2026-10-02T14:19:16+02:00,141.0,count/min,Apple Watch di Francesca
2026-10-02T12:19:18Z,2026-10-02T14:19:18+02:00,140.0,count/min,Apple Watch di Francesca
2026-10-02T12:19:26Z,2026-10-02T14:19:26+02:00,130.0,count/min,Apple Watch di Francesca
2026-10-02T12:19:31Z,2026-10-02T14:19:31+02:00,121.0,count/min,Apple Watch di Francesca
2026-10-02T12:19:33Z,2026-10-02T14:19:33+02:00,121.0,count/min,Apple Watch di Francesca
2026-10-02T12:19:41Z,2026-10-02T14:19:41+02:00,125.0,count/min,Apple Watch di Francesca
2026-10-02T12:19:47Z,2026-10-02T14:19:47+02:00,131.0,count/min,Apple Watch di Francesca
2026-10-02T12:19:51Z,2026-10-02T14:19:51+02:00,128.0,count/min,Apple Watch di Francesca
2026-10-02T12:19:57Z,2026-10-02T14:19:57+02:00,132.0,count/min,Apple Watch di Francesca
2026-10-02T12:19:58Z,2026-10-02T14:19:58+02:00,131.0,count/min,Apple Watch di Francesca
2026-10-02T12:20:04Z,2026-10-02T14:20:04+02:00,128.0,count/min,Apple Watch di Francesca
2026-10-02T12:20:08Z,2026-10-02T14:20:08+02:00,131.0,count/min,Apple Watch di Francesca
2026-10-02T12:20:17Z,2026-10-02T14:20:17+02:00,127.0,count/min,Apple Watch di Francesca
2026-10-02T12:20:19Z,2026-10-02T14:20:19+02:00,124.0,count/min,Apple Watch di Francesca
2026-10-02T12:20:23Z,2026-10-02T14:20:23+02:00,126.0,count/min,Apple Watch di Francesca
2026-10-02T12:20:32Z,2026-10-02T14:20:32+02:00,119.0,count/min,Apple Watch di Francesca
2026-10-02T12:20:34Z,2026-10-02T14:20:34+02:00,122.0,count/min,Apple Watch di Francesca
2026-10-02T12:20:38Z,2026-10-02T14:20:38+02:00,116.0,count/min,Apple Watch di Francesca
2026-10-02T12:20:47Z,2026-10-02T14:20:47+02:00,115.0,count/min,Apple Watch di Francesca
2026-10-02T12:20:50Z,2026-10-02T14:20:50+02:00,114.0,count/min,Apple Watch di Francesca
2026-10-02T12:20:56Z,2026-10-02T14:20:56+02:00,117.0,count/min,Apple Watch di Francesca
2026-10-02T12:21:01Z,2026-10-02T14:21:01+02:00,123.0,count/min,Apple Watch di Francesca
2026-10-02T12:21:03Z,2026-10-02T14:21:03+02:00,125.0,count/min,Apple Watch di Francesca
2026-10-02T12:21:12Z,2026-10-02T14:21:12+02:00,132.0,count/min,Apple Watch di Francesca
2026-10-02T12:21:15Z,2026-10-02T14:21:15+02:00,133.0,count/min,Apple Watch di Francesca
2026-10-02T12:21:22Z,2026-10-02T14:21:22+02:00,137.0,count/min,Apple Watch di Francesca
2026-10-02T12:21:26Z,2026-10-02T14:21:26+02:00,141.0,count/min,Apple Watch di Francesca
2026-10-02T12:21:31Z,2026-10-02T14:21:31+02:00,138.0,count/min,Apple Watch di Francesca
2026-10-02T12:21:36Z,2026-10-02T14:21:36+02:00,133.0,count/min,Apple Watch di Francesca
2026-10-02T12:21:41Z,2026-10-02T14:21:41+02:00,132.0,count/min,Apple Watch di Francesca
2026-10-02T12:21:47Z,2026-10-02T14:21:47+02:00,134.0,count/min,Apple Watch di Francesca
2026-10-02T12:21:48Z,2026-10-02T14:21:48+02:00,133.0,count/min,Apple Watch di Francesca
2026-10-02T12:21:53Z,2026-10-02T14:21:53+02:00,130.0,count/min,Apple Watch di Francesca
2026-10-02T12:22:00Z,2026-10-02T14:22:00+02:00,138.0,count/min,Apple Watch di Francesca
2026-10-02T12:22:03Z,2026-10-02T14:22:03+02:00,139.0,count/min,Apple Watch di Francesca
2026-10-02T12:22:12Z,2026-10-02T14:22:12+02:00,142.0,count/min,Apple Watch di Francesca
2026-10-02T12:22:13Z,2026-10-02T14:22:13+02:00,142.0,count/min,Apple Watch di Francesca
2026-10-02T12:22:19Z,2026-10-02T14:22:19+02:00,144.0,count/min,Apple Watch di Francesca
2026-10-02T12:22:27Z,2026-10-02T14:22:27+02:00,144.0,count/min,Apple Watch di Francesca
2026-10-02T12:22:28Z,2026-10-02T14:22:28+02:00,145.0,count/min,Apple Watch di Francesca
2026-10-02T12:22:34Z,2026-10-02T14:22:34+02:00,149.0,count/min,Apple Watch di Francesca
2026-10-02T12:22:42Z,2026-10-02T14:22:42+02:00,146.0,count/min,Apple Watch di Francesca
2026-10-02T12:22:47Z,2026-10-02T14:22:47+02:00,148.0,count/min,Apple Watch di Francesca
2026-10-02T12:22:50Z,2026-10-02T14:22:50+02:00,149.0,count/min,Apple Watch di Francesca
2026-10-02T12:22:57Z,2026-10-02T14:22:57+02:00,139.0,count/min,Apple Watch di Francesca
2026-10-02T12:23:01Z,2026-10-02T14:23:01+02:00,141.0,count/min,Apple Watch di Francesca
2026-10-02T12:23:03Z,2026-10-02T14:23:03+02:00,141.0,count/min,Apple Watch di Francesca
2026-10-02T12:23:12Z,2026-10-02T14:23:12+02:00,145.0,count/min,Apple Watch di Francesca
2026-10-02T12:23:13Z,2026-10-02T14:23:13+02:00,145.0,count/min,Apple Watch di Francesca
2026-10-02T12:23:21Z,2026-10-02T14:23:21+02:00,145.0,count/min,Apple Watch di Francesca
2026-10-02T12:23:27Z,2026-10-02T14:23:27+02:00,146.0,count/min,Apple Watch di Francesca
2026-10-02T12:23:32Z,2026-10-02T14:23:32+02:00,148.0,count/min,Apple Watch di Francesca
2026-10-02T12:23:37Z,2026-10-02T14:23:37+02:00,143.0,count/min,Apple Watch di Francesca
2026-10-02T12:23:38Z,2026-10-02T14:23:38+02:00,143.0,count/min,Apple Watch di Francesca
2026-10-02T12:23:47Z,2026-10-02T14:23:47+02:00,129.0,count/min,Apple Watch di Francesca
2026-10-02T12:23:50Z,2026-10-02T14:23:50+02:00,130.0,count/min,Apple Watch di Francesca
2026-10-02T12:23:57Z,2026-10-02T14:23:57+02:00,125.0,count/min,Apple Watch di Francesca
2026-10-02T12:23:58Z,2026-10-02T14:23:58+02:00,125.0,count/min,Apple Watch di Francesca
2026-10-02T12:24:03Z,2026-10-02T14:24:03+02:00,123.0,count/min,Apple Watch di Francesca
2026-10-02T12:24:12Z,2026-10-02T14:24:12+02:00,129.0,count/min,Apple Watch di Francesca
2026-10-02T12:24:15Z,2026-10-02T14:24:15+02:00,128.0,count/min,Apple Watch di Francesca
2026-10-02T12:24:19Z,2026-10-02T14:24:19+02:00,130.0,count/min,Apple Watch di Francesca
2026-10-02T12:24:23Z,2026-10-02T14:24:23+02:00,135.0,count/min,Apple Watch di Francesca
2026-10-02T12:24:30Z,2026-10-02T14:24:30+02:00,138.0,count/min,Apple Watch di Francesca
2026-10-02T12:24:37Z,2026-10-02T14:24:37+02:00,142.0,count/min,Apple Watch di Francesca
2026-10-02T12:24:40Z,2026-10-02T14:24:40+02:00,142.0,count/min,Apple Watch di Francesca
2026-10-02T12:24:43Z,2026-10-02T14:24:43+02:00,143.0,count/min,Apple Watch di Francesca
2026-10-02T12:24:52Z,2026-10-02T14:24:52+02:00,149.0,count/min,Apple Watch di Francesca
2026-10-02T12:24:57Z,2026-10-02T14:24:57+02:00,152.0,count/min,Apple Watch di Francesca
2026-10-02T12:25:01Z,2026-10-02T14:25:01+02:00,154.0,count/min,Apple Watch di Francesca
2026-10-02T12:25:04Z,2026-10-02T14:25:04+02:00,156.0,count/min,Apple Watch di Francesca
2026-10-02T12:25:12Z,2026-10-02T14:25:12+02:00,161.0,count/min,Apple Watch di Francesca
2026-10-02T12:25:13Z,2026-10-02T14:25:13+02:00,162.0,count/min,Apple Watch di Francesca
2026-10-02T12:25:18Z,2026-10-02T14:25:18+02:00,163.0,count/min,Apple Watch di Francesca
2026-10-02T12:25:27Z,2026-10-02T14:25:27+02:00,162.0,count/min,Apple Watch di Francesca
2026-10-02T12:25:28Z,2026-10-02T14:25:28+02:00,161.0,count/min,Apple Watch di Francesca
2026-10-02T12:25:34Z,2026-10-02T14:25:34+02:00,156.0,count/min,Apple Watch di Francesca
2026-10-02T12:25:40Z,2026-10-02T14:25:40+02:00,156.0,count/min,Apple Watch di Francesca
2026-10-02T12:25:46Z,2026-10-02T14:25:46+02:00,155.0,count/min,Apple Watch di Francesca
2026-10-02T12:25:52Z,2026-10-02T14:25:52+02:00,156.0,count/min,Apple Watch di Francesca
2026-10-02T12:25:53Z,2026-10-02T14:25:53+02:00,156.0,count/min,Apple Watch di Francesca
2026-10-02T12:25:59Z,2026-10-02T14:25:59+02:00,157.0,count/min,Apple Watch di Francesca
2026-10-02T12:26:07Z,2026-10-02T14:26:07+02:00,154.0,count/min,Apple Watch di Francesca
2026-10-02T12:26:09Z,2026-10-02T14:26:09+02:00,154.0,count/min,Apple Watch di Francesca
2026-10-02T12:26:13Z,2026-10-02T14:26:13+02:00,155.0,count/min,Apple Watch di Francesca
2026-10-02T12:26:19Z,2026-10-02T14:26:19+02:00,158.0,count/min,Apple Watch di Francesca
2026-10-02T12:26:27Z,2026-10-02T14:26:27+02:00,153.0,count/min,Apple Watch di Francesca
2026-10-02T12:26:29Z,2026-10-02T14:26:29+02:00,153.0,count/min,Apple Watch di Francesca
2026-10-02T12:26:33Z,2026-10-02T14:26:33+02:00,151.0,count/min,Apple Watch di Francesca
2026-10-02T12:26:39Z,2026-10-02T14:26:39+02:00,150.0,count/min,Apple Watch di Francesca
2026-10-02T12:26:45Z,2026-10-02T14:26:45+02:00,142.0,count/min,Apple Watch di Francesca
2026-10-02T12:26:51Z,2026-10-02T14:26:51+02:00,143.0,count/min,Apple Watch di Francesca
2026-10-02T12:26:57Z,2026-10-02T14:26:57+02:00,143.0,count/min,Apple Watch di Francesca
2026-10-02T12:27:01Z,2026-10-02T14:27:01+02:00,144.0,count/min,Apple Watch di Francesca
2026-10-02T12:27:04Z,2026-10-02T14:27:04+02:00,144.0,count/min,Apple Watch di Francesca
2026-10-02T12:27:10Z,2026-10-02T14:27:10+02:00,144.0,count/min,Apple Watch di Francesca
2026-10-02T12:27:13Z,2026-10-02T14:27:13+02:00,140.0,count/min,Apple Watch di Francesca
2026-10-02T12:27:18Z,2026-10-02T14:27:18+02:00,138.0,count/min,Apple Watch di Francesca
2026-10-02T12:27:23Z,2026-10-02T14:27:23+02:00,135.0,count/min,Apple Watch di Francesca
2026-10-02T12:27:28Z,2026-10-02T14:27:28+02:00,135.0,count/min,Apple Watch di Francesca
2026-10-02T12:27:37Z,2026-10-02T14:27:37+02:00,168.0,count/min,Apple Watch di Francesca
2026-10-02T12:27:39Z,2026-10-02T14:27:39+02:00,168.0,count/min,Apple Watch di Francesca
2026-10-02T12:27:43Z,2026-10-02T14:27:43+02:00,162.0,count/min,Apple Watch di Francesca
2026-10-02T12:27:52Z,2026-10-02T14:27:52+02:00,151.0,count/min,Apple Watch di Francesca
2026-10-02T12:27:56Z,2026-10-02T14:27:56+02:00,155.0,count/min,Apple Watch di Francesca
2026-10-02T12:27:58Z,2026-10-02T14:27:58+02:00,155.0,count/min,Apple Watch di Francesca
2026-10-02T12:28:07Z,2026-10-02T14:28:07+02:00,141.0,count/min,Apple Watch di Francesca
2026-10-02T12:28:09Z,2026-10-02T14:28:09+02:00,142.0,count/min,Apple Watch di Francesca
2026-10-02T12:28:17Z,2026-10-02T14:28:17+02:00,133.0,count/min,Apple Watch di Francesca
2026-10-02T12:28:21Z,2026-10-02T14:28:21+02:00,132.0,count/min,Apple Watch di Francesca
2026-10-02T12:28:27Z,2026-10-02T14:28:27+02:00,124.0,count/min,Apple Watch di Francesca
2026-10-02T12:28:30Z,2026-10-02T14:28:30+02:00,124.0,count/min,Apple Watch di Francesca
2026-10-02T12:28:37Z,2026-10-02T14:28:37+02:00,115.0,count/min,Apple Watch di Francesca
2026-10-02T12:28:38Z,2026-10-02T14:28:38+02:00,117.0,count/min,Apple Watch di Francesca
2026-10-02T12:28:46Z,2026-10-02T14:28:46+02:00,129.0,count/min,Apple Watch di Francesca
2026-10-02T12:28:51Z,2026-10-02T14:28:51+02:00,123.0,count/min,Apple Watch di Francesca
2026-10-02T12:28:53Z,2026-10-02T14:28:53+02:00,122.0,count/min,Apple Watch di Francesca
2026-10-02T12:29:01Z,2026-10-02T14:29:01+02:00,127.0,count/min,Apple Watch di Francesca
2026-10-02T12:29:03Z,2026-10-02T14:29:03+02:00,128.0,count/min,Apple Watch di Francesca
2026-10-02T12:29:12Z,2026-10-02T14:29:12+02:00,136.0,count/min,Apple Watch di Francesca
2026-10-02T12:29:17Z,2026-10-02T14:29:17+02:00,138.0,count/min,Apple Watch di Francesca
2026-10-02T12:29:20Z,2026-10-02T14:29:20+02:00,140.0,count/min,Apple Watch di Francesca
2026-10-02T12:29:23Z,2026-10-02T14:29:23+02:00,142.0,count/min,Apple Watch di Francesca
2026-10-02T12:29:28Z,2026-10-02T14:29:28+02:00,146.0,count/min,Apple Watch di Francesca
2026-10-02T12:29:37Z,2026-10-02T14:29:37+02:00,153.0,count/min,Apple Watch di Francesca
2026-10-02T12:29:42Z,2026-10-02T14:29:42+02:00,158.0,count/min,Apple Watch di Francesca
2026-10-02T12:29:46Z,2026-10-02T14:29:46+02:00,159.0,count/min,Apple Watch di Francesca
2026-10-02T12:29:52Z,2026-10-02T14:29:52+02:00,155.0,count/min,Apple Watch di Francesca
2026-10-02T12:29:55Z,2026-10-02T14:29:55+02:00,154.0,count/min,Apple Watch di Francesca
2026-10-02T12:29:59Z,2026-10-02T14:29:59+02:00,155.0,count/min,Apple Watch di Francesca
2026-10-02T12:30:04Z,2026-10-02T14:30:04+02:00,158.0,count/min,Apple Watch di Francesca
2026-10-02T12:30:12Z,2026-10-02T14:30:12+02:00,149.0,count/min,Apple Watch di Francesca
2026-10-02T12:30:17Z,2026-10-02T14:30:17+02:00,153.0,count/min,Apple Watch di Francesca
2026-10-02T12:30:22Z,2026-10-02T14:30:22+02:00,156.0,count/min,Apple Watch di Francesca
2026-10-02T12:30:26Z,2026-10-02T14:30:26+02:00,155.0,count/min,Apple Watch di Francesca
2026-10-02T12:30:32Z,2026-10-02T14:30:32+02:00,155.0,count/min,Apple Watch di Francesca
2026-10-02T12:30:37Z,2026-10-02T14:30:37+02:00,153.0,count/min,Apple Watch di Francesca
2026-10-02T12:30:38Z,2026-10-02T14:30:38+02:00,152.0,count/min,Apple Watch di Francesca
2026-10-02T12:30:47Z,2026-10-02T14:30:47+02:00,136.0,count/min,Apple Watch di Francesca
2026-10-02T12:30:49Z,2026-10-02T14:30:49+02:00,133.0,count/min,Apple Watch di Francesca
2026-10-02T12:30:57Z,2026-10-02T14:30:57+02:00,137.0,count/min,Apple Watch di Francesca
2026-10-02T12:31:02Z,2026-10-02T14:31:02+02:00,134.0,count/min,Apple Watch di Francesca
2026-10-02T12:31:03Z,2026-10-02T14:31:03+02:00,132.0,count/min,Apple Watch di Francesca
2026-10-02T12:31:12Z,2026-10-02T14:31:12+02:00,129.0,count/min,Apple Watch di Francesca
2026-10-02T12:31:17Z,2026-10-02T14:31:17+02:00,134.0,count/min,Apple Watch di Francesca
2026-10-02T12:31:22Z,2026-10-02T14:31:22+02:00,140.0,count/min,Apple Watch di Francesca
2026-10-02T12:31:23Z,2026-10-02T14:31:23+02:00,141.0,count/min,Apple Watch di Francesca
2026-10-02T12:31:28Z,2026-10-02T14:31:28+02:00,145.0,count/min,Apple Watch di Francesca
2026-10-02T12:31:37Z,2026-10-02T14:31:37+02:00,141.0,count/min,Apple Watch di Francesca
2026-10-02T12:31:39Z,2026-10-02T14:31:39+02:00,143.0,count/min,Apple Watch di Francesca
2026-10-02T12:31:47Z,2026-10-02T14:31:47+02:00,156.0,count/min,Apple Watch di Francesca
2026-10-02T12:31:52Z,2026-10-02T14:31:52+02:00,163.0,count/min,Apple Watch di Francesca
2026-10-02T12:31:57Z,2026-10-02T14:31:57+02:00,165.0,count/min,Apple Watch di Francesca
2026-10-02T12:31:59Z,2026-10-02T14:31:59+02:00,165.0,count/min,Apple Watch di Francesca
2026-10-02T12:32:04Z,2026-10-02T14:32:04+02:00,167.0,count/min,Apple Watch di Francesca
2026-10-02T12:32:10Z,2026-10-02T14:32:10+02:00,170.0,count/min,Apple Watch di Francesca
2026-10-02T12:32:14Z,2026-10-02T14:32:14+02:00,171.0,count/min,Apple Watch di Francesca
2026-10-02T12:32:21Z,2026-10-02T14:32:21+02:00,174.0,count/min,Apple Watch di Francesca
2026-10-02T12:32:26Z,2026-10-02T14:32:26+02:00,175.0,count/min,Apple Watch di Francesca
2026-10-02T12:32:31Z,2026-10-02T14:32:31+02:00,175.0,count/min,Apple Watch di Francesca
2026-10-02T12:32:33Z,2026-10-02T14:32:33+02:00,176.0,count/min,Apple Watch di Francesca
2026-10-02T12:32:38Z,2026-10-02T14:32:38+02:00,178.0,count/min,Apple Watch di Francesca
2026-10-02T12:32:44Z,2026-10-02T14:32:44+02:00,178.0,count/min,Apple Watch di Francesca
2026-10-02T12:32:51Z,2026-10-02T14:32:51+02:00,179.0,count/min,Apple Watch di Francesca
2026-10-02T12:32:55Z,2026-10-02T14:32:55+02:00,180.0,count/min,Apple Watch di Francesca
2026-10-02T12:33:00Z,2026-10-02T14:33:00+02:00,181.0,count/min,Apple Watch di Francesca
2026-10-02T12:33:03Z,2026-10-02T14:33:03+02:00,179.0,count/min,Apple Watch di Francesca
2026-10-02T12:33:08Z,2026-10-02T14:33:08+02:00,177.0,count/min,Apple Watch di Francesca
2026-10-02T12:33:17Z,2026-10-02T14:33:17+02:00,171.0,count/min,Apple Watch di Francesca
2026-10-02T12:33:22Z,2026-10-02T14:33:22+02:00,173.0,count/min,Apple Watch di Francesca
2026-10-02T12:33:25Z,2026-10-02T14:33:25+02:00,174.0,count/min,Apple Watch di Francesca
2026-10-02T12:33:32Z,2026-10-02T14:33:32+02:00,177.0,count/min,Apple Watch di Francesca
2026-10-02T12:33:34Z,2026-10-02T14:33:34+02:00,177.0,count/min,Apple Watch di Francesca
2026-10-02T12:33:38Z,2026-10-02T14:33:38+02:00,179.0,count/min,Apple Watch di Francesca
2026-10-02T12:33:43Z,2026-10-02T14:33:43+02:00,180.0,count/min,Apple Watch di Francesca
2026-10-02T12:33:52Z,2026-10-02T14:33:52+02:00,181.0,count/min,Apple Watch di Francesca
2026-10-02T12:33:55Z,2026-10-02T14:33:55+02:00,182.0,count/min,Apple Watch di Francesca
2026-10-02T12:33:58Z,2026-10-02T14:33:58+02:00,184.0,count/min,Apple Watch di Francesca
2026-10-02T12:34:06Z,2026-10-02T14:34:06+02:00,180.0,count/min,Apple Watch di Francesca
2026-10-02T12:34:12Z,2026-10-02T14:34:12+02:00,179.0,count/min,Apple Watch di Francesca
2026-10-02T12:34:17Z,2026-10-02T14:34:17+02:00,180.0,count/min,Apple Watch di Francesca
2026-10-02T12:34:19Z,2026-10-02T14:34:19+02:00,180.0,count/min,Apple Watch di Francesca
2026-10-02T12:34:26Z,2026-10-02T14:34:26+02:00,175.0,count/min,Apple Watch di Francesca
2026-10-02T12:34:28Z,2026-10-02T14:34:28+02:00,175.0,count/min,Apple Watch di Francesca
2026-10-02T12:34:33Z,2026-10-02T14:34:33+02:00,169.0,count/min,Apple Watch di Francesca
2026-10-02T12:34:40Z,2026-10-02T14:34:40+02:00,168.0,count/min,Apple Watch di Francesca
2026-10-02T12:34:46Z,2026-10-02T14:34:46+02:00,170.0,count/min,Apple Watch di Francesca
2026-10-02T12:34:51Z,2026-10-02T14:34:51+02:00,172.0,count/min,Apple Watch di Francesca
2026-10-02T12:34:53Z,2026-10-02T14:34:53+02:00,173.0,count/min,Apple Watch di Francesca
2026-10-02T12:35:01Z,2026-10-02T14:35:01+02:00,172.0,count/min,Apple Watch di Francesca
2026-10-02T12:35:04Z,2026-10-02T14:35:04+02:00,171.0,count/min,Apple Watch di Francesca
2026-10-02T12:35:11Z,2026-10-02T14:35:11+02:00,166.0,count/min,Apple Watch di Francesca
2026-10-02T12:35:15Z,2026-10-02T14:35:15+02:00,162.0,count/min,Apple Watch di Francesca
2026-10-02T12:35:18Z,2026-10-02T14:35:18+02:00,160.0,count/min,Apple Watch di Francesca
2026-10-02T12:35:23Z,2026-10-02T14:35:23+02:00,156.0,count/min,Apple Watch di Francesca
2026-10-02T12:35:32Z,2026-10-02T14:35:32+02:00,161.0,count/min,Apple Watch di Francesca
2026-10-02T12:35:37Z,2026-10-02T14:35:37+02:00,165.0,count/min,Apple Watch di Francesca
2026-10-02T12:35:41Z,2026-10-02T14:35:41+02:00,168.0,count/min,Apple Watch di Francesca
2026-10-02T12:35:46Z,2026-10-02T14:35:46+02:00,172.0,count/min,Apple Watch di Francesca
2026-10-02T12:35:51Z,2026-10-02T14:35:51+02:00,174.0,count/min,Apple Watch di Francesca
2026-10-02T12:35:57Z,2026-10-02T14:35:57+02:00,171.0,count/min,Apple Watch di Francesca
2026-10-02T12:35:58Z,2026-10-02T14:35:58+02:00,170.0,count/min,Apple Watch di Francesca
2026-10-02T12:36:03Z,2026-10-02T14:36:03+02:00,170.0,count/min,Apple Watch di Francesca
2026-10-02T12:36:09Z,2026-10-02T14:36:09+02:00,168.0,count/min,Apple Watch di Francesca
2026-10-02T12:36:15Z,2026-10-02T14:36:15+02:00,162.0,count/min,Apple Watch di Francesca
2026-10-02T12:36:22Z,2026-10-02T14:36:22+02:00,163.0,count/min,Apple Watch di Francesca
2026-10-02T12:36:26Z,2026-10-02T14:36:26+02:00,165.0,count/min,Apple Watch di Francesca
2026-10-02T12:36:32Z,2026-10-02T14:36:32+02:00,164.0,count/min,Apple Watch di Francesca
2026-10-02T12:36:33Z,2026-10-02T14:36:33+02:00,164.0,count/min,Apple Watch di Francesca
2026-10-02T12:36:38Z,2026-10-02T14:36:38+02:00,167.0,count/min,Apple Watch di Francesca
2026-10-02T12:36:44Z,2026-10-02T14:36:44+02:00,167.0,count/min,Apple Watch di Francesca
2026-10-02T12:36:49Z,2026-10-02T14:36:49+02:00,161.0,count/min,Apple Watch di Francesca
2026-10-02T12:36:53Z,2026-10-02T14:36:53+02:00,160.0,count/min,Apple Watch di Francesca
2026-10-02T12:37:01Z,2026-10-02T14:37:01+02:00,154.0,count/min,Apple Watch di Francesca
2026-10-02T12:37:03Z,2026-10-02T14:37:03+02:00,155.0,count/min,Apple Watch di Francesca
2026-10-02T12:37:09Z,2026-10-02T14:37:09+02:00,160.0,count/min,Apple Watch di Francesca
2026-10-02T12:37:17Z,2026-10-02T14:37:17+02:00,160.0,count/min,Apple Watch di Francesca
2026-10-02T12:37:22Z,2026-10-02T14:37:22+02:00,162.0,count/min,Apple Watch di Francesca
2026-10-02T12:37:27Z,2026-10-02T14:37:27+02:00,162.0,count/min,Apple Watch di Francesca
2026-10-02T12:37:31Z,2026-10-02T14:37:31+02:00,163.0,count/min,Apple Watch di Francesca
2026-10-02T12:37:36Z,2026-10-02T14:37:36+02:00,165.0,count/min,Apple Watch di Francesca
2026-10-02T12:37:39Z,2026-10-02T14:37:39+02:00,166.0,count/min,Apple Watch di Francesca
2026-10-02T12:37:44Z,2026-10-02T14:37:44+02:00,168.0,count/min,Apple Watch di Francesca
2026-10-02T12:37:49Z,2026-10-02T14:37:49+02:00,168.0,count/min,Apple Watch di Francesca
2026-10-02T12:37:57Z,2026-10-02T14:37:57+02:00,164.0,count/min,Apple Watch di Francesca
2026-10-02T12:37:59Z,2026-10-02T14:37:59+02:00,163.0,count/min,Apple Watch di Francesca
2026-10-02T12:38:06Z,2026-10-02T14:38:06+02:00,160.0,count/min,Apple Watch di Francesca
2026-10-02T12:38:09Z,2026-10-02T14:38:09+02:00,161.0,count/min,Apple Watch di Francesca
2026-10-02T12:38:17Z,2026-10-02T14:38:17+02:00,154.0,count/min,Apple Watch di Francesca
2026-10-02T12:38:19Z,2026-10-02T14:38:19+02:00,154.0,count/min,Apple Watch di Francesca
2026-10-02T12:38:24Z,2026-10-02T14:38:24+02:00,159.0,count/min,Apple Watch di Francesca
2026-10-02T12:38:32Z,2026-10-02T14:38:32+02:00,166.0,count/min,Apple Watch di Francesca
2026-10-02T12:38:36Z,2026-10-02T14:38:36+02:00,165.0,count/min,Apple Watch di Francesca
2026-10-02T12:38:40Z,2026-10-02T14:38:40+02:00,164.0,count/min,Apple Watch di Francesca
2026-10-02T12:38:44Z,2026-10-02T14:38:44+02:00,162.0,count/min,Apple Watch di Francesca
2026-10-02T12:38:50Z,2026-10-02T14:38:50+02:00,165.0,count/min,Apple Watch di Francesca
2026-10-02T12:38:57Z,2026-10-02T14:38:57+02:00,157.0,count/min,Apple Watch di Francesca
2026-10-02T12:39:00Z,2026-10-02T14:39:00+02:00,156.0,count/min,Apple Watch di Francesca
2026-10-02T12:39:03Z,2026-10-02T14:39:03+02:00,154.0,count/min,Apple Watch di Francesca
2026-10-02T12:39:10Z,2026-10-02T14:39:10+02:00,156.0,count/min,Apple Watch di Francesca
2026-10-02T12:39:15Z,2026-10-02T14:39:15+02:00,156.0,count/min,Apple Watch di Francesca
2026-10-02T12:39:21Z,2026-10-02T14:39:21+02:00,159.0,count/min,Apple Watch di Francesca
2026-10-02T12:39:25Z,2026-10-02T14:39:25+02:00,159.0,count/min,Apple Watch di Francesca
2026-10-02T12:39:31Z,2026-10-02T14:39:31+02:00,159.0,count/min,Apple Watch di Francesca
2026-10-02T12:39:37Z,2026-10-02T14:39:37+02:00,161.0,count/min,Apple Watch di Francesca
2026-10-02T12:39:40Z,2026-10-02T14:39:40+02:00,160.0,count/min,Apple Watch di Francesca
2026-10-02T12:39:45Z,2026-10-02T14:39:45+02:00,159.0,count/min,Apple Watch di Francesca
2026-10-02T12:39:48Z,2026-10-02T14:39:48+02:00,161.0,count/min,Apple Watch di Francesca
2026-10-02T12:39:53Z,2026-10-02T14:39:53+02:00,165.0,count/min,Apple Watch di Francesca
2026-10-02T12:40:01Z,2026-10-02T14:40:01+02:00,157.0,count/min,Apple Watch di Francesca
2026-10-02T12:40:06Z,2026-10-02T14:40:06+02:00,156.0,count/min,Apple Watch di Francesca
2026-10-02T12:40:08Z,2026-10-02T14:40:08+02:00,155.0,count/min,Apple Watch di Francesca
2026-10-02T12:40:15Z,2026-10-02T14:40:15+02:00,159.0,count/min,Apple Watch di Francesca
2026-10-02T12:40:21Z,2026-10-02T14:40:21+02:00,161.0,count/min,Apple Watch di Francesca
2026-10-02T12:40:27Z,2026-10-02T14:40:27+02:00,163.0,count/min,Apple Watch di Francesca
2026-10-02T12:40:31Z,2026-10-02T14:40:31+02:00,164.0,count/min,Apple Watch di Francesca
2026-10-02T12:40:36Z,2026-10-02T14:40:36+02:00,163.0,count/min,Apple Watch di Francesca
2026-10-02T12:40:40Z,2026-10-02T14:40:40+02:00,162.0,count/min,Apple Watch di Francesca
2026-10-02T12:40:45Z,2026-10-02T14:40:45+02:00,163.0,count/min,Apple Watch di Francesca
2026-10-02T12:40:52Z,2026-10-02T14:40:52+02:00,160.0,count/min,Apple Watch di Francesca
2026-10-02T12:40:54Z,2026-10-02T14:40:54+02:00,160.0,count/min,Apple Watch di Francesca
2026-10-02T12:40:58Z,2026-10-02T14:40:58+02:00,160.0,count/min,Apple Watch di Francesca
2026-10-02T12:41:07Z,2026-10-02T14:41:07+02:00,167.0,count/min,Apple Watch di Francesca
2026-10-02T12:41:10Z,2026-10-02T14:41:10+02:00,169.0,count/min,Apple Watch di Francesca
2026-10-02T12:41:17Z,2026-10-02T14:41:17+02:00,170.0,count/min,Apple Watch di Francesca
2026-10-02T12:41:22Z,2026-10-02T14:41:22+02:00,170.0,count/min,Apple Watch di Francesca
2026-10-02T12:41:23Z,2026-10-02T14:41:23+02:00,171.0,count/min,Apple Watch di Francesca
2026-10-02T12:41:30Z,2026-10-02T14:41:30+02:00,174.0,count/min,Apple Watch di Francesca
2026-10-02T12:41:36Z,2026-10-02T14:41:36+02:00,176.0,count/min,Apple Watch di Francesca
2026-10-02T12:41:40Z,2026-10-02T14:41:40+02:00,176.0,count/min,Apple Watch di Francesca
2026-10-02T12:41:45Z,2026-10-02T14:41:45+02:00,175.0,count/min,Apple Watch di Francesca
2026-10-02T12:41:50Z,2026-10-02T14:41:50+02:00,175.0,count/min,Apple Watch di Francesca
2026-10-02T12:41:56Z,2026-10-02T14:41:56+02:00,177.0,count/min,Apple Watch di Francesca
2026-10-02T12:41:59Z,2026-10-02T14:41:59+02:00,176.0,count/min,Apple Watch di Francesca
2026-10-02T12:42:07Z,2026-10-02T14:42:07+02:00,170.0,count/min,Apple Watch di Francesca
2026-10-02T12:42:09Z,2026-10-02T14:42:09+02:00,170.0,count/min,Apple Watch di Francesca
2026-10-02T12:42:13Z,2026-10-02T14:42:13+02:00,173.0,count/min,Apple Watch di Francesca
2026-10-02T12:42:18Z,2026-10-02T14:42:18+02:00,175.0,count/min,Apple Watch di Francesca
2026-10-02T12:42:26Z,2026-10-02T14:42:26+02:00,178.0,count/min,Apple Watch di Francesca
2026-10-02T12:42:32Z,2026-10-02T14:42:32+02:00,177.0,count/min,Apple Watch di Francesca
2026-10-02T12:42:33Z,2026-10-02T14:42:33+02:00,177.0,count/min,Apple Watch di Francesca
2026-10-02T12:42:40Z,2026-10-02T14:42:40+02:00,175.0,count/min,Apple Watch di Francesca
2026-10-02T12:42:44Z,2026-10-02T14:42:44+02:00,170.0,count/min,Apple Watch di Francesca
2026-10-02T12:42:48Z,2026-10-02T14:42:48+02:00,166.0,count/min,Apple Watch di Francesca
2026-10-02T12:42:53Z,2026-10-02T14:42:53+02:00,164.0,count/min,Apple Watch di Francesca
2026-10-02T12:43:02Z,2026-10-02T14:43:02+02:00,168.0,count/min,Apple Watch di Francesca
2026-10-02T12:43:06Z,2026-10-02T14:43:06+02:00,171.0,count/min,Apple Watch di Francesca
2026-10-02T12:43:11Z,2026-10-02T14:43:11+02:00,170.0,count/min,Apple Watch di Francesca
2026-10-02T12:43:17Z,2026-10-02T14:43:17+02:00,168.0,count/min,Apple Watch di Francesca
2026-10-02T12:43:19Z,2026-10-02T14:43:19+02:00,168.0,count/min,Apple Watch di Francesca
2026-10-02T12:43:23Z,2026-10-02T14:43:23+02:00,168.0,count/min,Apple Watch di Francesca
2026-10-02T12:43:32Z,2026-10-02T14:43:32+02:00,167.0,count/min,Apple Watch di Francesca
2026-10-02T12:43:37Z,2026-10-02T14:43:37+02:00,168.0,count/min,Apple Watch di Francesca
2026-10-02T12:43:41Z,2026-10-02T14:43:41+02:00,169.0,count/min,Apple Watch di Francesca
2026-10-02T12:43:46Z,2026-10-02T14:43:46+02:00,168.0,count/min,Apple Watch di Francesca
2026-10-02T12:43:52Z,2026-10-02T14:43:52+02:00,164.0,count/min,Apple Watch di Francesca
2026-10-02T12:43:55Z,2026-10-02T14:43:55+02:00,164.0,count/min,Apple Watch di Francesca
2026-10-02T12:43:58Z,2026-10-02T14:43:58+02:00,162.0,count/min,Apple Watch di Francesca
2026-10-02T12:44:04Z,2026-10-02T14:44:04+02:00,162.0,count/min,Apple Watch di Francesca
2026-10-02T12:44:08Z,2026-10-02T14:44:08+02:00,161.0,count/min,Apple Watch di Francesca
2026-10-02T12:44:16Z,2026-10-02T14:44:16+02:00,147.0,count/min,Apple Watch di Francesca
2026-10-02T12:44:21Z,2026-10-02T14:44:21+02:00,143.0,count/min,Apple Watch di Francesca
2026-10-02T12:44:24Z,2026-10-02T14:44:24+02:00,142.0,count/min,Apple Watch di Francesca
2026-10-02T12:44:32Z,2026-10-02T14:44:32+02:00,137.0,count/min,Apple Watch di Francesca
2026-10-02T12:44:34Z,2026-10-02T14:44:34+02:00,136.0,count/min,Apple Watch di Francesca
2026-10-02T12:44:40Z,2026-10-02T14:44:40+02:00,130.0,count/min,Apple Watch di Francesca
2026-10-02T12:44:47Z,2026-10-02T14:44:47+02:00,140.0,count/min,Apple Watch di Francesca
2026-10-02T12:44:50Z,2026-10-02T14:44:50+02:00,141.0,count/min,Apple Watch di Francesca
2026-10-02T12:44:53Z,2026-10-02T14:44:53+02:00,144.0,count/min,Apple Watch di Francesca
2026-10-02T12:45:02Z,2026-10-02T14:45:02+02:00,153.0,count/min,Apple Watch di Francesca
2026-10-02T12:45:06Z,2026-10-02T14:45:06+02:00,156.0,count/min,Apple Watch di Francesca
2026-10-02T12:45:11Z,2026-10-02T14:45:11+02:00,158.0,count/min,Apple Watch di Francesca
2026-10-02T12:45:14Z,2026-10-02T14:45:14+02:00,160.0,count/min,Apple Watch di Francesca
2026-10-02T12:45:21Z,2026-10-02T14:45:21+02:00,165.0,count/min,Apple Watch di Francesca
2026-10-02T12:45:24Z,2026-10-02T14:45:24+02:00,168.0,count/min,Apple Watch di Francesca
2026-10-02T12:45:31Z,2026-10-02T14:45:31+02:00,173.0,count/min,Apple Watch di Francesca
2026-10-02T12:45:35Z,2026-10-02T14:45:35+02:00,174.0,count/min,Apple Watch di Francesca
2026-10-02T12:45:42Z,2026-10-02T14:45:42+02:00,176.0,count/min,Apple Watch di Francesca
2026-10-02T12:45:47Z,2026-10-02T14:45:47+02:00,176.0,count/min,Apple Watch di Francesca
2026-10-02T12:45:48Z,2026-10-02T14:45:48+02:00,176.0,count/min,Apple Watch di Francesca
2026-10-02T12:45:57Z,2026-10-02T14:45:57+02:00,171.0,count/min,Apple Watch di Francesca
2026-10-02T12:46:01Z,2026-10-02T14:46:01+02:00,167.0,count/min,Apple Watch di Francesca
2026-10-02T12:46:07Z,2026-10-02T14:46:07+02:00,159.0,count/min,Apple Watch di Francesca
2026-10-02T12:46:09Z,2026-10-02T14:46:09+02:00,157.0,count/min,Apple Watch di Francesca
2026-10-02T12:46:14Z,2026-10-02T14:46:14+02:00,155.0,count/min,Apple Watch di Francesca
2026-10-02T12:46:19Z,2026-10-02T14:46:19+02:00,156.0,count/min,Apple Watch di Francesca
2026-10-02T12:46:24Z,2026-10-02T14:46:24+02:00,154.0,count/min,Apple Watch di Francesca
2026-10-02T12:46:32Z,2026-10-02T14:46:32+02:00,146.0,count/min,Apple Watch di Francesca
2026-10-02T12:46:36Z,2026-10-02T14:46:36+02:00,146.0,count/min,Apple Watch di Francesca
2026-10-02T12:46:41Z,2026-10-02T14:46:41+02:00,143.0,count/min,Apple Watch di Francesca
2026-10-02T12:46:43Z,2026-10-02T14:46:43+02:00,142.0,count/min,Apple Watch di Francesca
2026-10-02T12:46:48Z,2026-10-02T14:46:48+02:00,145.0,count/min,Apple Watch di Francesca
2026-10-02T12:46:55Z,2026-10-02T14:46:55+02:00,155.0,count/min,Apple Watch di Francesca
2026-10-02T12:47:02Z,2026-10-02T14:47:02+02:00,159.0,count/min,Apple Watch di Francesca
2026-10-02T12:47:03Z,2026-10-02T14:47:03+02:00,159.0,count/min,Apple Watch di Francesca
2026-10-02T12:47:12Z,2026-10-02T14:47:12+02:00,167.0,count/min,Apple Watch di Francesca
2026-10-02T12:47:17Z,2026-10-02T14:47:17+02:00,172.0,count/min,Apple Watch di Francesca
2026-10-02T12:47:20Z,2026-10-02T14:47:20+02:00,172.0,count/min,Apple Watch di Francesca
2026-10-02T12:47:27Z,2026-10-02T14:47:27+02:00,170.0,count/min,Apple Watch di Francesca
2026-10-02T12:47:32Z,2026-10-02T14:47:32+02:00,170.0,count/min,Apple Watch di Francesca
2026-10-02T12:47:37Z,2026-10-02T14:47:37+02:00,169.0,count/min,Apple Watch di Francesca
2026-10-02T12:47:41Z,2026-10-02T14:47:41+02:00,171.0,count/min,Apple Watch di Francesca
2026-10-02T12:47:47Z,2026-10-02T14:47:47+02:00,175.0,count/min,Apple Watch di Francesca
2026-10-02T12:47:52Z,2026-10-02T14:47:52+02:00,177.0,count/min,Apple Watch di Francesca
2026-10-02T12:47:55Z,2026-10-02T14:47:55+02:00,178.0,count/min,Apple Watch di Francesca
2026-10-02T12:48:01Z,2026-10-02T14:48:01+02:00,179.0,count/min,Apple Watch di Francesca
2026-10-02T12:48:03Z,2026-10-02T14:48:03+02:00,180.0,count/min,Apple Watch di Francesca
2026-10-02T12:48:08Z,2026-10-02T14:48:08+02:00,180.0,count/min,Apple Watch di Francesca
2026-10-02T12:48:13Z,2026-10-02T14:48:13+02:00,176.0,count/min,Apple Watch di Francesca
2026-10-02T12:48:20Z,2026-10-02T14:48:20+02:00,169.0,count/min,Apple Watch di Francesca
2026-10-02T12:48:23Z,2026-10-02T14:48:23+02:00,165.0,count/min,Apple Watch di Francesca
2026-10-02T12:48:32Z,2026-10-02T14:48:32+02:00,160.0,count/min,Apple Watch di Francesca
2026-10-02T12:48:34Z,2026-10-02T14:48:34+02:00,158.0,count/min,Apple Watch di Francesca
2026-10-02T12:48:38Z,2026-10-02T14:48:38+02:00,155.0,count/min,Apple Watch di Francesca
2026-10-02T12:48:44Z,2026-10-02T14:48:44+02:00,162.0,count/min,Apple Watch di Francesca
2026-10-02T12:48:52Z,2026-10-02T14:48:52+02:00,165.0,count/min,Apple Watch di Francesca
2026-10-02T12:48:53Z,2026-10-02T14:48:53+02:00,165.0,count/min,Apple Watch di Francesca
2026-10-02T12:48:59Z,2026-10-02T14:48:59+02:00,167.0,count/min,Apple Watch di Francesca
2026-10-02T12:49:07Z,2026-10-02T14:49:07+02:00,173.0,count/min,Apple Watch di Francesca
2026-10-02T12:49:12Z,2026-10-02T14:49:12+02:00,176.0,count/min,Apple Watch di Francesca
2026-10-02T12:49:13Z,2026-10-02T14:49:13+02:00,176.0,count/min,Apple Watch di Francesca
2026-10-02T12:49:21Z,2026-10-02T14:49:21+02:00,175.0,count/min,Apple Watch di Francesca
2026-10-02T12:49:23Z,2026-10-02T14:49:23+02:00,176.0,count/min,Apple Watch di Francesca
2026-10-02T12:49:31Z,2026-10-02T14:49:31+02:00,179.0,count/min,Apple Watch di Francesca
2026-10-02T12:49:36Z,2026-10-02T14:49:36+02:00,181.0,count/min,Apple Watch di Francesca
2026-10-02T12:49:42Z,2026-10-02T14:49:42+02:00,181.0,count/min,Apple Watch di Francesca
2026-10-02T12:49:43Z,2026-10-02T14:49:43+02:00,181.0,count/min,Apple Watch di Francesca
2026-10-02T12:49:48Z,2026-10-02T14:49:48+02:00,179.0,count/min,Apple Watch di Francesca
2026-10-02T12:49:54Z,2026-10-02T14:49:54+02:00,177.0,count/min,Apple Watch di Francesca
2026-10-02T12:50:01Z,2026-10-02T14:50:01+02:00,179.0,count/min,Apple Watch di Francesca
2026-10-02T12:50:06Z,2026-10-02T14:50:06+02:00,178.0,count/min,Apple Watch di Francesca
2026-10-02T12:50:08Z,2026-10-02T14:50:08+02:00,177.0,count/min,Apple Watch di Francesca
2026-10-02T12:50:13Z,2026-10-02T14:50:13+02:00,171.0,count/min,Apple Watch di Francesca
2026-10-02T12:50:19Z,2026-10-02T14:50:19+02:00,172.0,count/min,Apple Watch di Francesca
2026-10-02T12:50:26Z,2026-10-02T14:50:26+02:00,172.0,count/min,Apple Watch di Francesca
2026-10-02T12:50:28Z,2026-10-02T14:50:28+02:00,171.0,count/min,Apple Watch di Francesca
2026-10-02T12:50:35Z,2026-10-02T14:50:35+02:00,165.0,count/min,Apple Watch di Francesca
2026-10-02T12:50:40Z,2026-10-02T14:50:40+02:00,159.0,count/min,Apple Watch di Francesca
2026-10-02T12:50:45Z,2026-10-02T14:50:45+02:00,153.0,count/min,Apple Watch di Francesca
2026-10-02T12:50:51Z,2026-10-02T14:50:51+02:00,157.0,count/min,Apple Watch di Francesca
2026-10-02T12:50:53Z,2026-10-02T14:50:53+02:00,154.0,count/min,Apple Watch di Francesca
2026-10-02T12:51:00Z,2026-10-02T14:51:00+02:00,154.0,count/min,Apple Watch di Francesca
2026-10-02T12:51:06Z,2026-10-02T14:51:06+02:00,153.0,count/min,Apple Watch di Francesca
2026-10-02T12:51:11Z,2026-10-02T14:51:11+02:00,151.0,count/min,Apple Watch di Francesca
2026-10-02T12:51:13Z,2026-10-02T14:51:13+02:00,152.0,count/min,Apple Watch di Francesca
2026-10-02T12:51:19Z,2026-10-02T14:51:19+02:00,154.0,count/min,Apple Watch di Francesca
2026-10-02T12:51:25Z,2026-10-02T14:51:25+02:00,155.0,count/min,Apple Watch di Francesca
2026-10-02T12:51:32Z,2026-10-02T14:51:32+02:00,157.0,count/min,Apple Watch di Francesca
2026-10-02T12:51:33Z,2026-10-02T14:51:33+02:00,156.0,count/min,Apple Watch di Francesca
2026-10-02T12:51:39Z,2026-10-02T14:51:39+02:00,146.0,count/min,Apple Watch di Francesca
2026-10-02T12:51:47Z,2026-10-02T14:51:47+02:00,138.0,count/min,Apple Watch di Francesca
2026-10-02T12:51:51Z,2026-10-02T14:51:51+02:00,138.0,count/min,Apple Watch di Francesca
2026-10-02T12:51:56Z,2026-10-02T14:51:56+02:00,141.0,count/min,Apple Watch di Francesca
2026-10-02T12:52:00Z,2026-10-02T14:52:00+02:00,140.0,count/min,Apple Watch di Francesca
2026-10-02T12:52:03Z,2026-10-02T14:52:03+02:00,134.0,count/min,Apple Watch di Francesca
2026-10-02T12:52:12Z,2026-10-02T14:52:12+02:00,142.0,count/min,Apple Watch di Francesca
2026-10-02T12:52:17Z,2026-10-02T14:52:17+02:00,146.0,count/min,Apple Watch di Francesca
2026-10-02T12:52:21Z,2026-10-02T14:52:21+02:00,147.0,count/min,Apple Watch di Francesca
2026-10-02T12:52:27Z,2026-10-02T14:52:27+02:00,142.0,count/min,Apple Watch di Francesca
2026-10-02T12:52:32Z,2026-10-02T14:52:32+02:00,140.0,count/min,Apple Watch di Francesca
2026-10-02T12:52:33Z,2026-10-02T14:52:33+02:00,140.0,count/min,Apple Watch di Francesca
2026-10-02T12:52:40Z,2026-10-02T14:52:40+02:00,128.0,count/min,Apple Watch di Francesca
2026-10-02T12:52:43Z,2026-10-02T14:52:43+02:00,131.0,count/min,Apple Watch di Francesca
2026-10-02T12:52:52Z,2026-10-02T14:52:52+02:00,128.0,count/min,Apple Watch di Francesca
2026-10-02T12:52:57Z,2026-10-02T14:52:57+02:00,129.0,count/min,Apple Watch di Francesca
2026-10-02T12:52:59Z,2026-10-02T14:52:59+02:00,128.0,count/min,Apple Watch di Francesca
2026-10-02T12:53:07Z,2026-10-02T14:53:07+02:00,128.0,count/min,Apple Watch di Francesca
2026-10-02T12:53:08Z,2026-10-02T14:53:08+02:00,128.0,count/min,Apple Watch di Francesca
2026-10-02T12:53:17Z,2026-10-02T14:53:17+02:00,132.0,count/min,Apple Watch di Francesca
2026-10-02T12:53:20Z,2026-10-02T14:53:20+02:00,133.0,count/min,Apple Watch di Francesca
2026-10-02T12:53:24Z,2026-10-02T14:53:24+02:00,130.0,count/min,Apple Watch di Francesca
2026-10-02T12:53:30Z,2026-10-02T14:53:30+02:00,133.0,count/min,Apple Watch di Francesca
2026-10-02T12:53:35Z,2026-10-02T14:53:35+02:00,126.0,count/min,Apple Watch di Francesca
2026-10-02T12:53:38Z,2026-10-02T14:53:38+02:00,124.0,count/min,Apple Watch di Francesca
2026-10-02T12:53:47Z,2026-10-02T14:53:47+02:00,127.0,count/min,Apple Watch di Francesca
2026-10-02T12:53:51Z,2026-10-02T14:53:51+02:00,127.0,count/min,Apple Watch di Francesca
2026-10-02T12:53:53Z,2026-10-02T14:53:53+02:00,127.0,count/min,Apple Watch di Francesca
2026-10-02T12:53:59Z,2026-10-02T14:53:59+02:00,131.0,count/min,Apple Watch di Francesca
2026-10-02T12:54:07Z,2026-10-02T14:54:07+02:00,125.0,count/min,Apple Watch di Francesca
2026-10-02T12:54:09Z,2026-10-02T14:54:09+02:00,127.0,count/min,Apple Watch di Francesca
2026-10-02T12:54:17Z,2026-10-02T14:54:17+02:00,141.0,count/min,Apple Watch di Francesca
2026-10-02T12:54:20Z,2026-10-02T14:54:20+02:00,140.0,count/min,Apple Watch di Francesca
2026-10-02T12:54:26Z,2026-10-02T14:54:26+02:00,136.0,count/min,Apple Watch di Francesca
2026-10-02T12:54:31Z,2026-10-02T14:54:31+02:00,135.0,count/min,Apple Watch di Francesca
2026-10-02T12:54:34Z,2026-10-02T14:54:34+02:00,135.0,count/min,Apple Watch di Francesca
2026-10-02T12:54:39Z,2026-10-02T14:54:39+02:00,138.0,count/min,Apple Watch di Francesca
2026-10-02T12:54:44Z,2026-10-02T14:54:44+02:00,136.0,count/min,Apple Watch di Francesca
2026-10-02T12:54:50Z,2026-10-02T14:54:50+02:00,139.0,count/min,Apple Watch di Francesca
2026-10-02T12:54:54Z,2026-10-02T14:54:54+02:00,141.0,count/min,Apple Watch di Francesca
2026-10-02T12:55:01Z,2026-10-02T14:55:01+02:00,148.0,count/min,Apple Watch di Francesca
2026-10-02T12:55:06Z,2026-10-02T14:55:06+02:00,147.0,count/min,Apple Watch di Francesca
2026-10-02T12:55:12Z,2026-10-02T14:55:12+02:00,152.0,count/min,Apple Watch di Francesca
2026-10-02T12:55:15Z,2026-10-02T14:55:15+02:00,151.0,count/min,Apple Watch di Francesca
2026-10-02T12:55:22Z,2026-10-02T14:55:22+02:00,154.0,count/min,Apple Watch di Francesca
2026-10-02T12:55:27Z,2026-10-02T14:55:27+02:00,158.0,count/min,Apple Watch di Francesca
2026-10-02T12:55:31Z,2026-10-02T14:55:31+02:00,159.0,count/min,Apple Watch di Francesca
2026-10-02T12:55:34Z,2026-10-02T14:55:34+02:00,159.0,count/min,Apple Watch di Francesca
2026-10-02T12:55:41Z,2026-10-02T14:55:41+02:00,153.0,count/min,Apple Watch di Francesca
2026-10-02T12:55:47Z,2026-10-02T14:55:47+02:00,149.0,count/min,Apple Watch di Francesca
2026-10-02T12:55:48Z,2026-10-02T14:55:48+02:00,148.0,count/min,Apple Watch di Francesca
2026-10-02T12:55:53Z,2026-10-02T14:55:53+02:00,143.0,count/min,Apple Watch di Francesca
2026-10-02T12:56:02Z,2026-10-02T14:56:02+02:00,135.0,count/min,Apple Watch di Francesca
2026-10-02T12:56:07Z,2026-10-02T14:56:07+02:00,132.0,count/min,Apple Watch di Francesca
2026-10-02T12:56:09Z,2026-10-02T14:56:09+02:00,131.0,count/min,Apple Watch di Francesca
2026-10-02T12:56:13Z,2026-10-02T14:56:13+02:00,134.0,count/min,Apple Watch di Francesca
2026-10-02T12:56:19Z,2026-10-02T14:56:19+02:00,129.0,count/min,Apple Watch di Francesca
2026-10-02T12:56:27Z,2026-10-02T14:56:27+02:00,121.0,count/min,Apple Watch di Francesca
2026-10-02T12:56:29Z,2026-10-02T14:56:29+02:00,121.0,count/min,Apple Watch di Francesca
2026-10-02T12:56:34Z,2026-10-02T14:56:34+02:00,124.0,count/min,Apple Watch di Francesca
2026-10-02T12:56:38Z,2026-10-02T14:56:38+02:00,122.0,count/min,Apple Watch di Francesca
2026-10-02T12:56:46Z,2026-10-02T14:56:46+02:00,129.0,count/min,Apple Watch di Francesca
2026-10-02T12:56:48Z,2026-10-02T14:56:48+02:00,127.0,count/min,Apple Watch di Francesca
2026-10-02T12:56:56Z,2026-10-02T14:56:56+02:00,130.0,count/min,Apple Watch di Francesca
2026-10-02T12:57:02Z,2026-10-02T14:57:02+02:00,125.0,count/min,Apple Watch di Francesca
2026-10-02T12:57:06Z,2026-10-02T14:57:06+02:00,127.0,count/min,Apple Watch di Francesca
2026-10-02T12:57:09Z,2026-10-02T14:57:09+02:00,123.0,count/min,Apple Watch di Francesca
2026-10-02T12:57:14Z,2026-10-02T14:57:14+02:00,123.0,count/min,Apple Watch di Francesca
2026-10-02T12:57:22Z,2026-10-02T14:57:22+02:00,134.0,count/min,Apple Watch di Francesca
2026-10-02T12:57:24Z,2026-10-02T14:57:24+02:00,135.0,count/min,Apple Watch di Francesca
2026-10-02T12:57:32Z,2026-10-02T14:57:32+02:00,131.0,count/min,Apple Watch di Francesca
2026-10-02T12:57:35Z,2026-10-02T14:57:35+02:00,130.0,count/min,Apple Watch di Francesca
2026-10-02T12:57:38Z,2026-10-02T14:57:38+02:00,134.0,count/min,Apple Watch di Francesca
2026-10-02T12:57:43Z,2026-10-02T14:57:43+02:00,139.0,count/min,Apple Watch di Francesca
2026-10-02T12:57:48Z,2026-10-02T14:57:48+02:00,141.0,count/min,Apple Watch di Francesca
2026-10-02T12:57:57Z,2026-10-02T14:57:57+02:00,155.0,count/min,Apple Watch di Francesca
2026-10-02T12:58:02Z,2026-10-02T14:58:02+02:00,156.0,count/min,Apple Watch di Francesca
2026-10-02T12:58:05Z,2026-10-02T14:58:05+02:00,156.0,count/min,Apple Watch di Francesca
2026-10-02T12:58:12Z,2026-10-02T14:58:12+02:00,152.0,count/min,Apple Watch di Francesca
2026-10-02T12:58:13Z,2026-10-02T14:58:13+02:00,152.0,count/min,Apple Watch di Francesca
2026-10-02T12:58:18Z,2026-10-02T14:58:18+02:00,149.0,count/min,Apple Watch di Francesca
2026-10-02T12:58:27Z,2026-10-02T14:58:27+02:00,147.0,count/min,Apple Watch di Francesca
2026-10-02T12:58:28Z,2026-10-02T14:58:28+02:00,148.0,count/min,Apple Watch di Francesca
2026-10-02T12:58:37Z,2026-10-02T14:58:37+02:00,144.0,count/min,Apple Watch di Francesca
2026-10-02T12:58:38Z,2026-10-02T14:58:38+02:00,145.0,count/min,Apple Watch di Francesca
2026-10-02T12:58:47Z,2026-10-02T14:58:47+02:00,140.0,count/min,Apple Watch di Francesca
2026-10-02T12:58:51Z,2026-10-02T14:58:51+02:00,141.0,count/min,Apple Watch di Francesca
2026-10-02T12:58:53Z,2026-10-02T14:58:53+02:00,141.0,count/min,Apple Watch di Francesca
2026-10-02T12:58:59Z,2026-10-02T14:58:59+02:00,145.0,count/min,Apple Watch di Francesca
2026-10-02T12:59:05Z,2026-10-02T14:59:05+02:00,146.0,count/min,Apple Watch di Francesca
2026-10-02T12:59:12Z,2026-10-02T14:59:12+02:00,151.0,count/min,Apple Watch di Francesca
2026-10-02T12:59:16Z,2026-10-02T14:59:16+02:00,154.0,count/min,Apple Watch di Francesca
2026-10-02T12:59:19Z,2026-10-02T14:59:19+02:00,156.0,count/min,Apple Watch di Francesca
2026-10-02T12:59:27Z,2026-10-02T14:59:27+02:00,159.0,count/min,Apple Watch di Francesca
2026-10-02T12:59:32Z,2026-10-02T14:59:32+02:00,159.0,count/min,Apple Watch di Francesca
2026-10-02T12:59:33Z,2026-10-02T14:59:33+02:00,160.0,count/min,Apple Watch di Francesca
2026-10-02T12:59:40Z,2026-10-02T14:59:40+02:00,165.0,count/min,Apple Watch di Francesca
2026-10-02T12:59:44Z,2026-10-02T14:59:44+02:00,167.0,count/min,Apple Watch di Francesca
2026-10-02T12:59:49Z,2026-10-02T14:59:49+02:00,167.0,count/min,Apple Watch di Francesca
2026-10-02T12:59:57Z,2026-10-02T14:59:57+02:00,168.0,count/min,Apple Watch di Francesca
2026-10-02T13:00:02Z,2026-10-02T15:00:02+02:00,168.0,count/min,Apple Watch di Francesca
2026-10-02T13:00:05Z,2026-10-02T15:00:05+02:00,168.0,count/min,Apple Watch di Francesca
2026-10-02T13:00:08Z,2026-10-02T15:00:08+02:00,167.0,count/min,Apple Watch di Francesca
2026-10-02T13:00:17Z,2026-10-02T15:00:17+02:00,164.0,count/min,Apple Watch di Francesca
2026-10-02T13:00:22Z,2026-10-02T15:00:22+02:00,164.0,count/min,Apple Watch di Francesca
2026-10-02T13:00:24Z,2026-10-02T15:00:24+02:00,163.0,count/min,Apple Watch di Francesca
2026-10-02T13:00:28Z,2026-10-02T15:00:28+02:00,161.0,count/min,Apple Watch di Francesca
2026-10-02T13:00:34Z,2026-10-02T15:00:34+02:00,156.0,count/min,Apple Watch di Francesca
2026-10-02T13:00:41Z,2026-10-02T15:00:41+02:00,151.0,count/min,Apple Watch di Francesca
2026-10-02T13:00:46Z,2026-10-02T15:00:46+02:00,148.0,count/min,Apple Watch di Francesca
2026-10-02T13:00:48Z,2026-10-02T15:00:48+02:00,146.0,count/min,Apple Watch di Francesca
2026-10-02T13:00:56Z,2026-10-02T15:00:56+02:00,138.0,count/min,Apple Watch di Francesca
2026-10-02T13:01:02Z,2026-10-02T15:01:02+02:00,131.0,count/min,Apple Watch di Francesca
2026-10-02T13:01:06Z,2026-10-02T15:01:06+02:00,137.0,count/min,Apple Watch di Francesca
2026-10-02T13:01:09Z,2026-10-02T15:01:09+02:00,135.0,count/min,Apple Watch di Francesca
2026-10-02T13:01:15Z,2026-10-02T15:01:15+02:00,137.0,count/min,Apple Watch di Francesca
2026-10-02T13:01:20Z,2026-10-02T15:01:20+02:00,137.0,count/min,Apple Watch di Francesca
2026-10-02T13:01:26Z,2026-10-02T15:01:26+02:00,137.0,count/min,Apple Watch di Francesca
2026-10-02T13:01:32Z,2026-10-02T15:01:32+02:00,132.0,count/min,Apple Watch di Francesca
2026-10-02T13:01:37Z,2026-10-02T15:01:37+02:00,133.0,count/min,Apple Watch di Francesca
2026-10-02T13:01:38Z,2026-10-02T15:01:38+02:00,135.0,count/min,Apple Watch di Francesca
2026-10-02T13:01:47Z,2026-10-02T15:01:47+02:00,146.0,count/min,Apple Watch di Francesca
2026-10-02T13:01:50Z,2026-10-02T15:01:50+02:00,147.0,count/min,Apple Watch di Francesca
2026-10-02T13:01:53Z,2026-10-02T15:01:53+02:00,149.0,count/min,Apple Watch di Francesca
2026-10-02T13:01:59Z,2026-10-02T15:01:59+02:00,155.0,count/min,Apple Watch di Francesca
2026-10-02T13:02:05Z,2026-10-02T15:02:05+02:00,164.0,count/min,Apple Watch di Francesca
2026-10-02T13:02:12Z,2026-10-02T15:02:12+02:00,169.0,count/min,Apple Watch di Francesca
2026-10-02T13:02:13Z,2026-10-02T15:02:13+02:00,170.0,count/min,Apple Watch di Francesca
2026-10-02T13:02:20Z,2026-10-02T15:02:20+02:00,171.0,count/min,Apple Watch di Francesca
2026-10-02T13:02:27Z,2026-10-02T15:02:27+02:00,171.0,count/min,Apple Watch di Francesca
2026-10-02T13:02:31Z,2026-10-02T15:02:31+02:00,170.0,count/min,Apple Watch di Francesca
2026-10-02T13:02:34Z,2026-10-02T15:02:34+02:00,170.0,count/min,Apple Watch di Francesca
2026-10-02T13:02:39Z,2026-10-02T15:02:39+02:00,168.0,count/min,Apple Watch di Francesca
2026-10-02T13:02:45Z,2026-10-02T15:02:45+02:00,164.0,count/min,Apple Watch di Francesca
2026-10-02T13:02:51Z,2026-10-02T15:02:51+02:00,165.0,count/min,Apple Watch di Francesca
2026-10-02T13:02:55Z,2026-10-02T15:02:55+02:00,166.0,count/min,Apple Watch di Francesca
2026-10-02T13:03:00Z,2026-10-02T15:03:00+02:00,169.0,count/min,Apple Watch di Francesca
2026-10-02T13:03:04Z,2026-10-02T15:03:04+02:00,171.0,count/min,Apple Watch di Francesca
2026-10-02T13:03:09Z,2026-10-02T15:03:09+02:00,172.0,count/min,Apple Watch di Francesca
2026-10-02T13:03:15Z,2026-10-02T15:03:15+02:00,172.0,count/min,Apple Watch di Francesca
2026-10-02T13:03:21Z,2026-10-02T15:03:21+02:00,173.0,count/min,Apple Watch di Francesca
2026-10-02T13:03:26Z,2026-10-02T15:03:26+02:00,175.0,count/min,Apple Watch di Francesca
2026-10-02T13:03:32Z,2026-10-02T15:03:32+02:00,176.0,count/min,Apple Watch di Francesca
2026-10-02T13:03:36Z,2026-10-02T15:03:36+02:00,175.0,count/min,Apple Watch di Francesca
2026-10-02T13:03:40Z,2026-10-02T15:03:40+02:00,174.0,count/min,Apple Watch di Francesca
2026-10-02T13:03:46Z,2026-10-02T15:03:46+02:00,167.0,count/min,Apple Watch di Francesca
2026-10-02T13:03:48Z,2026-10-02T15:03:48+02:00,164.0,count/min,Apple Watch di Francesca
2026-10-02T13:03:57Z,2026-10-02T15:03:57+02:00,144.0,count/min,Apple Watch di Francesca
2026-10-02T13:04:01Z,2026-10-02T15:04:01+02:00,144.0,count/min,Apple Watch di Francesca
2026-10-02T13:04:03Z,2026-10-02T15:04:03+02:00,146.0,count/min,Apple Watch di Francesca
2026-10-02T13:04:08Z,2026-10-02T15:04:08+02:00,152.0,count/min,Apple Watch di Francesca
2026-10-02T13:04:17Z,2026-10-02T15:04:17+02:00,143.0,count/min,Apple Watch di Francesca
2026-10-02T13:04:20Z,2026-10-02T15:04:20+02:00,143.0,count/min,Apple Watch di Francesca
2026-10-02T13:04:24Z,2026-10-02T15:04:24+02:00,146.0,count/min,Apple Watch di Francesca
2026-10-02T13:04:32Z,2026-10-02T15:04:32+02:00,149.0,count/min,Apple Watch di Francesca
2026-10-02T13:04:33Z,2026-10-02T15:04:33+02:00,149.0,count/min,Apple Watch di Francesca
2026-10-02T13:04:39Z,2026-10-02T15:04:39+02:00,145.0,count/min,Apple Watch di Francesca
2026-10-02T13:04:44Z,2026-10-02T15:04:44+02:00,141.0,count/min,Apple Watch di Francesca
2026-10-02T13:04:48Z,2026-10-02T15:04:48+02:00,142.0,count/min,Apple Watch di Francesca
2026-10-02T13:04:57Z,2026-10-02T15:04:57+02:00,149.0,count/min,Apple Watch di Francesca
2026-10-02T13:05:01Z,2026-10-02T15:05:01+02:00,148.0,count/min,Apple Watch di Francesca
2026-10-02T13:05:06Z,2026-10-02T15:05:06+02:00,143.0,count/min,Apple Watch di Francesca
2026-10-02T13:05:09Z,2026-10-02T15:05:09+02:00,143.0,count/min,Apple Watch di Francesca
2026-10-02T13:05:17Z,2026-10-02T15:05:17+02:00,148.0,count/min,Apple Watch di Francesca
2026-10-02T13:05:18Z,2026-10-02T15:05:18+02:00,147.0,count/min,Apple Watch di Francesca
2026-10-02T13:05:23Z,2026-10-02T15:05:23+02:00,140.0,count/min,Apple Watch di Francesca
2026-10-02T13:05:32Z,2026-10-02T15:05:32+02:00,131.0,count/min,Apple Watch di Francesca
2026-10-02T13:05:33Z,2026-10-02T15:05:33+02:00,132.0,count/min,Apple Watch di Francesca
2026-10-02T13:05:42Z,2026-10-02T15:05:42+02:00,131.0,count/min,Apple Watch di Francesca
2026-10-02T13:05:45Z,2026-10-02T15:05:45+02:00,135.0,count/min,Apple Watch di Francesca
2026-10-02T13:05:48Z,2026-10-02T15:05:48+02:00,140.0,count/min,Apple Watch di Francesca
2026-10-02T13:05:56Z,2026-10-02T15:05:56+02:00,152.0,count/min,Apple Watch di Francesca
2026-10-02T13:06:02Z,2026-10-02T15:06:02+02:00,156.0,count/min,Apple Watch di Francesca
2026-10-02T13:06:05Z,2026-10-02T15:06:05+02:00,156.0,count/min,Apple Watch di Francesca
2026-10-02T13:06:08Z,2026-10-02T15:06:08+02:00,156.0,count/min,Apple Watch di Francesca
2026-10-02T13:06:13Z,2026-10-02T15:06:13+02:00,157.0,count/min,Apple Watch di Francesca
2026-10-02T13:06:22Z,2026-10-02T15:06:22+02:00,166.0,count/min,Apple Watch di Francesca
2026-10-02T13:06:27Z,2026-10-02T15:06:27+02:00,167.0,count/min,Apple Watch di Francesca
2026-10-02T13:06:29Z,2026-10-02T15:06:29+02:00,169.0,count/min,Apple Watch di Francesca
2026-10-02T13:06:33Z,2026-10-02T15:06:33+02:00,170.0,count/min,Apple Watch di Francesca
2026-10-02T13:06:38Z,2026-10-02T15:06:38+02:00,171.0,count/min,Apple Watch di Francesca
2026-10-02T13:06:43Z,2026-10-02T15:06:43+02:00,172.0,count/min,Apple Watch di Francesca
2026-10-02T13:06:49Z,2026-10-02T15:06:49+02:00,173.0,count/min,Apple Watch di Francesca
2026-10-02T13:06:56Z,2026-10-02T15:06:56+02:00,168.0,count/min,Apple Watch di Francesca
2026-10-02T13:07:02Z,2026-10-02T15:07:02+02:00,168.0,count/min,Apple Watch di Francesca
2026-10-02T13:07:06Z,2026-10-02T15:07:06+02:00,170.0,count/min,Apple Watch di Francesca
2026-10-02T13:07:12Z,2026-10-02T15:07:12+02:00,172.0,count/min,Apple Watch di Francesca
2026-10-02T13:07:15Z,2026-10-02T15:07:15+02:00,174.0,count/min,Apple Watch di Francesca
2026-10-02T13:07:20Z,2026-10-02T15:07:20+02:00,175.0,count/min,Apple Watch di Francesca
2026-10-02T13:07:25Z,2026-10-02T15:07:25+02:00,176.0,count/min,Apple Watch di Francesca
2026-10-02T13:07:32Z,2026-10-02T15:07:32+02:00,174.0,count/min,Apple Watch di Francesca
2026-10-02T13:07:37Z,2026-10-02T15:07:37+02:00,174.0,count/min,Apple Watch di Francesca
2026-10-02T13:07:38Z,2026-10-02T15:07:38+02:00,174.0,count/min,Apple Watch di Francesca
2026-10-02T13:07:44Z,2026-10-02T15:07:44+02:00,172.0,count/min,Apple Watch di Francesca
2026-10-02T13:07:50Z,2026-10-02T15:07:50+02:00,171.0,count/min,Apple Watch di Francesca
2026-10-02T13:07:53Z,2026-10-02T15:07:53+02:00,167.0,count/min,Apple Watch di Francesca
2026-10-02T13:08:01Z,2026-10-02T15:08:01+02:00,155.0,count/min,Apple Watch di Francesca
2026-10-02T13:08:05Z,2026-10-02T15:08:05+02:00,156.0,count/min,Apple Watch di Francesca
2026-10-02T13:08:12Z,2026-10-02T15:08:12+02:00,162.0,count/min,Apple Watch di Francesca
2026-10-02T13:08:13Z,2026-10-02T15:08:13+02:00,163.0,count/min,Apple Watch di Francesca
2026-10-02T13:08:21Z,2026-10-02T15:08:21+02:00,164.0,count/min,Apple Watch di Francesca
2026-10-02T13:08:24Z,2026-10-02T15:08:24+02:00,166.0,count/min,Apple Watch di Francesca
2026-10-02T13:08:30Z,2026-10-02T15:08:30+02:00,171.0,count/min,Apple Watch di Francesca
2026-10-02T13:08:33Z,2026-10-02T15:08:33+02:00,172.0,count/min,Apple Watch di Francesca
2026-10-02T13:08:42Z,2026-10-02T15:08:42+02:00,178.0,count/min,Apple Watch di Francesca
2026-10-02T13:08:44Z,2026-10-02T15:08:44+02:00,178.0,count/min,Apple Watch di Francesca
2026-10-02T13:08:49Z,2026-10-02T15:08:49+02:00,177.0,count/min,Apple Watch di Francesca
2026-10-02T13:08:56Z,2026-10-02T15:08:56+02:00,170.0,count/min,Apple Watch di Francesca
2026-10-02T13:09:02Z,2026-10-02T15:09:02+02:00,170.0,count/min,Apple Watch di Francesca
2026-10-02T13:09:03Z,2026-10-02T15:09:03+02:00,171.0,count/min,Apple Watch di Francesca
2026-10-02T13:09:09Z,2026-10-02T15:09:09+02:00,169.0,count/min,Apple Watch di Francesca
2026-10-02T13:09:17Z,2026-10-02T15:09:17+02:00,163.0,count/min,Apple Watch di Francesca
2026-10-02T13:09:19Z,2026-10-02T15:09:19+02:00,164.0,count/min,Apple Watch di Francesca
2026-10-02T13:09:27Z,2026-10-02T15:09:27+02:00,159.0,count/min,Apple Watch di Francesca
2026-10-02T13:09:29Z,2026-10-02T15:09:29+02:00,159.0,count/min,Apple Watch di Francesca
2026-10-02T13:09:36Z,2026-10-02T15:09:36+02:00,160.0,count/min,Apple Watch di Francesca
2026-10-02T13:09:40Z,2026-10-02T15:09:40+02:00,159.0,count/min,Apple Watch di Francesca
2026-10-02T13:09:44Z,2026-10-02T15:09:44+02:00,160.0,count/min,Apple Watch di Francesca
2026-10-02T13:09:50Z,2026-10-02T15:09:50+02:00,155.0,count/min,Apple Watch di Francesca
2026-10-02T13:09:53Z,2026-10-02T15:09:53+02:00,155.0,count/min,Apple Watch di Francesca
2026-10-02T13:09:59Z,2026-10-02T15:09:59+02:00,145.0,count/min,Apple Watch di Francesca
2026-10-02T13:10:03Z,2026-10-02T15:10:03+02:00,146.0,count/min,Apple Watch di Francesca
2026-10-02T13:10:10Z,2026-10-02T15:10:10+02:00,146.0,count/min,Apple Watch di Francesca
2026-10-02T13:10:17Z,2026-10-02T15:10:17+02:00,152.0,count/min,Apple Watch di Francesca
2026-10-02T13:10:19Z,2026-10-02T15:10:19+02:00,153.0,count/min,Apple Watch di Francesca
2026-10-02T13:10:23Z,2026-10-02T15:10:23+02:00,153.0,count/min,Apple Watch di Francesca
2026-10-02T13:10:29Z,2026-10-02T15:10:29+02:00,155.0,count/min,Apple Watch di Francesca
2026-10-02T13:10:35Z,2026-10-02T15:10:35+02:00,158.0,count/min,Apple Watch di Francesca
2026-10-02T13:10:41Z,2026-10-02T15:10:41+02:00,159.0,count/min,Apple Watch di Francesca
2026-10-02T13:10:43Z,2026-10-02T15:10:43+02:00,159.0,count/min,Apple Watch di Francesca
2026-10-02T13:10:48Z,2026-10-02T15:10:48+02:00,159.0,count/min,Apple Watch di Francesca
2026-10-02T13:10:56Z,2026-10-02T15:10:56+02:00,154.0,count/min,Apple Watch di Francesca
2026-10-02T13:10:59Z,2026-10-02T15:10:59+02:00,152.0,count/min,Apple Watch di Francesca
2026-10-02T13:11:07Z,2026-10-02T15:11:07+02:00,149.0,count/min,Apple Watch di Francesca
2026-10-02T13:11:08Z,2026-10-02T15:11:08+02:00,148.0,count/min,Apple Watch di Francesca
2026-10-02T13:11:17Z,2026-10-02T15:11:17+02:00,140.0,count/min,Apple Watch di Francesca
2026-10-02T13:11:19Z,2026-10-02T15:11:19+02:00,140.0,count/min,Apple Watch di Francesca
2026-10-02T13:11:27Z,2026-10-02T15:11:27+02:00,128.0,count/min,Apple Watch di Francesca
2026-10-02T13:11:28Z,2026-10-02T15:11:28+02:00,128.0,count/min,Apple Watch di Francesca
2026-10-02T13:11:35Z,2026-10-02T15:11:35+02:00,123.0,count/min,Apple Watch di Francesca
2026-10-02T13:11:40Z,2026-10-02T15:11:40+02:00,130.0,count/min,Apple Watch di Francesca
2026-10-02T13:11:44Z,2026-10-02T15:11:44+02:00,131.0,count/min,Apple Watch di Francesca
2026-10-02T13:11:50Z,2026-10-02T15:11:50+02:00,127.0,count/min,Apple Watch di Francesca
2026-10-02T13:11:56Z,2026-10-02T15:11:56+02:00,127.0,count/min,Apple Watch di Francesca
2026-10-02T13:11:58Z,2026-10-02T15:11:58+02:00,127.0,count/min,Apple Watch di Francesca
2026-10-02T13:12:06Z,2026-10-02T15:12:06+02:00,124.0,count/min,Apple Watch di Francesca
2026-10-02T13:12:12Z,2026-10-02T15:12:12+02:00,130.0,count/min,Apple Watch di Francesca
2026-10-02T13:12:16Z,2026-10-02T15:12:16+02:00,135.0,count/min,Apple Watch di Francesca
2026-10-02T13:12:19Z,2026-10-02T15:12:19+02:00,137.0,count/min,Apple Watch di Francesca
2026-10-02T13:12:23Z,2026-10-02T15:12:23+02:00,139.0,count/min,Apple Watch di Francesca
2026-10-02T13:12:28Z,2026-10-02T15:12:28+02:00,139.0,count/min,Apple Watch di Francesca
2026-10-02T13:12:37Z,2026-10-02T15:12:37+02:00,131.0,count/min,Apple Watch di Francesca
2026-10-02T13:12:42Z,2026-10-02T15:12:42+02:00,134.0,count/min,Apple Watch di Francesca
2026-10-02T13:12:44Z,2026-10-02T15:12:44+02:00,136.0,count/min,Apple Watch di Francesca
2026-10-02T13:12:51Z,2026-10-02T15:12:51+02:00,141.0,count/min,Apple Watch di Francesca
2026-10-02T13:12:56Z,2026-10-02T15:12:56+02:00,143.0,count/min,Apple Watch di Francesca
2026-10-02T13:12:59Z,2026-10-02T15:12:59+02:00,143.0,count/min,Apple Watch di Francesca
2026-10-02T13:13:07Z,2026-10-02T15:13:07+02:00,149.0,count/min,Apple Watch di Francesca
2026-10-02T13:13:11Z,2026-10-02T15:13:11+02:00,152.0,count/min,Apple Watch di Francesca
2026-10-02T13:13:14Z,2026-10-02T15:13:14+02:00,152.0,count/min,Apple Watch di Francesca
2026-10-02T13:13:22Z,2026-10-02T15:13:22+02:00,147.0,count/min,Apple Watch di Francesca
2026-10-02T13:13:26Z,2026-10-02T15:13:26+02:00,148.0,count/min,Apple Watch di Francesca
2026-10-02T13:13:29Z,2026-10-02T15:13:29+02:00,148.0,count/min,Apple Watch di Francesca
2026-10-02T13:13:37Z,2026-10-02T15:13:37+02:00,139.0,count/min,Apple Watch di Francesca
2026-10-02T13:13:40Z,2026-10-02T15:13:40+02:00,139.0,count/min,Apple Watch di Francesca
2026-10-02T13:13:46Z,2026-10-02T15:13:46+02:00,142.0,count/min,Apple Watch di Francesca
2026-10-02T13:13:48Z,2026-10-02T15:13:48+02:00,142.0,count/min,Apple Watch di Francesca
2026-10-02T13:13:57Z,2026-10-02T15:13:57+02:00,148.0,count/min,Apple Watch di Francesca
2026-10-02T13:14:02Z,2026-10-02T15:14:02+02:00,146.0,count/min,Apple Watch di Francesca
2026-10-02T13:14:05Z,2026-10-02T15:14:05+02:00,147.0,count/min,Apple Watch di Francesca
2026-10-02T13:14:11Z,2026-10-02T15:14:11+02:00,149.0,count/min,Apple Watch di Francesca
2026-10-02T13:14:13Z,2026-10-02T15:14:13+02:00,151.0,count/min,Apple Watch di Francesca
2026-10-02T13:14:20Z,2026-10-02T15:14:20+02:00,159.0,count/min,Apple Watch di Francesca
2026-10-02T13:14:25Z,2026-10-02T15:14:25+02:00,166.0,count/min,Apple Watch di Francesca
2026-10-02T13:14:28Z,2026-10-02T15:14:28+02:00,168.0,count/min,Apple Watch di Francesca
2026-10-02T13:14:34Z,2026-10-02T15:14:34+02:00,168.0,count/min,Apple Watch di Francesca
2026-10-02T13:14:42Z,2026-10-02T15:14:42+02:00,166.0,count/min,Apple Watch di Francesca
2026-10-02T13:14:43Z,2026-10-02T15:14:43+02:00,166.0,count/min,Apple Watch di Francesca
2026-10-02T13:14:51Z,2026-10-02T15:14:51+02:00,161.0,count/min,Apple Watch di Francesca
2026-10-02T13:14:53Z,2026-10-02T15:14:53+02:00,160.0,count/min,Apple Watch di Francesca
2026-10-02T13:15:00Z,2026-10-02T15:15:00+02:00,160.0,count/min,Apple Watch di Francesca
2026-10-02T13:15:07Z,2026-10-02T15:15:07+02:00,158.0,count/min,Apple Watch di Francesca
2026-10-02T13:15:08Z,2026-10-02T15:15:08+02:00,158.0,count/min,Apple Watch di Francesca
2026-10-02T13:15:16Z,2026-10-02T15:15:16+02:00,151.0,count/min,Apple Watch di Francesca
2026-10-02T13:15:19Z,2026-10-02T15:15:19+02:00,149.0,count/min,Apple Watch di Francesca
2026-10-02T13:15:27Z,2026-10-02T15:15:27+02:00,145.0,count/min,Apple Watch di Francesca
2026-10-02T13:15:28Z,2026-10-02T15:15:28+02:00,144.0,count/min,Apple Watch di Francesca
2026-10-02T13:15:34Z,2026-10-02T15:15:34+02:00,140.0,count/min,Apple Watch di Francesca
2026-10-02T13:15:38Z,2026-10-02T15:15:38+02:00,137.0,count/min,Apple Watch di Francesca
2026-10-02T13:15:47Z,2026-10-02T15:15:47+02:00,139.0,count/min,Apple Watch di Francesca
2026-10-02T13:15:52Z,2026-10-02T15:15:52+02:00,130.0,count/min,Apple Watch di Francesca
2026-10-02T13:15:56Z,2026-10-02T15:15:56+02:00,130.0,count/min,Apple Watch di Francesca
2026-10-02T13:16:02Z,2026-10-02T15:16:02+02:00,125.0,count/min,Apple Watch di Francesca
2026-10-02T13:16:03Z,2026-10-02T15:16:03+02:00,125.0,count/min,Apple Watch di Francesca
2026-10-02T13:16:11Z,2026-10-02T15:16:11+02:00,120.0,count/min,Apple Watch di Francesca
2026-10-02T13:16:13Z,2026-10-02T15:16:13+02:00,121.0,count/min,Apple Watch di Francesca
2026-10-02T13:16:22Z,2026-10-02T15:16:22+02:00,124.0,count/min,Apple Watch di Francesca
2026-10-02T13:16:27Z,2026-10-02T15:16:27+02:00,131.0,count/min,Apple Watch di Francesca
2026-10-02T13:16:28Z,2026-10-02T15:16:28+02:00,132.0,count/min,Apple Watch di Francesca
2026-10-02T13:16:37Z,2026-10-02T15:16:37+02:00,127.0,count/min,Apple Watch di Francesca
2026-10-02T13:16:38Z,2026-10-02T15:16:38+02:00,128.0,count/min,Apple Watch di Francesca
2026-10-02T13:16:44Z,2026-10-02T15:16:44+02:00,123.0,count/min,Apple Watch di Francesca
2026-10-02T13:16:49Z,2026-10-02T15:16:49+02:00,129.0,count/min,Apple Watch di Francesca
2026-10-02T13:16:57Z,2026-10-02T15:16:57+02:00,125.0,count/min,Apple Watch di Francesca
2026-10-02T13:16:58Z,2026-10-02T15:16:58+02:00,125.0,count/min,Apple Watch di Francesca
2026-10-02T13:17:07Z,2026-10-02T15:17:07+02:00,134.0,count/min,Apple Watch di Francesca
2026-10-02T13:17:12Z,2026-10-02T15:17:12+02:00,137.0,count/min,Apple Watch di Francesca
2026-10-02T13:17:17Z,2026-10-02T15:17:17+02:00,135.0,count/min,Apple Watch di Francesca
2026-10-02T13:17:20Z,2026-10-02T15:17:20+02:00,135.0,count/min,Apple Watch di Francesca
2026-10-02T13:17:23Z,2026-10-02T15:17:23+02:00,134.0,count/min,Apple Watch di Francesca
2026-10-02T13:17:28Z,2026-10-02T15:17:28+02:00,132.0,count/min,Apple Watch di Francesca
2026-10-02T13:17:35Z,2026-10-02T15:17:35+02:00,135.0,count/min,Apple Watch di Francesca
2026-10-02T13:17:42Z,2026-10-02T15:17:42+02:00,128.0,count/min,Apple Watch di Francesca
2026-10-02T13:17:46Z,2026-10-02T15:17:46+02:00,131.0,count/min,Apple Watch di Francesca
2026-10-02T13:17:48Z,2026-10-02T15:17:48+02:00,133.0,count/min,Apple Watch di Francesca
2026-10-02T13:17:56Z,2026-10-02T15:17:56+02:00,142.0,count/min,Apple Watch di Francesca
2026-10-02T13:17:58Z,2026-10-02T15:17:58+02:00,143.0,count/min,Apple Watch di Francesca
2026-10-02T13:18:04Z,2026-10-02T15:18:04+02:00,147.0,count/min,Apple Watch di Francesca
2026-10-02T13:18:12Z,2026-10-02T15:18:12+02:00,153.0,count/min,Apple Watch di Francesca
2026-10-02T13:18:16Z,2026-10-02T15:18:16+02:00,153.0,count/min,Apple Watch di Francesca
2026-10-02T13:18:18Z,2026-10-02T15:18:18+02:00,152.0,count/min,Apple Watch di Francesca
2026-10-02T13:18:24Z,2026-10-02T15:18:24+02:00,145.0,count/min,Apple Watch di Francesca
2026-10-02T13:18:30Z,2026-10-02T15:18:30+02:00,146.0,count/min,Apple Watch di Francesca
2026-10-02T13:18:34Z,2026-10-02T15:18:34+02:00,146.0,count/min,Apple Watch di Francesca
2026-10-02T13:18:42Z,2026-10-02T15:18:42+02:00,140.0,count/min,Apple Watch di Francesca
2026-10-02T13:18:46Z,2026-10-02T15:18:46+02:00,138.0,count/min,Apple Watch di Francesca
2026-10-02T13:18:50Z,2026-10-02T15:18:50+02:00,139.0,count/min,Apple Watch di Francesca
2026-10-02T13:18:54Z,2026-10-02T15:18:54+02:00,143.0,count/min,Apple Watch di Francesca
2026-10-02T13:19:00Z,2026-10-02T15:19:00+02:00,150.0,count/min,Apple Watch di Francesca
2026-10-02T13:19:04Z,2026-10-02T15:19:04+02:00,154.0,count/min,Apple Watch di Francesca
2026-10-02T13:19:09Z,2026-10-02T15:19:09+02:00,157.0,count/min,Apple Watch di Francesca
2026-10-02T13:19:17Z,2026-10-02T15:19:17+02:00,158.0,count/min,Apple Watch di Francesca
2026-10-02T13:19:21Z,2026-10-02T15:19:21+02:00,159.0,count/min,Apple Watch di Francesca
2026-10-02T13:19:25Z,2026-10-02T15:19:25+02:00,160.0,count/min,Apple Watch di Francesca
2026-10-02T13:19:28Z,2026-10-02T15:19:28+02:00,159.0,count/min,Apple Watch di Francesca
2026-10-02T13:19:37Z,2026-10-02T15:19:37+02:00,155.0,count/min,Apple Watch di Francesca
2026-10-02T13:19:42Z,2026-10-02T15:19:42+02:00,157.0,count/min,Apple Watch di Francesca
2026-10-02T13:19:45Z,2026-10-02T15:19:45+02:00,159.0,count/min,Apple Watch di Francesca
2026-10-02T13:19:51Z,2026-10-02T15:19:51+02:00,163.0,count/min,Apple Watch di Francesca
2026-10-02T13:19:56Z,2026-10-02T15:19:56+02:00,166.0,count/min,Apple Watch di Francesca
2026-10-02T13:19:58Z,2026-10-02T15:19:58+02:00,167.0,count/min,Apple Watch di Francesca
2026-10-02T13:20:03Z,2026-10-02T15:20:03+02:00,167.0,count/min,Apple Watch di Francesca
2026-10-02T13:20:12Z,2026-10-02T15:20:12+02:00,163.0,count/min,Apple Watch di Francesca
2026-10-02T13:20:13Z,2026-10-02T15:20:13+02:00,163.0,count/min,Apple Watch di Francesca
2026-10-02T13:20:22Z,2026-10-02T15:20:22+02:00,161.0,count/min,Apple Watch di Francesca
2026-10-02T13:20:24Z,2026-10-02T15:20:24+02:00,160.0,count/min,Apple Watch di Francesca
2026-10-02T13:20:32Z,2026-10-02T15:20:32+02:00,160.0,count/min,Apple Watch di Francesca
2026-10-02T13:20:37Z,2026-10-02T15:20:37+02:00,160.0,count/min,Apple Watch di Francesca
2026-10-02T13:20:41Z,2026-10-02T15:20:41+02:00,159.0,count/min,Apple Watch di Francesca
2026-10-02T13:20:47Z,2026-10-02T15:20:47+02:00,152.0,count/min,Apple Watch di Francesca
2026-10-02T13:20:48Z,2026-10-02T15:20:48+02:00,152.0,count/min,Apple Watch di Francesca
2026-10-02T13:20:56Z,2026-10-02T15:20:56+02:00,157.0,count/min,Apple Watch di Francesca
2026-10-02T13:21:02Z,2026-10-02T15:21:02+02:00,161.0,count/min,Apple Watch di Francesca
2026-10-02T13:21:07Z,2026-10-02T15:21:07+02:00,162.0,count/min,Apple Watch di Francesca
2026-10-02T13:21:08Z,2026-10-02T15:21:08+02:00,162.0,count/min,Apple Watch di Francesca
2026-10-02T13:21:14Z,2026-10-02T15:21:14+02:00,163.0,count/min,Apple Watch di Francesca
2026-10-02T13:21:22Z,2026-10-02T15:21:22+02:00,168.0,count/min,Apple Watch di Francesca
2026-10-02T13:21:26Z,2026-10-02T15:21:26+02:00,170.0,count/min,Apple Watch di Francesca
2026-10-02T13:21:31Z,2026-10-02T15:21:31+02:00,170.0,count/min,Apple Watch di Francesca
2026-10-02T13:21:37Z,2026-10-02T15:21:37+02:00,171.0,count/min,Apple Watch di Francesca
2026-10-02T13:21:38Z,2026-10-02T15:21:38+02:00,172.0,count/min,Apple Watch di Francesca
2026-10-02T13:21:43Z,2026-10-02T15:21:43+02:00,174.0,count/min,Apple Watch di Francesca
2026-10-02T13:21:52Z,2026-10-02T15:21:52+02:00,173.0,count/min,Apple Watch di Francesca
2026-10-02T13:21:53Z,2026-10-02T15:21:53+02:00,173.0,count/min,Apple Watch di Francesca
2026-10-02T13:21:58Z,2026-10-02T15:21:58+02:00,174.0,count/min,Apple Watch di Francesca
2026-10-02T13:22:07Z,2026-10-02T15:22:07+02:00,174.0,count/min,Apple Watch di Francesca
2026-10-02T13:22:12Z,2026-10-02T15:22:12+02:00,172.0,count/min,Apple Watch di Francesca
2026-10-02T13:22:14Z,2026-10-02T15:22:14+02:00,170.0,count/min,Apple Watch di Francesca
2026-10-02T13:22:18Z,2026-10-02T15:22:18+02:00,167.0,count/min,Apple Watch di Francesca
2026-10-02T13:22:23Z,2026-10-02T15:22:23+02:00,157.0,count/min,Apple Watch di Francesca
2026-10-02T13:22:32Z,2026-10-02T15:22:32+02:00,156.0,count/min,Apple Watch di Francesca
2026-10-02T13:22:37Z,2026-10-02T15:22:37+02:00,145.0,count/min,Apple Watch di Francesca
2026-10-02T13:22:42Z,2026-10-02T15:22:42+02:00,148.0,count/min,Apple Watch di Francesca
2026-10-02T13:22:47Z,2026-10-02T15:22:47+02:00,154.0,count/min,Apple Watch di Francesca
2026-10-02T13:22:51Z,2026-10-02T15:22:51+02:00,156.0,count/min,Apple Watch di Francesca
2026-10-02T13:22:55Z,2026-10-02T15:22:55+02:00,160.0,count/min,Apple Watch di Francesca
2026-10-02T13:22:58Z,2026-10-02T15:22:58+02:00,162.0,count/min,Apple Watch di Francesca
2026-10-02T13:23:07Z,2026-10-02T15:23:07+02:00,171.0,count/min,Apple Watch di Francesca
2026-10-02T13:23:12Z,2026-10-02T15:23:12+02:00,174.0,count/min,Apple Watch di Francesca
2026-10-02T13:23:16Z,2026-10-02T15:23:16+02:00,175.0,count/min,Apple Watch di Francesca
2026-10-02T13:23:22Z,2026-10-02T15:23:22+02:00,177.0,count/min,Apple Watch di Francesca
2026-10-02T13:23:26Z,2026-10-02T15:23:26+02:00,177.0,count/min,Apple Watch di Francesca
2026-10-02T13:23:30Z,2026-10-02T15:23:30+02:00,178.0,count/min,Apple Watch di Francesca
2026-10-02T13:23:33Z,2026-10-02T15:23:33+02:00,180.0,count/min,Apple Watch di Francesca
2026-10-02T13:23:40Z,2026-10-02T15:23:40+02:00,179.0,count/min,Apple Watch di Francesca
2026-10-02T13:23:47Z,2026-10-02T15:23:47+02:00,178.0,count/min,Apple Watch di Francesca
2026-10-02T13:23:49Z,2026-10-02T15:23:49+02:00,177.0,count/min,Apple Watch di Francesca
2026-10-02T13:23:57Z,2026-10-02T15:23:57+02:00,173.0,count/min,Apple Watch di Francesca
2026-10-02T13:24:00Z,2026-10-02T15:24:00+02:00,171.0,count/min,Apple Watch di Francesca
2026-10-02T13:24:03Z,2026-10-02T15:24:03+02:00,169.0,count/min,Apple Watch di Francesca
2026-10-02T13:24:09Z,2026-10-02T15:24:09+02:00,165.0,count/min,Apple Watch di Francesca
2026-10-02T13:24:13Z,2026-10-02T15:24:13+02:00,167.0,count/min,Apple Watch di Francesca
2026-10-02T13:24:19Z,2026-10-02T15:24:19+02:00,170.0,count/min,Apple Watch di Francesca
2026-10-02T13:24:25Z,2026-10-02T15:24:25+02:00,171.0,count/min,Apple Watch di Francesca
2026-10-02T13:24:31Z,2026-10-02T15:24:31+02:00,174.0,count/min,Apple Watch di Francesca
2026-10-02T13:24:36Z,2026-10-02T15:24:36+02:00,175.0,count/min,Apple Watch di Francesca
2026-10-02T13:24:38Z,2026-10-02T15:24:38+02:00,176.0,count/min,Apple Watch di Francesca
2026-10-02T13:24:43Z,2026-10-02T15:24:43+02:00,178.0,count/min,Apple Watch di Francesca
2026-10-02T13:24:49Z,2026-10-02T15:24:49+02:00,177.0,count/min,Apple Watch di Francesca
2026-10-02T13:24:56Z,2026-10-02T15:24:56+02:00,178.0,count/min,Apple Watch di Francesca
2026-10-02T13:25:01Z,2026-10-02T15:25:01+02:00,178.0,count/min,Apple Watch di Francesca
2026-10-02T13:25:07Z,2026-10-02T15:25:07+02:00,170.0,count/min,Apple Watch di Francesca
2026-10-02T13:25:12Z,2026-10-02T15:25:12+02:00,172.0,count/min,Apple Watch di Francesca
2026-10-02T13:25:15Z,2026-10-02T15:25:15+02:00,173.0,count/min,Apple Watch di Francesca
2026-10-02T13:25:21Z,2026-10-02T15:25:21+02:00,175.0,count/min,Apple Watch di Francesca
2026-10-02T13:25:23Z,2026-10-02T15:25:23+02:00,175.0,count/min,Apple Watch di Francesca
2026-10-02T13:25:32Z,2026-10-02T15:25:32+02:00,169.0,count/min,Apple Watch di Francesca
2026-10-02T13:25:34Z,2026-10-02T15:25:34+02:00,169.0,count/min,Apple Watch di Francesca
2026-10-02T13:25:39Z,2026-10-02T15:25:39+02:00,172.0,count/min,Apple Watch di Francesca
2026-10-02T13:25:43Z,2026-10-02T15:25:43+02:00,175.0,count/min,Apple Watch di Francesca
2026-10-02T13:25:52Z,2026-10-02T15:25:52+02:00,178.0,count/min,Apple Watch di Francesca
2026-10-02T13:25:53Z,2026-10-02T15:25:53+02:00,178.0,count/min,Apple Watch di Francesca
2026-10-02T13:26:00Z,2026-10-02T15:26:00+02:00,179.0,count/min,Apple Watch di Francesca
2026-10-02T13:26:04Z,2026-10-02T15:26:04+02:00,177.0,count/min,Apple Watch di Francesca
2026-10-02T13:26:11Z,2026-10-02T15:26:11+02:00,174.0,count/min,Apple Watch di Francesca
2026-10-02T13:26:15Z,2026-10-02T15:26:15+02:00,174.0,count/min,Apple Watch di Francesca
2026-10-02T13:26:22Z,2026-10-02T15:26:22+02:00,177.0,count/min,Apple Watch di Francesca
2026-10-02T13:26:27Z,2026-10-02T15:26:27+02:00,178.0,count/min,Apple Watch di Francesca
2026-10-02T13:26:29Z,2026-10-02T15:26:29+02:00,179.0,count/min,Apple Watch di Francesca
2026-10-02T13:26:33Z,2026-10-02T15:26:33+02:00,179.0,count/min,Apple Watch di Francesca
2026-10-02T13:26:41Z,2026-10-02T15:26:41+02:00,183.0,count/min,Apple Watch di Francesca
2026-10-02T13:26:46Z,2026-10-02T15:26:46+02:00,184.0,count/min,Apple Watch di Francesca
2026-10-02T13:26:52Z,2026-10-02T15:26:52+02:00,176.0,count/min,Apple Watch di Francesca
2026-10-02T13:26:56Z,2026-10-02T15:26:56+02:00,174.0,count/min,Apple Watch di Francesca
2026-10-02T13:27:00Z,2026-10-02T15:27:00+02:00,173.0,count/min,Apple Watch di Francesca
2026-10-02T13:27:04Z,2026-10-02T15:27:04+02:00,173.0,count/min,Apple Watch di Francesca
2026-10-02T13:27:09Z,2026-10-02T15:27:09+02:00,172.0,count/min,Apple Watch di Francesca
2026-10-02T13:27:14Z,2026-10-02T15:27:14+02:00,173.0,count/min,Apple Watch di Francesca
2026-10-02T13:27:19Z,2026-10-02T15:27:19+02:00,175.0,count/min,Apple Watch di Francesca
2026-10-02T13:27:25Z,2026-10-02T15:27:25+02:00,172.0,count/min,Apple Watch di Francesca
2026-10-02T13:27:30Z,2026-10-02T15:27:30+02:00,165.0,count/min,Apple Watch di Francesca
2026-10-02T13:27:33Z,2026-10-02T15:27:33+02:00,163.0,count/min,Apple Watch di Francesca
2026-10-02T13:27:42Z,2026-10-02T15:27:42+02:00,166.0,count/min,Apple Watch di Francesca
2026-10-02T13:27:47Z,2026-10-02T15:27:47+02:00,166.0,count/min,Apple Watch di Francesca
2026-10-02T13:27:52Z,2026-10-02T15:27:52+02:00,166.0,count/min,Apple Watch di Francesca
2026-10-02T13:27:57Z,2026-10-02T15:27:57+02:00,166.0,count/min,Apple Watch di Francesca
2026-10-02T13:27:58Z,2026-10-02T15:27:58+02:00,166.0,count/min,Apple Watch di Francesca
2026-10-02T13:28:04Z,2026-10-02T15:28:04+02:00,165.0,count/min,Apple Watch di Francesca
2026-10-02T13:28:08Z,2026-10-02T15:28:08+02:00,164.0,count/min,Apple Watch di Francesca
2026-10-02T13:28:13Z,2026-10-02T15:28:13+02:00,162.0,count/min,Apple Watch di Francesca
2026-10-02T13:28:22Z,2026-10-02T15:28:22+02:00,166.0,count/min,Apple Watch di Francesca
2026-10-02T13:28:26Z,2026-10-02T15:28:26+02:00,164.0,count/min,Apple Watch di Francesca
2026-10-02T13:28:28Z,2026-10-02T15:28:28+02:00,162.0,count/min,Apple Watch di Francesca
2026-10-02T13:28:35Z,2026-10-02T15:28:35+02:00,154.0,count/min,Apple Watch di Francesca
2026-10-02T13:28:39Z,2026-10-02T15:28:39+02:00,148.0,count/min,Apple Watch di Francesca
2026-10-02T13:28:43Z,2026-10-02T15:28:43+02:00,146.0,count/min,Apple Watch di Francesca
2026-10-02T13:28:50Z,2026-10-02T15:28:50+02:00,147.0,count/min,Apple Watch di Francesca
2026-10-02T13:28:57Z,2026-10-02T15:28:57+02:00,142.0,count/min,Apple Watch di Francesca
2026-10-02T13:29:00Z,2026-10-02T15:29:00+02:00,140.0,count/min,Apple Watch di Francesca
2026-10-02T13:29:04Z,2026-10-02T15:29:04+02:00,144.0,count/min,Apple Watch di Francesca
2026-10-02T13:29:12Z,2026-10-02T15:29:12+02:00,136.0,count/min,Apple Watch di Francesca
2026-10-02T13:29:13Z,2026-10-02T15:29:13+02:00,136.0,count/min,Apple Watch di Francesca
2026-10-02T13:29:22Z,2026-10-02T15:29:22+02:00,143.0,count/min,Apple Watch di Francesca
2026-10-02T13:29:23Z,2026-10-02T15:29:23+02:00,142.0,count/min,Apple Watch di Francesca
2026-10-02T13:29:31Z,2026-10-02T15:29:31+02:00,143.0,count/min,Apple Watch di Francesca
2026-10-02T13:29:33Z,2026-10-02T15:29:33+02:00,143.0,count/min,Apple Watch di Francesca
2026-10-02T13:29:38Z,2026-10-02T15:29:38+02:00,149.0,count/min,Apple Watch di Francesca
2026-10-02T13:29:47Z,2026-10-02T15:29:47+02:00,136.0,count/min,Apple Watch di Francesca
2026-10-02T13:29:51Z,2026-10-02T15:29:51+02:00,134.0,count/min,Apple Watch di Francesca
2026-10-02T13:29:53Z,2026-10-02T15:29:53+02:00,135.0,count/min,Apple Watch di Francesca
2026-10-02T13:30:02Z,2026-10-02T15:30:02+02:00,127.0,count/min,Apple Watch di Francesca
2026-10-02T13:30:04Z,2026-10-02T15:30:04+02:00,130.0,count/min,Apple Watch di Francesca
2026-10-02T13:30:10Z,2026-10-02T15:30:10+02:00,120.0,count/min,Apple Watch di Francesca
2026-10-02T13:30:14Z,2026-10-02T15:30:14+02:00,128.0,count/min,Apple Watch di Francesca
2026-10-02T13:30:21Z,2026-10-02T15:30:21+02:00,124.0,count/min,Apple Watch di Francesca
2026-10-02T13:30:23Z,2026-10-02T15:30:23+02:00,127.0,count/min,Apple Watch di Francesca
2026-10-02T13:30:32Z,2026-10-02T15:30:32+02:00,124.0,count/min,Apple Watch di Francesca
2026-10-02T13:30:36Z,2026-10-02T15:30:36+02:00,126.0,count/min,Apple Watch di Francesca
2026-10-02T13:30:38Z,2026-10-02T15:30:38+02:00,123.0,count/min,Apple Watch di Francesca
2026-10-02T13:30:43Z,2026-10-02T15:30:43+02:00,129.0,count/min,Apple Watch di Francesca
2026-10-02T13:30:52Z,2026-10-02T15:30:52+02:00,127.0,count/min,Apple Watch di Francesca
2026-10-02T13:30:56Z,2026-10-02T15:30:56+02:00,130.0,count/min,Apple Watch di Francesca
2026-10-02T13:30:58Z,2026-10-02T15:30:58+02:00,126.0,count/min,Apple Watch di Francesca
2026-10-02T13:31:07Z,2026-10-02T15:31:07+02:00,126.0,count/min,Apple Watch di Francesca
2026-10-02T13:31:12Z,2026-10-02T15:31:12+02:00,118.0,count/min,Apple Watch di Francesca
2026-10-02T13:31:14Z,2026-10-02T15:31:14+02:00,118.0,count/min,Apple Watch di Francesca
2026-10-02T13:31:18Z,2026-10-02T15:31:18+02:00,122.0,count/min,Apple Watch di Francesca
2026-10-02T13:31:27Z,2026-10-02T15:31:27+02:00,134.0,count/min,Apple Watch di Francesca
2026-10-02T13:31:28Z,2026-10-02T15:31:28+02:00,133.0,count/min,Apple Watch di Francesca
2026-10-02T13:31:36Z,2026-10-02T15:31:36+02:00,122.0,count/min,Apple Watch di Francesca
2026-10-02T13:31:38Z,2026-10-02T15:31:38+02:00,122.0,count/min,Apple Watch di Francesca
2026-10-02T13:31:47Z,2026-10-02T15:31:47+02:00,123.0,count/min,Apple Watch di Francesca
2026-10-02T13:31:48Z,2026-10-02T15:31:48+02:00,124.0,count/min,Apple Watch di Francesca
2026-10-02T13:31:57Z,2026-10-02T15:31:57+02:00,118.0,count/min,Apple Watch di Francesca
2026-10-02T13:31:59Z,2026-10-02T15:31:59+02:00,120.0,count/min,Apple Watch di Francesca
2026-10-02T13:32:07Z,2026-10-02T15:32:07+02:00,124.0,count/min,Apple Watch di Francesca
2026-10-02T13:32:09Z,2026-10-02T15:32:09+02:00,123.0,count/min,Apple Watch di Francesca
2026-10-02T13:32:15Z,2026-10-02T15:32:15+02:00,126.0,count/min,Apple Watch di Francesca
2026-10-02T13:32:19Z,2026-10-02T15:32:19+02:00,129.0,count/min,Apple Watch di Francesca
2026-10-02T13:32:27Z,2026-10-02T15:32:27+02:00,138.0,count/min,Apple Watch di Francesca
2026-10-02T13:32:30Z,2026-10-02T15:32:30+02:00,140.0,count/min,Apple Watch di Francesca
2026-10-02T13:32:36Z,2026-10-02T15:32:36+02:00,145.0,count/min,Apple Watch di Francesca
2026-10-02T13:32:38Z,2026-10-02T15:32:38+02:00,146.0,count/min,Apple Watch di Francesca
2026-10-02T13:32:47Z,2026-10-02T15:32:47+02:00,148.0,count/min,Apple Watch di Francesca
2026-10-02T13:32:50Z,2026-10-02T15:32:50+02:00,150.0,count/min,Apple Watch di Francesca
2026-10-02T13:32:57Z,2026-10-02T15:32:57+02:00,154.0,count/min,Apple Watch di Francesca
2026-10-02T13:33:00Z,2026-10-02T15:33:00+02:00,157.0,count/min,Apple Watch di Francesca
2026-10-02T13:33:07Z,2026-10-02T15:33:07+02:00,159.0,count/min,Apple Watch di Francesca
2026-10-02T13:33:10Z,2026-10-02T15:33:10+02:00,159.0,count/min,Apple Watch di Francesca
2026-10-02T13:33:14Z,2026-10-02T15:33:14+02:00,160.0,count/min,Apple Watch di Francesca
2026-10-02T13:33:20Z,2026-10-02T15:33:20+02:00,163.0,count/min,Apple Watch di Francesca
2026-10-02T13:33:26Z,2026-10-02T15:33:26+02:00,164.0,count/min,Apple Watch di Francesca
2026-10-02T13:33:32Z,2026-10-02T15:33:32+02:00,166.0,count/min,Apple Watch di Francesca
2026-10-02T13:33:34Z,2026-10-02T15:33:34+02:00,166.0,count/min,Apple Watch di Francesca
2026-10-02T13:33:38Z,2026-10-02T15:33:38+02:00,165.0,count/min,Apple Watch di Francesca
2026-10-02T13:33:46Z,2026-10-02T15:33:46+02:00,166.0,count/min,Apple Watch di Francesca
2026-10-02T13:33:50Z,2026-10-02T15:33:50+02:00,167.0,count/min,Apple Watch di Francesca
2026-10-02T13:33:57Z,2026-10-02T15:33:57+02:00,159.0,count/min,Apple Watch di Francesca
2026-10-02T13:34:00Z,2026-10-02T15:34:00+02:00,160.0,count/min,Apple Watch di Francesca
2026-10-02T13:34:07Z,2026-10-02T15:34:07+02:00,156.0,count/min,Apple Watch di Francesca
2026-10-02T13:34:11Z,2026-10-02T15:34:11+02:00,153.0,count/min,Apple Watch di Francesca
2026-10-02T13:34:14Z,2026-10-02T15:34:14+02:00,153.0,count/min,Apple Watch di Francesca
2026-10-02T13:34:19Z,2026-10-02T15:34:19+02:00,154.0,count/min,Apple Watch di Francesca
2026-10-02T13:34:25Z,2026-10-02T15:34:25+02:00,154.0,count/min,Apple Watch di Francesca
2026-10-02T13:34:29Z,2026-10-02T15:34:29+02:00,154.0,count/min,Apple Watch di Francesca
2026-10-02T13:34:36Z,2026-10-02T15:34:36+02:00,148.0,count/min,Apple Watch di Francesca
2026-10-02T13:34:38Z,2026-10-02T15:34:38+02:00,148.0,count/min,Apple Watch di Francesca
2026-10-02T13:34:45Z,2026-10-02T15:34:45+02:00,140.0,count/min,Apple Watch di Francesca
2026-10-02T13:34:52Z,2026-10-02T15:34:52+02:00,133.0,count/min,Apple Watch di Francesca
2026-10-02T13:34:53Z,2026-10-02T15:34:53+02:00,133.0,count/min,Apple Watch di Francesca
2026-10-02T13:35:02Z,2026-10-02T15:35:02+02:00,129.0,count/min,Apple Watch di Francesca
2026-10-02T13:35:03Z,2026-10-02T15:35:03+02:00,129.0,count/min,Apple Watch di Francesca
2026-10-02T13:35:10Z,2026-10-02T15:35:10+02:00,129.0,count/min,Apple Watch di Francesca
2026-10-02T13:35:17Z,2026-10-02T15:35:17+02:00,119.0,count/min,Apple Watch di Francesca
2026-10-02T13:35:22Z,2026-10-02T15:35:22+02:00,120.0,count/min,Apple Watch di Francesca
2026-10-02T13:35:27Z,2026-10-02T15:35:27+02:00,125.0,count/min,Apple Watch di Francesca
2026-10-02T13:35:32Z,2026-10-02T15:35:32+02:00,127.0,count/min,Apple Watch di Francesca
2026-10-02T13:35:34Z,2026-10-02T15:35:34+02:00,128.0,count/min,Apple Watch di Francesca
2026-10-02T13:35:38Z,2026-10-02T15:35:38+02:00,128.0,count/min,Apple Watch di Francesca
2026-10-02T13:35:45Z,2026-10-02T15:35:45+02:00,132.0,count/min,Apple Watch di Francesca
2026-10-02T13:35:52Z,2026-10-02T15:35:52+02:00,123.0,count/min,Apple Watch di Francesca
2026-10-02T13:35:56Z,2026-10-02T15:35:56+02:00,127.0,count/min,Apple Watch di Francesca
2026-10-02T13:36:02Z,2026-10-02T15:36:02+02:00,116.0,count/min,Apple Watch di Francesca
2026-10-02T13:36:03Z,2026-10-02T15:36:03+02:00,116.0,count/min,Apple Watch di Francesca
2026-10-02T13:36:11Z,2026-10-02T15:36:11+02:00,124.0,count/min,Apple Watch di Francesca
2026-10-02T13:36:13Z,2026-10-02T15:36:13+02:00,124.0,count/min,Apple Watch di Francesca
2026-10-02T13:36:18Z,2026-10-02T15:36:18+02:00,129.0,count/min,Apple Watch di Francesca
2026-10-02T13:36:27Z,2026-10-02T15:36:27+02:00,125.0,count/min,Apple Watch di Francesca
2026-10-02T13:36:28Z,2026-10-02T15:36:28+02:00,127.0,count/min,Apple Watch di Francesca
2026-10-02T13:36:37Z,2026-10-02T15:36:37+02:00,121.0,count/min,Apple Watch di Francesca
2026-10-02T13:36:40Z,2026-10-02T15:36:40+02:00,121.0,count/min,Apple Watch di Francesca
2026-10-02T13:36:47Z,2026-10-02T15:36:47+02:00,123.0,count/min,Apple Watch di Francesca
2026-10-02T13:36:50Z,2026-10-02T15:36:50+02:00,121.0,count/min,Apple Watch di Francesca
2026-10-02T13:36:53Z,2026-10-02T15:36:53+02:00,120.0,count/min,Apple Watch di Francesca
2026-10-02T13:36:58Z,2026-10-02T15:36:58+02:00,122.0,count/min,Apple Watch di Francesca
2026-10-02T13:37:07Z,2026-10-02T15:37:07+02:00,122.0,count/min,Apple Watch di Francesca
2026-10-02T13:37:08Z,2026-10-02T15:37:08+02:00,122.0,count/min,Apple Watch di Francesca
2026-10-02T13:37:13Z,2026-10-02T15:37:13+02:00,118.0,count/min,Apple Watch di Francesca
2026-10-02T13:37:18Z,2026-10-02T15:37:18+02:00,131.0,count/min,Apple Watch di Francesca
2026-10-02T13:37:27Z,2026-10-02T15:37:27+02:00,124.0,count/min,Apple Watch di Francesca
2026-10-02T13:37:31Z,2026-10-02T15:37:31+02:00,132.0,count/min,Apple Watch di Francesca
2026-10-02T13:37:35Z,2026-10-02T15:37:35+02:00,128.0,count/min,Apple Watch di Francesca
2026-10-02T13:37:42Z,2026-10-02T15:37:42+02:00,121.0,count/min,Apple Watch di Francesca
2026-10-02T13:37:47Z,2026-10-02T15:37:47+02:00,120.0,count/min,Apple Watch di Francesca
2026-10-02T13:37:49Z,2026-10-02T15:37:49+02:00,118.0,count/min,Apple Watch di Francesca
2026-10-02T13:37:53Z,2026-10-02T15:37:53+02:00,124.0,count/min,Apple Watch di Francesca
2026-10-02T13:38:00Z,2026-10-02T15:38:00+02:00,117.0,count/min,Apple Watch di Francesca
2026-10-02T13:38:04Z,2026-10-02T15:38:04+02:00,124.0,count/min,Apple Watch di Francesca
2026-10-02T13:38:08Z,2026-10-02T15:38:08+02:00,123.0,count/min,Apple Watch di Francesca
2026-10-02T13:38:17Z,2026-10-02T15:38:17+02:00,121.0,count/min,Apple Watch di Francesca
2026-10-02T13:38:21Z,2026-10-02T15:38:21+02:00,115.0,count/min,Apple Watch di Francesca
2026-10-02T13:38:24Z,2026-10-02T15:38:24+02:00,118.0,count/min,Apple Watch di Francesca
2026-10-02T13:38:32Z,2026-10-02T15:38:32+02:00,117.0,count/min,Apple Watch di Francesca
2026-10-02T13:38:33Z,2026-10-02T15:38:33+02:00,117.0,count/min,Apple Watch di Francesca
2026-10-02T13:38:38Z,2026-10-02T15:38:38+02:00,120.0,count/min,Apple Watch di Francesca
2026-10-02T13:38:47Z,2026-10-02T15:38:47+02:00,124.0,count/min,Apple Watch di Francesca
2026-10-02T13:38:50Z,2026-10-02T15:38:50+02:00,124.0,count/min,Apple Watch di Francesca
2026-10-02T13:38:57Z,2026-10-02T15:38:57+02:00,132.0,count/min,Apple Watch di Francesca
2026-10-02T13:39:02Z,2026-10-02T15:39:02+02:00,133.0,count/min,Apple Watch di Francesca
2026-10-02T13:39:03Z,2026-10-02T15:39:03+02:00,133.0,count/min,Apple Watch di Francesca
2026-10-02T13:39:08Z,2026-10-02T15:39:08+02:00,135.0,count/min,Apple Watch di Francesca
2026-10-02T13:39:17Z,2026-10-02T15:39:17+02:00,141.0,count/min,Apple Watch di Francesca
2026-10-02T13:39:21Z,2026-10-02T15:39:21+02:00,141.0,count/min,Apple Watch di Francesca
2026-10-02T13:39:24Z,2026-10-02T15:39:24+02:00,143.0,count/min,Apple Watch di Francesca
2026-10-02T13:39:32Z,2026-10-02T15:39:32+02:00,144.0,count/min,Apple Watch di Francesca
2026-10-02T13:39:33Z,2026-10-02T15:39:33+02:00,145.0,count/min,Apple Watch di Francesca
2026-10-02T13:39:38Z,2026-10-02T15:39:38+02:00,148.0,count/min,Apple Watch di Francesca
2026-10-02T13:39:44Z,2026-10-02T15:39:44+02:00,153.0,count/min,Apple Watch di Francesca
2026-10-02T13:39:51Z,2026-10-02T15:39:51+02:00,148.0,count/min,Apple Watch di Francesca
2026-10-02T13:39:55Z,2026-10-02T15:39:55+02:00,149.0,count/min,Apple Watch di Francesca
2026-10-02T13:40:02Z,2026-10-02T15:40:02+02:00,151.0,count/min,Apple Watch di Francesca
2026-10-02T13:40:06Z,2026-10-02T15:40:06+02:00,152.0,count/min,Apple Watch di Francesca
2026-10-02T13:40:09Z,2026-10-02T15:40:09+02:00,154.0,count/min,Apple Watch di Francesca
2026-10-02T13:40:14Z,2026-10-02T15:40:14+02:00,153.0,count/min,Apple Watch di Francesca
2026-10-02T13:40:18Z,2026-10-02T15:40:18+02:00,152.0,count/min,Apple Watch di Francesca
2026-10-02T13:40:23Z,2026-10-02T15:40:23+02:00,149.0,count/min,Apple Watch di Francesca
2026-10-02T13:40:32Z,2026-10-02T15:40:32+02:00,157.0,count/min,Apple Watch di Francesca
2026-10-02T13:40:37Z,2026-10-02T15:40:37+02:00,157.0,count/min,Apple Watch di Francesca
2026-10-02T13:40:38Z,2026-10-02T15:40:38+02:00,157.0,count/min,Apple Watch di Francesca
2026-10-02T13:40:44Z,2026-10-02T15:40:44+02:00,153.0,count/min,Apple Watch di Francesca
2026-10-02T13:40:51Z,2026-10-02T15:40:51+02:00,156.0,count/min,Apple Watch di Francesca
2026-10-02T13:40:53Z,2026-10-02T15:40:53+02:00,157.0,count/min,Apple Watch di Francesca
2026-10-02T13:41:02Z,2026-10-02T15:41:02+02:00,153.0,count/min,Apple Watch di Francesca
2026-10-02T13:41:03Z,2026-10-02T15:41:03+02:00,152.0,count/min,Apple Watch di Francesca
2026-10-02T13:41:10Z,2026-10-02T15:41:10+02:00,153.0,count/min,Apple Watch di Francesca
2026-10-02T13:41:17Z,2026-10-02T15:41:17+02:00,145.0,count/min,Apple Watch di Francesca
2026-10-02T13:41:21Z,2026-10-02T15:41:21+02:00,142.0,count/min,Apple Watch di Francesca
2026-10-02T13:41:26Z,2026-10-02T15:41:26+02:00,141.0,count/min,Apple Watch di Francesca
2026-10-02T13:41:32Z,2026-10-02T15:41:32+02:00,143.0,count/min,Apple Watch di Francesca
2026-10-02T13:41:35Z,2026-10-02T15:41:35+02:00,140.0,count/min,Apple Watch di Francesca
2026-10-02T13:41:38Z,2026-10-02T15:41:38+02:00,139.0,count/min,Apple Watch di Francesca
2026-10-02T13:41:43Z,2026-10-02T15:41:43+02:00,147.0,count/min,Apple Watch di Francesca
2026-10-02T13:41:51Z,2026-10-02T15:41:51+02:00,142.0,count/min,Apple Watch di Francesca
2026-10-02T13:41:55Z,2026-10-02T15:41:55+02:00,141.0,count/min,Apple Watch di Francesca
2026-10-02T13:42:02Z,2026-10-02T15:42:02+02:00,135.0,count/min,Apple Watch di Francesca
2026-10-02T13:42:06Z,2026-10-02T15:42:06+02:00,133.0,count/min,Apple Watch di Francesca
2026-10-02T13:42:09Z,2026-10-02T15:42:09+02:00,135.0,count/min,Apple Watch di Francesca
2026-10-02T13:42:16Z,2026-10-02T15:42:16+02:00,124.0,count/min,Apple Watch di Francesca
2026-10-02T13:42:20Z,2026-10-02T15:42:20+02:00,127.0,count/min,Apple Watch di Francesca
2026-10-02T13:42:24Z,2026-10-02T15:42:24+02:00,135.0,count/min,Apple Watch di Francesca
2026-10-02T13:42:31Z,2026-10-02T15:42:31+02:00,138.0,count/min,Apple Watch di Francesca
2026-10-02T13:42:33Z,2026-10-02T15:42:33+02:00,135.0,count/min,Apple Watch di Francesca
2026-10-02T13:42:42Z,2026-10-02T15:42:42+02:00,130.0,count/min,Apple Watch di Francesca
2026-10-02T13:42:47Z,2026-10-02T15:42:47+02:00,138.0,count/min,Apple Watch di Francesca
2026-10-02T13:42:52Z,2026-10-02T15:42:52+02:00,134.0,count/min,Apple Watch di Francesca
2026-10-02T13:42:53Z,2026-10-02T15:42:53+02:00,134.0,count/min,Apple Watch di Francesca
2026-10-02T13:43:01Z,2026-10-02T15:43:01+02:00,141.0,count/min,Apple Watch di Francesca
2026-10-02T13:43:04Z,2026-10-02T15:43:04+02:00,141.0,count/min,Apple Watch di Francesca
2026-10-02T13:43:11Z,2026-10-02T15:43:11+02:00,137.0,count/min,Apple Watch di Francesca
2026-10-02T13:43:17Z,2026-10-02T15:43:17+02:00,142.0,count/min,Apple Watch di Francesca
2026-10-02T13:43:19Z,2026-10-02T15:43:19+02:00,143.0,count/min,Apple Watch di Francesca
2026-10-02T13:43:27Z,2026-10-02T15:43:27+02:00,149.0,count/min,Apple Watch di Francesca
2026-10-02T13:43:32Z,2026-10-02T15:43:32+02:00,147.0,count/min,Apple Watch di Francesca
2026-10-02T13:43:36Z,2026-10-02T15:43:36+02:00,148.0,count/min,Apple Watch di Francesca
2026-10-02T13:43:41Z,2026-10-02T15:43:41+02:00,147.0,count/min,Apple Watch di Francesca
2026-10-02T13:43:47Z,2026-10-02T15:43:47+02:00,150.0,count/min,Apple Watch di Francesca
2026-10-02T13:43:50Z,2026-10-02T15:43:50+02:00,150.0,count/min,Apple Watch di Francesca
2026-10-02T13:43:54Z,2026-10-02T15:43:54+02:00,146.0,count/min,Apple Watch di Francesca
2026-10-02T13:43:58Z,2026-10-02T15:43:58+02:00,145.0,count/min,Apple Watch di Francesca
2026-10-02T13:44:04Z,2026-10-02T15:44:04+02:00,136.0,count/min,Apple Watch di Francesca
2026-10-02T13:44:12Z,2026-10-02T15:44:12+02:00,135.0,count/min,Apple Watch di Francesca
2026-10-02T13:44:17Z,2026-10-02T15:44:17+02:00,135.0,count/min,Apple Watch di Francesca
2026-10-02T13:44:18Z,2026-10-02T15:44:18+02:00,135.0,count/min,Apple Watch di Francesca
2026-10-02T13:44:24Z,2026-10-02T15:44:24+02:00,137.0,count/min,Apple Watch di Francesca
2026-10-02T13:44:30Z,2026-10-02T15:44:30+02:00,131.0,count/min,Apple Watch di Francesca
2026-10-02T13:44:34Z,2026-10-02T15:44:34+02:00,129.0,count/min,Apple Watch di Francesca
2026-10-02T13:44:41Z,2026-10-02T15:44:41+02:00,133.0,count/min,Apple Watch di Francesca
2026-10-02T13:44:47Z,2026-10-02T15:44:47+02:00,135.0,count/min,Apple Watch di Francesca
2026-10-02T13:44:52Z,2026-10-02T15:44:52+02:00,134.0,count/min,Apple Watch di Francesca
2026-10-02T13:44:53Z,2026-10-02T15:44:53+02:00,133.0,count/min,Apple Watch di Francesca
2026-10-02T13:45:01Z,2026-10-02T15:45:01+02:00,124.0,count/min,Apple Watch di Francesca
2026-10-02T13:45:03Z,2026-10-02T15:45:03+02:00,125.0,count/min,Apple Watch di Francesca
2026-10-02T13:45:12Z,2026-10-02T15:45:12+02:00,123.0,count/min,Apple Watch di Francesca
2026-10-02T13:45:15Z,2026-10-02T15:45:15+02:00,122.0,count/min,Apple Watch di Francesca
2026-10-02T13:45:22Z,2026-10-02T15:45:22+02:00,131.0,count/min,Apple Watch di Francesca
2026-10-02T13:45:27Z,2026-10-02T15:45:27+02:00,135.0,count/min,Apple Watch di Francesca
2026-10-02T13:45:28Z,2026-10-02T15:45:28+02:00,135.0,count/min,Apple Watch di Francesca
2026-10-02T13:45:34Z,2026-10-02T15:45:34+02:00,140.0,count/min,Apple Watch di Francesca
2026-10-02T13:45:40Z,2026-10-02T15:45:40+02:00,143.0,count/min,Apple Watch di Francesca
2026-10-02T13:45:43Z,2026-10-02T15:45:43+02:00,143.0,count/min,Apple Watch di Francesca
2026-10-02T13:45:49Z,2026-10-02T15:45:49+02:00,146.0,count/min,Apple Watch di Francesca
2026-10-02T13:45:54Z,2026-10-02T15:45:54+02:00,150.0,count/min,Apple Watch di Francesca
2026-10-02T13:46:01Z,2026-10-02T15:46:01+02:00,155.0,count/min,Apple Watch di Francesca
2026-10-02T13:46:04Z,2026-10-02T15:46:04+02:00,153.0,count/min,Apple Watch di Francesca
2026-10-02T13:46:08Z,2026-10-02T15:46:08+02:00,151.0,count/min,Apple Watch di Francesca
2026-10-02T13:46:15Z,2026-10-02T15:46:15+02:00,150.0,count/min,Apple Watch di Francesca
2026-10-02T13:46:18Z,2026-10-02T15:46:18+02:00,150.0,count/min,Apple Watch di Francesca
2026-10-02T13:46:23Z,2026-10-02T15:46:23+02:00,148.0,count/min,Apple Watch di Francesca
2026-10-02T13:46:32Z,2026-10-02T15:46:32+02:00,146.0,count/min,Apple Watch di Francesca
2026-10-02T13:46:37Z,2026-10-02T15:46:37+02:00,140.0,count/min,Apple Watch di Francesca
2026-10-02T13:46:42Z,2026-10-02T15:46:42+02:00,131.0,count/min,Apple Watch di Francesca
2026-10-02T13:46:47Z,2026-10-02T15:46:47+02:00,121.0,count/min,Apple Watch di Francesca
2026-10-02T13:46:49Z,2026-10-02T15:46:49+02:00,123.0,count/min,Apple Watch di Francesca
2026-10-02T13:46:56Z,2026-10-02T15:46:56+02:00,119.0,count/min,Apple Watch di Francesca
2026-10-02T13:47:00Z,2026-10-02T15:47:00+02:00,128.0,count/min,Apple Watch di Francesca
2026-10-02T13:47:07Z,2026-10-02T15:47:07+02:00,122.0,count/min,Apple Watch di Francesca
2026-10-02T13:47:09Z,2026-10-02T15:47:09+02:00,124.0,count/min,Apple Watch di Francesca
2026-10-02T13:47:16Z,2026-10-02T15:47:16+02:00,111.0,count/min,Apple Watch di Francesca
2026-10-02T13:47:18Z,2026-10-02T15:47:18+02:00,114.0,count/min,Apple Watch di Francesca
2026-10-02T13:47:27Z,2026-10-02T15:47:27+02:00,114.0,count/min,Apple Watch di Francesca
2026-10-02T13:47:30Z,2026-10-02T15:47:30+02:00,113.0,count/min,Apple Watch di Francesca
2026-10-02T13:47:37Z,2026-10-02T15:47:37+02:00,111.0,count/min,Apple Watch di Francesca
2026-10-02T13:47:42Z,2026-10-02T15:47:42+02:00,119.0,count/min,Apple Watch di Francesca
2026-10-02T13:47:44Z,2026-10-02T15:47:44+02:00,122.0,count/min,Apple Watch di Francesca
2026-10-02T13:47:48Z,2026-10-02T15:47:48+02:00,121.0,count/min,Apple Watch di Francesca
2026-10-02T13:47:57Z,2026-10-02T15:47:57+02:00,130.0,count/min,Apple Watch di Francesca
2026-10-02T13:48:00Z,2026-10-02T15:48:00+02:00,128.0,count/min,Apple Watch di Francesca
2026-10-02T13:48:07Z,2026-10-02T15:48:07+02:00,134.0,count/min,Apple Watch di Francesca
2026-10-02T13:48:09Z,2026-10-02T15:48:09+02:00,135.0,count/min,Apple Watch di Francesca
2026-10-02T13:48:15Z,2026-10-02T15:48:15+02:00,136.0,count/min,Apple Watch di Francesca
2026-10-02T13:48:19Z,2026-10-02T15:48:19+02:00,138.0,count/min,Apple Watch di Francesca
2026-10-02T13:48:23Z,2026-10-02T15:48:23+02:00,138.0,count/min,Apple Watch di Francesca
2026-10-02T13:48:32Z,2026-10-02T15:48:32+02:00,127.0,count/min,Apple Watch di Francesca
2026-10-02T13:48:35Z,2026-10-02T15:48:35+02:00,127.0,count/min,Apple Watch di Francesca
2026-10-02T13:48:41Z,2026-10-02T15:48:41+02:00,120.0,count/min,Apple Watch di Francesca
2026-10-02T13:48:45Z,2026-10-02T15:48:45+02:00,124.0,count/min,Apple Watch di Francesca
2026-10-02T13:48:48Z,2026-10-02T15:48:48+02:00,120.0,count/min,Apple Watch di Francesca
2026-10-02T13:48:53Z,2026-10-02T15:48:53+02:00,117.0,count/min,Apple Watch di Francesca
2026-10-02T13:49:02Z,2026-10-02T15:49:02+02:00,127.0,count/min,Apple Watch di Francesca
2026-10-02T13:49:04Z,2026-10-02T15:49:04+02:00,125.0,count/min,Apple Watch di Francesca
2026-10-02T13:49:12Z,2026-10-02T15:49:12+02:00,115.0,count/min,Apple Watch di Francesca
2026-10-02T13:49:14Z,2026-10-02T15:49:14+02:00,117.0,count/min,Apple Watch di Francesca
2026-10-02T13:49:22Z,2026-10-02T15:49:22+02:00,122.0,count/min,Apple Watch di Francesca
2026-10-02T13:49:26Z,2026-10-02T15:49:26+02:00,126.0,count/min,Apple Watch di Francesca
2026-10-02T13:49:32Z,2026-10-02T15:49:32+02:00,128.0,count/min,Apple Watch di Francesca
2026-10-02T13:49:33Z,2026-10-02T15:49:33+02:00,128.0,count/min,Apple Watch di Francesca
2026-10-02T13:49:42Z,2026-10-02T15:49:42+02:00,134.0,count/min,Apple Watch di Francesca
2026-10-02T13:49:43Z,2026-10-02T15:49:43+02:00,135.0,count/min,Apple Watch di Francesca
2026-10-02T13:49:51Z,2026-10-02T15:49:51+02:00,126.0,count/min,Apple Watch di Francesca
2026-10-02T13:49:57Z,2026-10-02T15:49:57+02:00,134.0,count/min,Apple Watch di Francesca
2026-10-02T13:49:59Z,2026-10-02T15:49:59+02:00,133.0,count/min,Apple Watch di Francesca
2026-10-02T13:50:03Z,2026-10-02T15:50:03+02:00,134.0,count/min,Apple Watch di Francesca
2026-10-02T13:50:11Z,2026-10-02T15:50:11+02:00,128.0,count/min,Apple Watch di Francesca
2026-10-02T13:50:17Z,2026-10-02T15:50:17+02:00,132.0,count/min,Apple Watch di Francesca
2026-10-02T13:50:20Z,2026-10-02T15:50:20+02:00,136.0,count/min,Apple Watch di Francesca
2026-10-02T13:50:24Z,2026-10-02T15:50:24+02:00,139.0,count/min,Apple Watch di Francesca
2026-10-02T13:50:31Z,2026-10-02T15:50:31+02:00,144.0,count/min,Apple Watch di Francesca
2026-10-02T13:50:37Z,2026-10-02T15:50:37+02:00,146.0,count/min,Apple Watch di Francesca
2026-10-02T13:50:42Z,2026-10-02T15:50:42+02:00,149.0,count/min,Apple Watch di Francesca
2026-10-02T13:50:44Z,2026-10-02T15:50:44+02:00,150.0,count/min,Apple Watch di Francesca
2026-10-02T13:50:51Z,2026-10-02T15:50:51+02:00,154.0,count/min,Apple Watch di Francesca
2026-10-02T13:50:54Z,2026-10-02T15:50:54+02:00,154.0,count/min,Apple Watch di Francesca
2026-10-02T13:51:01Z,2026-10-02T15:51:01+02:00,157.0,count/min,Apple Watch di Francesca
2026-10-02T13:51:06Z,2026-10-02T15:51:06+02:00,152.0,count/min,Apple Watch di Francesca
2026-10-02T13:51:09Z,2026-10-02T15:51:09+02:00,153.0,count/min,Apple Watch di Francesca
2026-10-02T13:51:14Z,2026-10-02T15:51:14+02:00,158.0,count/min,Apple Watch di Francesca
2026-10-02T13:51:22Z,2026-10-02T15:51:22+02:00,161.0,count/min,Apple Watch di Francesca
2026-10-02T13:51:23Z,2026-10-02T15:51:23+02:00,162.0,count/min,Apple Watch di Francesca
2026-10-02T13:51:28Z,2026-10-02T15:51:28+02:00,158.0,count/min,Apple Watch di Francesca
2026-10-02T13:51:35Z,2026-10-02T15:51:35+02:00,151.0,count/min,Apple Watch di Francesca
2026-10-02T13:51:42Z,2026-10-02T15:51:42+02:00,153.0,count/min,Apple Watch di Francesca
2026-10-02T13:51:46Z,2026-10-02T15:51:46+02:00,155.0,count/min,Apple Watch di Francesca
2026-10-02T13:51:48Z,2026-10-02T15:51:48+02:00,156.0,count/min,Apple Watch di Francesca
2026-10-02T13:51:57Z,2026-10-02T15:51:57+02:00,150.0,count/min,Apple Watch di Francesca
2026-10-02T13:51:59Z,2026-10-02T15:51:59+02:00,149.0,count/min,Apple Watch di Francesca
2026-10-02T13:52:06Z,2026-10-02T15:52:06+02:00,143.0,count/min,Apple Watch di Francesca
2026-10-02T13:52:12Z,2026-10-02T15:52:12+02:00,132.0,count/min,Apple Watch di Francesca
2026-10-02T13:52:13Z,2026-10-02T15:52:13+02:00,132.0,count/min,Apple Watch di Francesca
2026-10-02T13:52:18Z,2026-10-02T15:52:18+02:00,136.0,count/min,Apple Watch di Francesca
2026-10-02T13:52:24Z,2026-10-02T15:52:24+02:00,126.0,count/min,Apple Watch di Francesca
2026-10-02T13:52:32Z,2026-10-02T15:52:32+02:00,123.0,count/min,Apple Watch di Francesca
2026-10-02T13:52:33Z,2026-10-02T15:52:33+02:00,124.0,count/min,Apple Watch di Francesca
2026-10-02T13:52:42Z,2026-10-02T15:52:42+02:00,120.0,count/min,Apple Watch di Francesca
2026-10-02T13:52:47Z,2026-10-02T15:52:47+02:00,122.0,count/min,Apple Watch di Francesca
2026-10-02T13:52:52Z,2026-10-02T15:52:52+02:00,122.0,count/min,Apple Watch di Francesca
2026-10-02T13:52:54Z,2026-10-02T15:52:54+02:00,122.0,count/min,Apple Watch di Francesca
2026-10-02T13:52:58Z,2026-10-02T15:52:58+02:00,124.0,count/min,Apple Watch di Francesca
2026-10-02T13:53:03Z,2026-10-02T15:53:03+02:00,126.0,count/min,Apple Watch di Francesca
2026-10-02T13:53:12Z,2026-10-02T15:53:12+02:00,125.0,count/min,Apple Watch di Francesca
2026-10-02T13:53:17Z,2026-10-02T15:53:17+02:00,128.0,count/min,Apple Watch di Francesca
2026-10-02T13:53:21Z,2026-10-02T15:53:21+02:00,133.0,count/min,Apple Watch di Francesca
2026-10-02T13:53:26Z,2026-10-02T15:53:26+02:00,135.0,count/min,Apple Watch di Francesca
2026-10-02T13:53:28Z,2026-10-02T15:53:28+02:00,136.0,count/min,Apple Watch di Francesca
2026-10-02T13:53:36Z,2026-10-02T15:53:36+02:00,142.0,count/min,Apple Watch di Francesca
2026-10-02T13:53:42Z,2026-10-02T15:53:42+02:00,148.0,count/min,Apple Watch di Francesca
2026-10-02T13:53:45Z,2026-10-02T15:53:45+02:00,150.0,count/min,Apple Watch di Francesca
2026-10-02T13:53:50Z,2026-10-02T15:53:50+02:00,152.0,count/min,Apple Watch di Francesca
2026-10-02T13:53:55Z,2026-10-02T15:53:55+02:00,155.0,count/min,Apple Watch di Francesca
2026-10-02T13:53:58Z,2026-10-02T15:53:58+02:00,157.0,count/min,Apple Watch di Francesca
2026-10-02T13:54:07Z,2026-10-02T15:54:07+02:00,160.0,count/min,Apple Watch di Francesca
2026-10-02T13:54:10Z,2026-10-02T15:54:10+02:00,162.0,count/min,Apple Watch di Francesca
2026-10-02T13:54:17Z,2026-10-02T15:54:17+02:00,163.0,count/min,Apple Watch di Francesca
2026-10-02T13:54:18Z,2026-10-02T15:54:18+02:00,163.0,count/min,Apple Watch di Francesca
2026-10-02T13:54:24Z,2026-10-02T15:54:24+02:00,161.0,count/min,Apple Watch di Francesca
2026-10-02T13:54:28Z,2026-10-02T15:54:28+02:00,161.0,count/min,Apple Watch di Francesca
2026-10-02T13:54:33Z,2026-10-02T15:54:33+02:00,160.0,count/min,Apple Watch di Francesca
2026-10-02T13:54:41Z,2026-10-02T15:54:41+02:00,162.0,count/min,Apple Watch di Francesca
2026-10-02T13:54:46Z,2026-10-02T15:54:46+02:00,163.0,count/min,Apple Watch di Francesca
2026-10-02T13:54:50Z,2026-10-02T15:54:50+02:00,163.0,count/min,Apple Watch di Francesca
2026-10-02T13:54:56Z,2026-10-02T15:54:56+02:00,159.0,count/min,Apple Watch di Francesca
2026-10-02T13:55:00Z,2026-10-02T15:55:00+02:00,159.0,count/min,Apple Watch di Francesca
2026-10-02T13:55:03Z,2026-10-02T15:55:03+02:00,162.0,count/min,Apple Watch di Francesca
2026-10-02T13:55:12Z,2026-10-02T15:55:12+02:00,165.0,count/min,Apple Watch di Francesca
2026-10-02T13:55:13Z,2026-10-02T15:55:13+02:00,166.0,count/min,Apple Watch di Francesca
2026-10-02T13:55:20Z,2026-10-02T15:55:20+02:00,167.0,count/min,Apple Watch di Francesca
2026-10-02T13:55:27Z,2026-10-02T15:55:27+02:00,169.0,count/min,Apple Watch di Francesca
2026-10-02T13:55:28Z,2026-10-02T15:55:28+02:00,168.0,count/min,Apple Watch di Francesca
2026-10-02T13:55:35Z,2026-10-02T15:55:35+02:00,163.0,count/min,Apple Watch di Francesca
2026-10-02T13:55:39Z,2026-10-02T15:55:39+02:00,163.0,count/min,Apple Watch di Francesca
2026-10-02T13:55:43Z,2026-10-02T15:55:43+02:00,161.0,count/min,Apple Watch di Francesca
2026-10-02T13:55:52Z,2026-10-02T15:55:52+02:00,166.0,count/min,Apple Watch di Francesca
2026-10-02T13:55:54Z,2026-10-02T15:55:54+02:00,166.0,count/min,Apple Watch di Francesca
2026-10-02T13:56:02Z,2026-10-02T15:56:02+02:00,157.0,count/min,Apple Watch di Francesca
2026-10-02T13:56:04Z,2026-10-02T15:56:04+02:00,158.0,count/min,Apple Watch di Francesca
2026-10-02T13:56:12Z,2026-10-02T15:56:12+02:00,157.0,count/min,Apple Watch di Francesca
2026-10-02T13:56:17Z,2026-10-02T15:56:17+02:00,154.0,count/min,Apple Watch di Francesca
2026-10-02T13:56:20Z,2026-10-02T15:56:20+02:00,152.0,count/min,Apple Watch di Francesca
2026-10-02T13:56:27Z,2026-10-02T15:56:27+02:00,157.0,count/min,Apple Watch di Francesca
2026-10-02T13:56:29Z,2026-10-02T15:56:29+02:00,159.0,count/min,Apple Watch di Francesca
2026-10-02T13:56:36Z,2026-10-02T15:56:36+02:00,164.0,count/min,Apple Watch di Francesca
2026-10-02T13:56:38Z,2026-10-02T15:56:38+02:00,164.0,count/min,Apple Watch di Francesca
2026-10-02T13:56:47Z,2026-10-02T15:56:47+02:00,163.0,count/min,Apple Watch di Francesca
2026-10-02T13:56:52Z,2026-10-02T15:56:52+02:00,162.0,count/min,Apple Watch di Francesca
2026-10-02T13:56:57Z,2026-10-02T15:56:57+02:00,160.0,count/min,Apple Watch di Francesca
2026-10-02T13:56:59Z,2026-10-02T15:56:59+02:00,158.0,count/min,Apple Watch di Francesca
2026-10-02T13:57:07Z,2026-10-02T15:57:07+02:00,154.0,count/min,Apple Watch di Francesca
2026-10-02T13:57:08Z,2026-10-02T15:57:08+02:00,153.0,count/min,Apple Watch di Francesca
2026-10-02T13:57:15Z,2026-10-02T15:57:15+02:00,152.0,count/min,Apple Watch di Francesca
2026-10-02T13:57:19Z,2026-10-02T15:57:19+02:00,151.0,count/min,Apple Watch di Francesca
2026-10-02T13:57:27Z,2026-10-02T15:57:27+02:00,139.0,count/min,Apple Watch di Francesca
2026-10-02T13:57:32Z,2026-10-02T15:57:32+02:00,131.0,count/min,Apple Watch di Francesca
2026-10-02T13:57:34Z,2026-10-02T15:57:34+02:00,131.0,count/min,Apple Watch di Francesca
2026-10-02T13:57:40Z,2026-10-02T15:57:40+02:00,129.0,count/min,Apple Watch di Francesca
2026-10-02T13:57:43Z,2026-10-02T15:57:43+02:00,128.0,count/min,Apple Watch di Francesca
2026-10-02T13:57:51Z,2026-10-02T15:57:51+02:00,134.0,count/min,Apple Watch di Francesca
2026-10-02T13:57:56Z,2026-10-02T15:57:56+02:00,131.0,count/min,Apple Watch di Francesca
2026-10-02T13:57:59Z,2026-10-02T15:57:59+02:00,131.0,count/min,Apple Watch di Francesca
2026-10-02T13:58:05Z,2026-10-02T15:58:05+02:00,129.0,count/min,Apple Watch di Francesca
2026-10-02T13:58:08Z,2026-10-02T15:58:08+02:00,129.0,count/min,Apple Watch di Francesca
2026-10-02T13:58:14Z,2026-10-02T15:58:14+02:00,129.0,count/min,Apple Watch di Francesca
2026-10-02T13:58:18Z,2026-10-02T15:58:18+02:00,132.0,count/min,Apple Watch di Francesca
2026-10-02T13:58:24Z,2026-10-02T15:58:24+02:00,133.0,count/min,Apple Watch di Francesca
2026-10-02T13:58:28Z,2026-10-02T15:58:28+02:00,129.0,count/min,Apple Watch di Francesca
2026-10-02T13:58:34Z,2026-10-02T15:58:34+02:00,132.0,count/min,Apple Watch di Francesca
2026-10-02T13:58:39Z,2026-10-02T15:58:39+02:00,133.0,count/min,Apple Watch di Francesca
2026-10-02T13:58:43Z,2026-10-02T15:58:43+02:00,130.0,count/min,Apple Watch di Francesca
2026-10-02T13:58:48Z,2026-10-02T15:58:48+02:00,133.0,count/min,Apple Watch di Francesca
2026-10-02T13:58:53Z,2026-10-02T15:58:53+02:00,126.0,count/min,Apple Watch di Francesca
2026-10-02T13:59:12Z,2026-10-02T15:59:12+02:00,114.0,count/min,Apple Watch di Francesca
2026-10-02T13:59:16Z,2026-10-02T15:59:16+02:00,122.0,count/min,Apple Watch di Francesca
2026-10-02T13:59:21Z,2026-10-02T15:59:21+02:00,123.0,count/min,Apple Watch di Francesca
2026-10-02T13:59:23Z,2026-10-02T15:59:23+02:00,122.0,count/min,Apple Watch di Francesca
2026-10-02T13:59:32Z,2026-10-02T15:59:32+02:00,130.0,count/min,Apple Watch di Francesca
2026-10-02T13:59:35Z,2026-10-02T15:59:35+02:00,131.0,count/min,Apple Watch di Francesca
2026-10-02T13:59:42Z,2026-10-02T15:59:42+02:00,136.0,count/min,Apple Watch di Francesca
2026-10-02T13:59:47Z,2026-10-02T15:59:47+02:00,135.0,count/min,Apple Watch di Francesca
2026-10-02T13:59:48Z,2026-10-02T15:59:48+02:00,135.0,count/min,Apple Watch di Francesca
2026-10-02T13:59:53Z,2026-10-02T15:59:53+02:00,125.0,count/min,Apple Watch di Francesca
2026-10-02T14:00:02Z,2026-10-02T16:00:02+02:00,124.0,count/min,Apple Watch di Francesca
2026-10-02T14:00:07Z,2026-10-02T16:00:07+02:00,122.0,count/min,Apple Watch di Francesca
2026-10-02T14:00:08Z,2026-10-02T16:00:08+02:00,122.0,count/min,Apple Watch di Francesca
2026-10-02T14:00:17Z,2026-10-02T16:00:17+02:00,119.0,count/min,Apple Watch di Francesca
2026-10-02T14:00:18Z,2026-10-02T16:00:18+02:00,119.0,count/min,Apple Watch di Francesca
2026-10-02T14:00:24Z,2026-10-02T16:00:24+02:00,124.0,count/min,Apple Watch di Francesca
2026-10-02T14:00:28Z,2026-10-02T16:00:28+02:00,123.0,count/min,Apple Watch di Francesca
2026-10-02T14:00:36Z,2026-10-02T16:00:36+02:00,119.0,count/min,Apple Watch di Francesca
2026-10-02T14:00:38Z,2026-10-02T16:00:38+02:00,124.0,count/min,Apple Watch di Francesca
2026-10-02T14:00:47Z,2026-10-02T16:00:47+02:00,116.0,count/min,Apple Watch di Francesca
2026-10-02T14:00:50Z,2026-10-02T16:00:50+02:00,115.0,count/min,Apple Watch di Francesca
2026-10-02T14:00:57Z,2026-10-02T16:00:57+02:00,121.0,count/min,Apple Watch di Francesca
2026-10-02T14:00:58Z,2026-10-02T16:00:58+02:00,121.0,count/min,Apple Watch di Francesca
2026-10-02T14:01:07Z,2026-10-02T16:01:07+02:00,118.0,count/min,Apple Watch di Francesca
2026-10-02T14:01:09Z,2026-10-02T16:01:09+02:00,120.0,count/min,Apple Watch di Francesca
2026-10-02T14:01:13Z,2026-10-02T16:01:13+02:00,115.0,count/min,Apple Watch di Francesca
2026-10-02T14:01:22Z,2026-10-02T16:01:22+02:00,115.0,count/min,Apple Watch di Francesca
2026-10-02T14:01:26Z,2026-10-02T16:01:26+02:00,112.0,count/min,Apple Watch di Francesca
2026-10-02T14:01:31Z,2026-10-02T16:01:31+02:00,116.0,count/min,Apple Watch di Francesca
2026-10-02T14:01:33Z,2026-10-02T16:01:33+02:00,117.0,count/min,Apple Watch di Francesca
2026-10-02T14:01:42Z,2026-10-02T16:01:42+02:00,111.0,count/min,Apple Watch di Francesca
2026-10-02T14:01:47Z,2026-10-02T16:01:47+02:00,114.0,count/min,Apple Watch di Francesca
2026-10-02T14:01:48Z,2026-10-02T16:01:48+02:00,115.0,count/min,Apple Watch di Francesca
2026-10-02T14:01:54Z,2026-10-02T16:01:54+02:00,111.0,count/min,Apple Watch di Francesca
2026-10-02T14:02:02Z,2026-10-02T16:02:02+02:00,116.0,count/min,Apple Watch di Francesca
2026-10-02T14:02:06Z,2026-10-02T16:02:06+02:00,110.0,count/min,Apple Watch di Francesca
2026-10-02T14:02:08Z,2026-10-02T16:02:08+02:00,112.0,count/min,Apple Watch di Francesca
2026-10-02T14:02:16Z,2026-10-02T16:02:16+02:00,109.0,count/min,Apple Watch di Francesca
2026-10-02T14:02:20Z,2026-10-02T16:02:20+02:00,114.0,count/min,Apple Watch di Francesca
2026-10-02T14:02:23Z,2026-10-02T16:02:23+02:00,113.0,count/min,Apple Watch di Francesca
2026-10-02T14:02:31Z,2026-10-02T16:02:31+02:00,121.0,count/min,Apple Watch di Francesca
2026-10-02T14:02:37Z,2026-10-02T16:02:37+02:00,111.0,count/min,Apple Watch di Francesca
2026-10-02T14:02:41Z,2026-10-02T16:02:41+02:00,120.0,count/min,Apple Watch di Francesca
2026-10-02T14:02:46Z,2026-10-02T16:02:46+02:00,112.0,count/min,Apple Watch di Francesca
2026-10-02T14:02:48Z,2026-10-02T16:02:48+02:00,113.0,count/min,Apple Watch di Francesca
2026-10-02T14:02:57Z,2026-10-02T16:02:57+02:00,111.0,count/min,Apple Watch di Francesca
2026-10-02T14:02:58Z,2026-10-02T16:02:58+02:00,110.0,count/min,Apple Watch di Francesca
2026-10-02T14:03:07Z,2026-10-02T16:03:07+02:00,114.0,count/min,Apple Watch di Francesca
2026-10-02T14:03:08Z,2026-10-02T16:03:08+02:00,113.0,count/min,Apple Watch di Francesca
2026-10-02T14:03:17Z,2026-10-02T16:03:17+02:00,120.0,count/min,Apple Watch di Francesca
2026-10-02T14:03:22Z,2026-10-02T16:03:22+02:00,125.0,count/min,Apple Watch di Francesca
2026-10-02T14:03:23Z,2026-10-02T16:03:23+02:00,126.0,count/min,Apple Watch di Francesca
2026-10-02T14:03:29Z,2026-10-02T16:03:29+02:00,133.0,count/min,Apple Watch di Francesca
2026-10-02T14:03:33Z,2026-10-02T16:03:33+02:00,137.0,count/min,Apple Watch di Francesca
2026-10-02T14:03:38Z,2026-10-02T16:03:38+02:00,132.0,count/min,Apple Watch di Francesca
2026-10-02T14:03:47Z,2026-10-02T16:03:47+02:00,121.0,count/min,Apple Watch di Francesca
2026-10-02T14:03:52Z,2026-10-02T16:03:52+02:00,110.0,count/min,Apple Watch di Francesca
2026-10-02T14:03:53Z,2026-10-02T16:03:53+02:00,111.0,count/min,Apple Watch di Francesca
2026-10-02T14:03:58Z,2026-10-02T16:03:58+02:00,118.0,count/min,Apple Watch di Francesca
2026-10-02T14:04:07Z,2026-10-02T16:04:07+02:00,143.0,count/min,Apple Watch di Francesca
2026-10-02T14:04:10Z,2026-10-02T16:04:10+02:00,135.0,count/min,Apple Watch di Francesca
2026-10-02T14:04:17Z,2026-10-02T16:04:17+02:00,133.0,count/min,Apple Watch di Francesca
2026-10-02T14:04:22Z,2026-10-02T16:04:22+02:00,137.0,count/min,Apple Watch di Francesca
2026-10-02T14:04:24Z,2026-10-02T16:04:24+02:00,137.0,count/min,Apple Watch di Francesca
2026-10-02T14:04:31Z,2026-10-02T16:04:31+02:00,133.0,count/min,Apple Watch di Francesca
2026-10-02T14:04:36Z,2026-10-02T16:04:36+02:00,134.0,count/min,Apple Watch di Francesca
2026-10-02T14:04:40Z,2026-10-02T16:04:40+02:00,133.0,count/min,Apple Watch di Francesca
2026-10-02T14:04:46Z,2026-10-02T16:04:46+02:00,124.0,count/min,Apple Watch di Francesca
2026-10-02T14:04:49Z,2026-10-02T16:04:49+02:00,121.0,count/min,Apple Watch di Francesca
2026-10-02T14:04:53Z,2026-10-02T16:04:53+02:00,124.0,count/min,Apple Watch di Francesca
2026-10-02T14:04:58Z,2026-10-02T16:04:58+02:00,128.0,count/min,Apple Watch di Francesca
2026-10-02T14:05:07Z,2026-10-02T16:05:07+02:00,118.0,count/min,Apple Watch di Francesca
2026-10-02T14:05:10Z,2026-10-02T16:05:10+02:00,117.0,count/min,Apple Watch di Francesca
2026-10-02T14:05:15Z,2026-10-02T16:05:15+02:00,122.0,count/min,Apple Watch di Francesca
2026-10-02T14:05:18Z,2026-10-02T16:05:18+02:00,125.0,count/min,Apple Watch di Francesca
2026-10-02T14:05:23Z,2026-10-02T16:05:23+02:00,122.0,count/min,Apple Watch di Francesca
2026-10-02T14:05:32Z,2026-10-02T16:05:32+02:00,122.0,count/min,Apple Watch di Francesca
2026-10-02T14:05:37Z,2026-10-02T16:05:37+02:00,121.0,count/min,Apple Watch di Francesca
2026-10-02T14:05:42Z,2026-10-02T16:05:42+02:00,120.0,count/min,Apple Watch di Francesca
2026-10-02T14:05:43Z,2026-10-02T16:05:43+02:00,119.0,count/min,Apple Watch di Francesca
2026-10-02T14:05:52Z,2026-10-02T16:05:52+02:00,126.0,count/min,Apple Watch di Francesca
2026-10-02T14:05:54Z,2026-10-02T16:05:54+02:00,128.0,count/min,Apple Watch di Francesca
2026-10-02T14:05:58Z,2026-10-02T16:05:58+02:00,131.0,count/min,Apple Watch di Francesca
2026-10-02T14:06:07Z,2026-10-02T16:06:07+02:00,142.0,count/min,Apple Watch di Francesca
2026-10-02T14:06:10Z,2026-10-02T16:06:10+02:00,142.0,count/min,Apple Watch di Francesca
2026-10-02T14:06:16Z,2026-10-02T16:06:16+02:00,136.0,count/min,Apple Watch di Francesca
2026-10-02T14:06:19Z,2026-10-02T16:06:19+02:00,138.0,count/min,Apple Watch di Francesca
2026-10-02T14:06:23Z,2026-10-02T16:06:23+02:00,141.0,count/min,Apple Watch di Francesca
2026-10-02T14:06:32Z,2026-10-02T16:06:32+02:00,149.0,count/min,Apple Watch di Francesca
2026-10-02T14:06:36Z,2026-10-02T16:06:36+02:00,150.0,count/min,Apple Watch di Francesca
2026-10-02T14:06:38Z,2026-10-02T16:06:38+02:00,151.0,count/min,Apple Watch di Francesca
2026-10-02T14:06:47Z,2026-10-02T16:06:47+02:00,147.0,count/min,Apple Watch di Francesca
2026-10-02T14:06:48Z,2026-10-02T16:06:48+02:00,148.0,count/min,Apple Watch di Francesca
2026-10-02T14:06:57Z,2026-10-02T16:06:57+02:00,156.0,count/min,Apple Watch di Francesca
2026-10-02T14:07:02Z,2026-10-02T16:07:02+02:00,154.0,count/min,Apple Watch di Francesca
2026-10-02T14:07:03Z,2026-10-02T16:07:03+02:00,154.0,count/min,Apple Watch di Francesca
2026-10-02T14:07:08Z,2026-10-02T16:07:08+02:00,151.0,count/min,Apple Watch di Francesca
2026-10-02T14:07:17Z,2026-10-02T16:07:17+02:00,152.0,count/min,Apple Watch di Francesca
2026-10-02T14:07:18Z,2026-10-02T16:07:18+02:00,153.0,count/min,Apple Watch di Francesca
2026-10-02T14:07:27Z,2026-10-02T16:07:27+02:00,144.0,count/min,Apple Watch di Francesca
2026-10-02T14:07:29Z,2026-10-02T16:07:29+02:00,144.0,count/min,Apple Watch di Francesca
2026-10-02T14:07:37Z,2026-10-02T16:07:37+02:00,142.0,count/min,Apple Watch di Francesca
2026-10-02T14:07:40Z,2026-10-02T16:07:40+02:00,141.0,count/min,Apple Watch di Francesca
2026-10-02T14:07:47Z,2026-10-02T16:07:47+02:00,140.0,count/min,Apple Watch di Francesca
2026-10-02T14:07:48Z,2026-10-02T16:07:48+02:00,139.0,count/min,Apple Watch di Francesca
2026-10-02T14:07:53Z,2026-10-02T16:07:53+02:00,133.0,count/min,Apple Watch di Francesca
2026-10-02T14:08:02Z,2026-10-02T16:08:02+02:00,128.0,count/min,Apple Watch di Francesca
2026-10-02T14:08:05Z,2026-10-02T16:08:05+02:00,129.0,count/min,Apple Watch di Francesca
2026-10-02T14:08:08Z,2026-10-02T16:08:08+02:00,129.0,count/min,Apple Watch di Francesca
2026-10-02T14:08:17Z,2026-10-02T16:08:17+02:00,128.0,count/min,Apple Watch di Francesca
2026-10-02T14:08:20Z,2026-10-02T16:08:20+02:00,130.0,count/min,Apple Watch di Francesca
2026-10-02T14:08:23Z,2026-10-02T16:08:23+02:00,132.0,count/min,Apple Watch di Francesca
2026-10-02T14:08:32Z,2026-10-02T16:08:32+02:00,145.0,count/min,Apple Watch di Francesca
2026-10-02T14:08:36Z,2026-10-02T16:08:36+02:00,151.0,count/min,Apple Watch di Francesca
2026-10-02T14:08:42Z,2026-10-02T16:08:42+02:00,154.0,count/min,Apple Watch di Francesca
2026-10-02T14:08:44Z,2026-10-02T16:08:44+02:00,154.0,count/min,Apple Watch di Francesca
2026-10-02T14:08:48Z,2026-10-02T16:08:48+02:00,154.0,count/min,Apple Watch di Francesca
2026-10-02T14:08:57Z,2026-10-02T16:08:57+02:00,154.0,count/min,Apple Watch di Francesca
2026-10-02T14:09:02Z,2026-10-02T16:09:02+02:00,154.0,count/min,Apple Watch di Francesca
2026-10-02T14:09:04Z,2026-10-02T16:09:04+02:00,154.0,count/min,Apple Watch di Francesca
2026-10-02T14:09:10Z,2026-10-02T16:09:10+02:00,147.0,count/min,Apple Watch di Francesca
2026-10-02T14:09:13Z,2026-10-02T16:09:13+02:00,149.0,count/min,Apple Watch di Francesca
2026-10-02T14:09:20Z,2026-10-02T16:09:20+02:00,155.0,count/min,Apple Watch di Francesca
2026-10-02T14:09:25Z,2026-10-02T16:09:25+02:00,159.0,count/min,Apple Watch di Francesca
2026-10-02T14:09:29Z,2026-10-02T16:09:29+02:00,158.0,count/min,Apple Watch di Francesca
2026-10-02T14:09:37Z,2026-10-02T16:09:37+02:00,158.0,count/min,Apple Watch di Francesca
2026-10-02T14:09:38Z,2026-10-02T16:09:38+02:00,158.0,count/min,Apple Watch di Francesca
2026-10-02T14:09:44Z,2026-10-02T16:09:44+02:00,161.0,count/min,Apple Watch di Francesca
2026-10-02T14:09:49Z,2026-10-02T16:09:49+02:00,160.0,count/min,Apple Watch di Francesca
2026-10-02T14:09:53Z,2026-10-02T16:09:53+02:00,159.0,count/min,Apple Watch di Francesca
2026-10-02T14:10:01Z,2026-10-02T16:10:01+02:00,161.0,count/min,Apple Watch di Francesca
2026-10-02T14:10:07Z,2026-10-02T16:10:07+02:00,158.0,count/min,Apple Watch di Francesca
2026-10-02T14:10:10Z,2026-10-02T16:10:10+02:00,157.0,count/min,Apple Watch di Francesca
2026-10-02T14:10:14Z,2026-10-02T16:10:14+02:00,154.0,count/min,Apple Watch di Francesca
2026-10-02T14:10:19Z,2026-10-02T16:10:19+02:00,149.0,count/min,Apple Watch di Francesca
2026-10-02T14:10:25Z,2026-10-02T16:10:25+02:00,146.0,count/min,Apple Watch di Francesca
2026-10-02T14:10:29Z,2026-10-02T16:10:29+02:00,148.0,count/min,Apple Watch di Francesca
2026-10-02T14:10:34Z,2026-10-02T16:10:34+02:00,150.0,count/min,Apple Watch di Francesca
2026-10-02T14:10:39Z,2026-10-02T16:10:39+02:00,149.0,count/min,Apple Watch di Francesca
2026-10-02T14:10:45Z,2026-10-02T16:10:45+02:00,145.0,count/min,Apple Watch di Francesca
2026-10-02T14:10:52Z,2026-10-02T16:10:52+02:00,143.0,count/min,Apple Watch di Francesca
2026-10-02T14:10:55Z,2026-10-02T16:10:55+02:00,143.0,count/min,Apple Watch di Francesca
2026-10-02T14:10:58Z,2026-10-02T16:10:58+02:00,145.0,count/min,Apple Watch di Francesca
2026-10-02T14:11:06Z,2026-10-02T16:11:06+02:00,149.0,count/min,Apple Watch di Francesca
2026-10-02T14:11:12Z,2026-10-02T16:11:12+02:00,154.0,count/min,Apple Watch di Francesca
2026-10-02T14:11:17Z,2026-10-02T16:11:17+02:00,156.0,count/min,Apple Watch di Francesca
2026-10-02T14:11:18Z,2026-10-02T16:11:18+02:00,156.0,count/min,Apple Watch di Francesca
2026-10-02T14:11:27Z,2026-10-02T16:11:27+02:00,157.0,count/min,Apple Watch di Francesca
2026-10-02T14:11:28Z,2026-10-02T16:11:28+02:00,156.0,count/min,Apple Watch di Francesca
2026-10-02T14:11:33Z,2026-10-02T16:11:33+02:00,152.0,count/min,Apple Watch di Francesca
2026-10-02T14:11:42Z,2026-10-02T16:11:42+02:00,143.0,count/min,Apple Watch di Francesca
2026-10-02T14:11:44Z,2026-10-02T16:11:44+02:00,143.0,count/min,Apple Watch di Francesca
2026-10-02T14:11:50Z,2026-10-02T16:11:50+02:00,145.0,count/min,Apple Watch di Francesca
2026-10-02T14:11:54Z,2026-10-02T16:11:54+02:00,143.0,count/min,Apple Watch di Francesca
2026-10-02T14:12:01Z,2026-10-02T16:12:01+02:00,135.0,count/min,Apple Watch di Francesca
2026-10-02T14:12:07Z,2026-10-02T16:12:07+02:00,135.0,count/min,Apple Watch di Francesca
2026-10-02T14:12:12Z,2026-10-02T16:12:12+02:00,136.0,count/min,Apple Watch di Francesca
2026-10-02T14:12:16Z,2026-10-02T16:12:16+02:00,136.0,count/min,Apple Watch di Francesca
2026-10-02T14:12:19Z,2026-10-02T16:12:19+02:00,136.0,count/min,Apple Watch di Francesca
2026-10-02T14:12:25Z,2026-10-02T16:12:25+02:00,140.0,count/min,Apple Watch di Francesca
2026-10-02T14:12:32Z,2026-10-02T16:12:32+02:00,150.0,count/min,Apple Watch di Francesca
2026-10-02T14:12:36Z,2026-10-02T16:12:36+02:00,155.0,count/min,Apple Watch di Francesca
2026-10-02T14:12:42Z,2026-10-02T16:12:42+02:00,156.0,count/min,Apple Watch di Francesca
2026-10-02T14:12:47Z,2026-10-02T16:12:47+02:00,158.0,count/min,Apple Watch di Francesca
2026-10-02T14:12:52Z,2026-10-02T16:12:52+02:00,159.0,count/min,Apple Watch di Francesca
2026-10-02T14:12:53Z,2026-10-02T16:12:53+02:00,160.0,count/min,Apple Watch di Francesca
2026-10-02T14:12:58Z,2026-10-02T16:12:58+02:00,161.0,count/min,Apple Watch di Francesca
2026-10-02T14:13:03Z,2026-10-02T16:13:03+02:00,161.0,count/min,Apple Watch di Francesca
2026-10-02T14:13:08Z,2026-10-02T16:13:08+02:00,162.0,count/min,Apple Watch di Francesca
2026-10-02T14:13:17Z,2026-10-02T16:13:17+02:00,155.0,count/min,Apple Watch di Francesca
2026-10-02T14:13:22Z,2026-10-02T16:13:22+02:00,150.0,count/min,Apple Watch di Francesca
2026-10-02T14:13:26Z,2026-10-02T16:13:26+02:00,147.0,count/min,Apple Watch di Francesca
2026-10-02T14:13:31Z,2026-10-02T16:13:31+02:00,146.0,count/min,Apple Watch di Francesca
2026-10-02T14:13:34Z,2026-10-02T16:13:34+02:00,142.0,count/min,Apple Watch di Francesca
2026-10-02T14:13:39Z,2026-10-02T16:13:39+02:00,137.0,count/min,Apple Watch di Francesca
2026-10-02T14:13:47Z,2026-10-02T16:13:47+02:00,134.0,count/min,Apple Watch di Francesca
2026-10-02T14:13:50Z,2026-10-02T16:13:50+02:00,131.0,count/min,Apple Watch di Francesca
2026-10-02T14:13:57Z,2026-10-02T16:13:57+02:00,131.0,count/min,Apple Watch di Francesca
2026-10-02T14:13:58Z,2026-10-02T16:13:58+02:00,131.0,count/min,Apple Watch di Francesca
2026-10-02T14:14:03Z,2026-10-02T16:14:03+02:00,129.0,count/min,Apple Watch di Francesca
2026-10-02T14:14:12Z,2026-10-02T16:14:12+02:00,137.0,count/min,Apple Watch di Francesca
2026-10-02T14:14:13Z,2026-10-02T16:14:13+02:00,137.0,count/min,Apple Watch di Francesca
2026-10-02T14:14:22Z,2026-10-02T16:14:22+02:00,127.0,count/min,Apple Watch di Francesca
2026-10-02T14:14:23Z,2026-10-02T16:14:23+02:00,127.0,count/min,Apple Watch di Francesca
2026-10-02T14:14:32Z,2026-10-02T16:14:32+02:00,123.0,count/min,Apple Watch di Francesca
2026-10-02T14:14:37Z,2026-10-02T16:14:37+02:00,124.0,count/min,Apple Watch di Francesca
2026-10-02T14:14:38Z,2026-10-02T16:14:38+02:00,124.0,count/min,Apple Watch di Francesca
2026-10-02T14:14:47Z,2026-10-02T16:14:47+02:00,131.0,count/min,Apple Watch di Francesca
2026-10-02T14:14:51Z,2026-10-02T16:14:51+02:00,136.0,count/min,Apple Watch di Francesca
2026-10-02T14:14:56Z,2026-10-02T16:14:56+02:00,141.0,count/min,Apple Watch di Francesca
2026-10-02T14:14:58Z,2026-10-02T16:14:58+02:00,142.0,count/min,Apple Watch di Francesca
2026-10-02T14:15:06Z,2026-10-02T16:15:06+02:00,135.0,count/min,Apple Watch di Francesca
2026-10-02T14:15:09Z,2026-10-02T16:15:09+02:00,135.0,count/min,Apple Watch di Francesca
2026-10-02T14:15:17Z,2026-10-02T16:15:17+02:00,130.0,count/min,Apple Watch di Francesca
2026-10-02T14:15:21Z,2026-10-02T16:15:21+02:00,128.0,count/min,Apple Watch di Francesca
2026-10-02T14:15:23Z,2026-10-02T16:15:23+02:00,129.0,count/min,Apple Watch di Francesca
2026-10-02T14:15:28Z,2026-10-02T16:15:28+02:00,133.0,count/min,Apple Watch di Francesca
2026-10-02T14:15:33Z,2026-10-02T16:15:33+02:00,138.0,count/min,Apple Watch di Francesca
2026-10-02T14:15:42Z,2026-10-02T16:15:42+02:00,128.0,count/min,Apple Watch di Francesca
2026-10-02T14:15:43Z,2026-10-02T16:15:43+02:00,129.0,count/min,Apple Watch di Francesca
2026-10-02T14:15:48Z,2026-10-02T16:15:48+02:00,122.0,count/min,Apple Watch di Francesca
2026-10-02T14:15:56Z,2026-10-02T16:15:56+02:00,107.0,count/min,Apple Watch di Francesca
2026-10-02T14:16:01Z,2026-10-02T16:16:01+02:00,102.0,count/min,Apple Watch di Francesca
2026-10-02T14:16:07Z,2026-10-02T16:16:07+02:00,94.0,count/min,Apple Watch di Francesca
2026-10-02T14:16:12Z,2026-10-02T16:16:12+02:00,100.0,count/min,Apple Watch di Francesca
2026-10-02T14:16:13Z,2026-10-02T16:16:13+02:00,103.0,count/min,Apple Watch di Francesca
2026-10-02T14:16:22Z,2026-10-02T16:16:22+02:00,99.0,count/min,Apple Watch di Francesca
2026-10-02T14:16:24Z,2026-10-02T16:16:24+02:00,98.0,count/min,Apple Watch di Francesca
2026-10-02T14:16:28Z,2026-10-02T16:16:28+02:00,101.0,count/min,Apple Watch di Francesca
2026-10-02T14:16:37Z,2026-10-02T16:16:37+02:00,112.0,count/min,Apple Watch di Francesca
2026-10-02T14:16:42Z,2026-10-02T16:16:42+02:00,109.0,count/min,Apple Watch di Francesca
2026-10-02T14:16:44Z,2026-10-02T16:16:44+02:00,109.0,count/min,Apple Watch di Francesca
2026-10-02T14:16:51Z,2026-10-02T16:16:51+02:00,105.0,count/min,Apple Watch di Francesca
2026-10-02T14:16:54Z,2026-10-02T16:16:54+02:00,107.0,count/min,Apple Watch di Francesca
2026-10-02T14:17:01Z,2026-10-02T16:17:01+02:00,101.0,count/min,Apple Watch di Francesca
2026-10-02T14:17:07Z,2026-10-02T16:17:07+02:00,104.0,count/min,Apple Watch di Francesca
2026-10-02T14:17:08Z,2026-10-02T16:17:08+02:00,105.0,count/min,Apple Watch di Francesca
2026-10-02T14:17:15Z,2026-10-02T16:17:15+02:00,106.0,count/min,Apple Watch di Francesca
2026-10-02T14:17:22Z,2026-10-02T16:17:22+02:00,108.0,count/min,Apple Watch di Francesca
2026-10-02T14:17:26Z,2026-10-02T16:17:26+02:00,108.0,count/min,Apple Watch di Francesca
2026-10-02T14:17:28Z,2026-10-02T16:17:28+02:00,108.0,count/min,Apple Watch di Francesca
2026-10-02T14:17:36Z,2026-10-02T16:17:36+02:00,104.0,count/min,Apple Watch di Francesca
2026-10-02T14:17:40Z,2026-10-02T16:17:40+02:00,107.0,count/min,Apple Watch di Francesca
2026-10-02T14:17:44Z,2026-10-02T16:17:44+02:00,110.0,count/min,Apple Watch di Francesca
2026-10-02T14:17:52Z,2026-10-02T16:17:52+02:00,128.0,count/min,Apple Watch di Francesca
2026-10-02T14:17:57Z,2026-10-02T16:17:57+02:00,130.0,count/min,Apple Watch di Francesca
2026-10-02T14:18:00Z,2026-10-02T16:18:00+02:00,129.0,count/min,Apple Watch di Francesca
2026-10-02T14:18:05Z,2026-10-02T16:18:05+02:00,131.0,count/min,Apple Watch di Francesca
2026-10-02T14:18:09Z,2026-10-02T16:18:09+02:00,131.0,count/min,Apple Watch di Francesca
2026-10-02T14:18:17Z,2026-10-02T16:18:17+02:00,132.0,count/min,Apple Watch di Francesca
2026-10-02T14:18:18Z,2026-10-02T16:18:18+02:00,132.0,count/min,Apple Watch di Francesca
2026-10-02T14:18:25Z,2026-10-02T16:18:25+02:00,124.0,count/min,Apple Watch di Francesca
2026-10-02T14:18:28Z,2026-10-02T16:18:28+02:00,126.0,count/min,Apple Watch di Francesca
2026-10-02T14:18:34Z,2026-10-02T16:18:34+02:00,129.0,count/min,Apple Watch di Francesca
2026-10-02T14:18:39Z,2026-10-02T16:18:39+02:00,132.0,count/min,Apple Watch di Francesca
2026-10-02T14:18:44Z,2026-10-02T16:18:44+02:00,123.0,count/min,Apple Watch di Francesca
2026-10-02T14:18:50Z,2026-10-02T16:18:50+02:00,126.0,count/min,Apple Watch di Francesca
2026-10-02T14:18:53Z,2026-10-02T16:18:53+02:00,129.0,count/min,Apple Watch di Francesca
2026-10-02T14:19:02Z,2026-10-02T16:19:02+02:00,120.0,count/min,Apple Watch di Francesca
2026-10-02T14:19:06Z,2026-10-02T16:19:06+02:00,121.0,count/min,Apple Watch di Francesca
2026-10-02T14:19:08Z,2026-10-02T16:19:08+02:00,121.0,count/min,Apple Watch di Francesca
2026-10-02T14:19:15Z,2026-10-02T16:19:15+02:00,120.0,count/min,Apple Watch di Francesca
2026-10-02T14:19:22Z,2026-10-02T16:19:22+02:00,125.0,count/min,Apple Watch di Francesca
2026-10-02T14:19:23Z,2026-10-02T16:19:23+02:00,126.0,count/min,Apple Watch di Francesca
2026-10-02T14:19:28Z,2026-10-02T16:19:28+02:00,126.0,count/min,Apple Watch di Francesca
2026-10-02T14:19:33Z,2026-10-02T16:19:33+02:00,124.0,count/min,Apple Watch di Francesca
2026-10-02T14:19:38Z,2026-10-02T16:19:38+02:00,123.0,count/min,Apple Watch di Francesca
2026-10-02T14:19:47Z,2026-10-02T16:19:47+02:00,115.0,count/min,Apple Watch di Francesca
2026-10-02T14:19:48Z,2026-10-02T16:19:48+02:00,116.0,count/min,Apple Watch di Francesca
2026-10-02T14:19:57Z,2026-10-02T16:19:57+02:00,114.0,count/min,Apple Watch di Francesca
2026-10-02T14:20:02Z,2026-10-02T16:20:02+02:00,121.0,count/min,Apple Watch di Francesca
2026-10-02T14:20:06Z,2026-10-02T16:20:06+02:00,120.0,count/min,Apple Watch di Francesca
2026-10-02T14:20:12Z,2026-10-02T16:20:12+02:00,123.0,count/min,Apple Watch di Francesca
2026-10-02T14:20:16Z,2026-10-02T16:20:16+02:00,122.0,count/min,Apple Watch di Francesca
2026-10-02T14:20:19Z,2026-10-02T16:20:19+02:00,123.0,count/min,Apple Watch di Francesca
2026-10-02T14:20:25Z,2026-10-02T16:20:25+02:00,118.0,count/min,Apple Watch di Francesca
2026-10-02T14:20:28Z,2026-10-02T16:20:28+02:00,122.0,count/min,Apple Watch di Francesca
2026-10-02T14:20:35Z,2026-10-02T16:20:35+02:00,115.0,count/min,Apple Watch di Francesca
2026-10-02T14:20:42Z,2026-10-02T16:20:42+02:00,114.0,count/min,Apple Watch di Francesca
2026-10-02T14:20:45Z,2026-10-02T16:20:45+02:00,112.0,count/min,Apple Watch di Francesca
2026-10-02T14:20:48Z,2026-10-02T16:20:48+02:00,105.0,count/min,Apple Watch di Francesca
2026-10-02T14:20:57Z,2026-10-02T16:20:57+02:00,112.0,count/min,Apple Watch di Francesca
2026-10-02T14:20:59Z,2026-10-02T16:20:59+02:00,109.0,count/min,Apple Watch di Francesca
2026-10-02T14:21:07Z,2026-10-02T16:21:07+02:00,119.0,count/min,Apple Watch di Francesca
2026-10-02T14:21:11Z,2026-10-02T16:21:11+02:00,121.0,count/min,Apple Watch di Francesca
2026-10-02T14:21:13Z,2026-10-02T16:21:13+02:00,125.0,count/min,Apple Watch di Francesca
2026-10-02T14:21:22Z,2026-10-02T16:21:22+02:00,128.0,count/min,Apple Watch di Francesca
2026-10-02T14:21:24Z,2026-10-02T16:21:24+02:00,127.0,count/min,Apple Watch di Francesca
2026-10-02T14:21:28Z,2026-10-02T16:21:28+02:00,128.0,count/min,Apple Watch di Francesca
2026-10-02T14:21:37Z,2026-10-02T16:21:37+02:00,128.0,count/min,Apple Watch di Francesca
2026-10-02T14:21:42Z,2026-10-02T16:21:42+02:00,130.0,count/min,Apple Watch di Francesca
2026-10-02T14:21:43Z,2026-10-02T16:21:43+02:00,132.0,count/min,Apple Watch di Francesca
2026-10-02T14:21:51Z,2026-10-02T16:21:51+02:00,140.0,count/min,Apple Watch di Francesca
2026-10-02T14:21:54Z,2026-10-02T16:21:54+02:00,142.0,count/min,Apple Watch di Francesca
2026-10-02T14:22:00Z,2026-10-02T16:22:00+02:00,147.0,count/min,Apple Watch di Francesca
2026-10-02T14:22:06Z,2026-10-02T16:22:06+02:00,151.0,count/min,Apple Watch di Francesca
2026-10-02T14:22:12Z,2026-10-02T16:22:12+02:00,156.0,count/min,Apple Watch di Francesca
2026-10-02T14:22:17Z,2026-10-02T16:22:17+02:00,158.0,count/min,Apple Watch di Francesca
2026-10-02T14:22:21Z,2026-10-02T16:22:21+02:00,155.0,count/min,Apple Watch di Francesca
2026-10-02T14:22:27Z,2026-10-02T16:22:27+02:00,155.0,count/min,Apple Watch di Francesca
2026-10-02T14:22:28Z,2026-10-02T16:22:28+02:00,154.0,count/min,Apple Watch di Francesca
2026-10-02T14:22:36Z,2026-10-02T16:22:36+02:00,145.0,count/min,Apple Watch di Francesca
2026-10-02T14:22:42Z,2026-10-02T16:22:42+02:00,143.0,count/min,Apple Watch di Francesca
2026-10-02T14:22:47Z,2026-10-02T16:22:47+02:00,139.0,count/min,Apple Watch di Francesca
2026-10-02T14:22:49Z,2026-10-02T16:22:49+02:00,138.0,count/min,Apple Watch di Francesca
2026-10-02T14:22:53Z,2026-10-02T16:22:53+02:00,132.0,count/min,Apple Watch di Francesca
2026-10-02T14:22:59Z,2026-10-02T16:22:59+02:00,125.0,count/min,Apple Watch di Francesca
2026-10-02T14:23:05Z,2026-10-02T16:23:05+02:00,123.0,count/min,Apple Watch di Francesca
2026-10-02T14:23:13Z,2026-10-02T16:23:13+02:00,124.0,count/min,Apple Watch di Francesca
2026-10-02T14:23:16Z,2026-10-02T16:23:16+02:00,126.0,count/min,Apple Watch di Francesca
2026-10-02T14:23:19Z,2026-10-02T16:23:19+02:00,121.0,count/min,Apple Watch di Francesca
2026-10-02T14:23:28Z,2026-10-02T16:23:28+02:00,106.0,count/min,Apple Watch di Francesca
2026-10-02T14:23:33Z,2026-10-02T16:23:33+02:00,102.0,count/min,Apple Watch di Francesca
2026-10-02T14:23:38Z,2026-10-02T16:23:38+02:00,101.0,count/min,Apple Watch di Francesca
2026-10-02T14:23:43Z,2026-10-02T16:23:43+02:00,107.0,count/min,Apple Watch di Francesca
2026-10-02T14:23:45Z,2026-10-02T16:23:45+02:00,108.0,count/min,Apple Watch di Francesca
2026-10-02T14:23:52Z,2026-10-02T16:23:52+02:00,116.0,count/min,Apple Watch di Francesca
2026-10-02T14:23:55Z,2026-10-02T16:23:55+02:00,117.0,count/min,Apple Watch di Francesca
2026-10-02T14:23:59Z,2026-10-02T16:23:59+02:00,120.0,count/min,Apple Watch di Francesca
2026-10-02T14:24:05Z,2026-10-02T16:24:05+02:00,110.0,count/min,Apple Watch di Francesca
2026-10-02T14:24:13Z,2026-10-02T16:24:13+02:00,120.0,count/min,Apple Watch di Francesca
2026-10-02T14:24:16Z,2026-10-02T16:24:16+02:00,121.0,count/min,Apple Watch di Francesca
2026-10-02T14:24:19Z,2026-10-02T16:24:19+02:00,123.0,count/min,Apple Watch di Francesca
2026-10-02T14:24:28Z,2026-10-02T16:24:28+02:00,112.0,count/min,Apple Watch di Francesca
2026-10-02T14:24:29Z,2026-10-02T16:24:29+02:00,114.0,count/min,Apple Watch di Francesca
2026-10-02T14:24:34Z,2026-10-02T16:24:34+02:00,119.0,count/min,Apple Watch di Francesca
2026-10-02T14:24:43Z,2026-10-02T16:24:43+02:00,120.0,count/min,Apple Watch di Francesca
2026-10-02T14:24:44Z,2026-10-02T16:24:44+02:00,120.0,count/min,Apple Watch di Francesca
2026-10-02T14:24:52Z,2026-10-02T16:24:52+02:00,119.0,count/min,Apple Watch di Francesca
2026-10-02T14:24:57Z,2026-10-02T16:24:57+02:00,124.0,count/min,Apple Watch di Francesca
2026-10-02T14:25:03Z,2026-10-02T16:25:03+02:00,113.0,count/min,Apple Watch di Francesca
2026-10-02T14:25:07Z,2026-10-02T16:25:07+02:00,113.0,count/min,Apple Watch di Francesca
2026-10-02T14:25:13Z,2026-10-02T16:25:13+02:00,106.0,count/min,Apple Watch di Francesca
2026-10-02T14:25:17Z,2026-10-02T16:25:17+02:00,108.0,count/min,Apple Watch di Francesca
2026-10-02T14:25:19Z,2026-10-02T16:25:19+02:00,110.0,count/min,Apple Watch di Francesca
2026-10-02T14:25:24Z,2026-10-02T16:25:24+02:00,109.0,count/min,Apple Watch di Francesca
2026-10-02T14:25:33Z,2026-10-02T16:25:33+02:00,105.0,count/min,Apple Watch di Francesca
2026-10-02T14:25:38Z,2026-10-02T16:25:38+02:00,103.0,count/min,Apple Watch di Francesca
2026-10-02T14:25:42Z,2026-10-02T16:25:42+02:00,105.0,count/min,Apple Watch di Francesca
2026-10-02T14:25:44Z,2026-10-02T16:25:44+02:00,106.0,count/min,Apple Watch di Francesca
2026-10-02T14:25:53Z,2026-10-02T16:25:53+02:00,111.0,count/min,Apple Watch di Francesca
2026-10-02T14:25:57Z,2026-10-02T16:25:57+02:00,107.0,count/min,Apple Watch di Francesca
2026-10-02T14:25:59Z,2026-10-02T16:25:59+02:00,110.0,count/min,Apple Watch di Francesca
2026-10-02T14:26:04Z,2026-10-02T16:26:04+02:00,116.0,count/min,Apple Watch di Francesca
2026-10-02T14:26:09Z,2026-10-02T16:26:09+02:00,121.0,count/min,Apple Watch di Francesca
2026-10-02T14:26:17Z,2026-10-02T16:26:17+02:00,131.0,count/min,Apple Watch di Francesca
2026-10-02T14:26:23Z,2026-10-02T16:26:23+02:00,137.0,count/min,Apple Watch di Francesca
2026-10-02T14:26:28Z,2026-10-02T16:26:28+02:00,140.0,count/min,Apple Watch di Francesca
2026-10-02T14:26:32Z,2026-10-02T16:26:32+02:00,140.0,count/min,Apple Watch di Francesca
2026-10-02T14:26:34Z,2026-10-02T16:26:34+02:00,139.0,count/min,Apple Watch di Francesca
2026-10-02T14:26:39Z,2026-10-02T16:26:39+02:00,140.0,count/min,Apple Watch di Francesca
2026-10-02T14:26:47Z,2026-10-02T16:26:47+02:00,143.0,count/min,Apple Watch di Francesca
2026-10-02T14:26:49Z,2026-10-02T16:26:49+02:00,143.0,count/min,Apple Watch di Francesca
2026-10-02T14:26:54Z,2026-10-02T16:26:54+02:00,141.0,count/min,Apple Watch di Francesca
2026-10-02T14:27:00Z,2026-10-02T16:27:00+02:00,138.0,count/min,Apple Watch di Francesca
2026-10-02T14:27:07Z,2026-10-02T16:27:07+02:00,137.0,count/min,Apple Watch di Francesca
2026-10-02T14:27:12Z,2026-10-02T16:27:12+02:00,131.0,count/min,Apple Watch di Francesca
2026-10-02T14:27:14Z,2026-10-02T16:27:14+02:00,131.0,count/min,Apple Watch di Francesca
2026-10-02T14:27:19Z,2026-10-02T16:27:19+02:00,131.0,count/min,Apple Watch di Francesca
2026-10-02T14:27:24Z,2026-10-02T16:27:24+02:00,125.0,count/min,Apple Watch di Francesca
2026-10-02T14:27:32Z,2026-10-02T16:27:32+02:00,121.0,count/min,Apple Watch di Francesca
2026-10-02T14:27:38Z,2026-10-02T16:27:38+02:00,117.0,count/min,Apple Watch di Francesca
2026-10-02T14:27:43Z,2026-10-02T16:27:43+02:00,120.0,count/min,Apple Watch di Francesca
2026-10-02T14:27:44Z,2026-10-02T16:27:44+02:00,120.0,count/min,Apple Watch di Francesca
2026-10-02T14:27:49Z,2026-10-02T16:27:49+02:00,116.0,count/min,Apple Watch di Francesca
2026-10-02T14:27:57Z,2026-10-02T16:27:57+02:00,117.0,count/min,Apple Watch di Francesca
2026-10-02T14:28:03Z,2026-10-02T16:28:03+02:00,118.0,count/min,Apple Watch di Francesca
2026-10-02T14:28:08Z,2026-10-02T16:28:08+02:00,119.0,count/min,Apple Watch di Francesca
2026-10-02T14:28:09Z,2026-10-02T16:28:09+02:00,120.0,count/min,Apple Watch di Francesca
2026-10-02T14:28:14Z,2026-10-02T16:28:14+02:00,120.0,count/min,Apple Watch di Francesca
2026-10-02T14:28:23Z,2026-10-02T16:28:23+02:00,118.0,count/min,Apple Watch di Francesca
2026-10-02T14:28:28Z,2026-10-02T16:28:28+02:00,124.0,count/min,Apple Watch di Francesca
2026-10-02T14:28:33Z,2026-10-02T16:28:33+02:00,121.0,count/min,Apple Watch di Francesca
2026-10-02T14:28:34Z,2026-10-02T16:28:34+02:00,121.0,count/min,Apple Watch di Francesca
2026-10-02T14:28:40Z,2026-10-02T16:28:40+02:00,124.0,count/min,Apple Watch di Francesca
2026-10-02T14:28:44Z,2026-10-02T16:28:44+02:00,125.0,count/min,Apple Watch di Francesca
2026-10-02T14:28:49Z,2026-10-02T16:28:49+02:00,126.0,count/min,Apple Watch di Francesca
2026-10-02T14:28:57Z,2026-10-02T16:28:57+02:00,128.0,count/min,Apple Watch di Francesca
2026-10-02T14:29:01Z,2026-10-02T16:29:01+02:00,130.0,count/min,Apple Watch di Francesca
2026-10-02T14:29:07Z,2026-10-02T16:29:07+02:00,132.0,count/min,Apple Watch di Francesca
2026-10-02T14:29:12Z,2026-10-02T16:29:12+02:00,131.0,count/min,Apple Watch di Francesca
2026-10-02T14:29:14Z,2026-10-02T16:29:14+02:00,129.0,count/min,Apple Watch di Francesca
2026-10-02T14:29:22Z,2026-10-02T16:29:22+02:00,119.0,count/min,Apple Watch di Francesca
2026-10-02T14:29:29Z,2026-10-02T16:29:29+02:00,119.0,count/min,Apple Watch di Francesca
2026-10-02T14:29:32Z,2026-10-02T16:29:32+02:00,120.0,count/min,Apple Watch di Francesca
2026-10-02T14:29:36Z,2026-10-02T16:29:36+02:00,113.0,count/min,Apple Watch di Francesca
2026-10-02T14:29:42Z,2026-10-02T16:29:42+02:00,117.0,count/min,Apple Watch di Francesca
2026-10-02T14:29:45Z,2026-10-02T16:29:45+02:00,122.0,count/min,Apple Watch di Francesca
2026-10-02T14:29:54Z,2026-10-02T16:29:54+02:00,110.0,count/min,Apple Watch di Francesca
2026-10-02T14:29:59Z,2026-10-02T16:29:59+02:00,111.0,count/min,Apple Watch di Francesca
2026-10-02T14:30:01Z,2026-10-02T16:30:01+02:00,111.0,count/min,Apple Watch di Francesca
2026-10-02T14:30:08Z,2026-10-02T16:30:08+02:00,121.0,count/min,Apple Watch di Francesca
2026-10-02T14:30:14Z,2026-10-02T16:30:14+02:00,123.0,count/min,Apple Watch di Francesca
2026-10-02T14:30:15Z,2026-10-02T16:30:15+02:00,123.0,count/min,Apple Watch di Francesca
2026-10-02T14:30:20Z,2026-10-02T16:30:20+02:00,124.0,count/min,Apple Watch di Francesca
2026-10-02T14:30:29Z,2026-10-02T16:30:29+02:00,131.0,count/min,Apple Watch di Francesca
2026-10-02T14:30:31Z,2026-10-02T16:30:31+02:00,131.0,count/min,Apple Watch di Francesca
2026-10-02T14:30:37Z,2026-10-02T16:30:37+02:00,126.0,count/min,Apple Watch di Francesca
2026-10-02T14:30:42Z,2026-10-02T16:30:42+02:00,130.0,count/min,Apple Watch di Francesca
2026-10-02T14:30:47Z,2026-10-02T16:30:47+02:00,128.0,count/min,Apple Watch di Francesca
2026-10-02T14:30:51Z,2026-10-02T16:30:51+02:00,124.0,count/min,Apple Watch di Francesca
2026-10-02T14:30:59Z,2026-10-02T16:30:59+02:00,130.0,count/min,Apple Watch di Francesca
2026-10-02T14:31:00Z,2026-10-02T16:31:00+02:00,130.0,count/min,Apple Watch di Francesca
2026-10-02T14:31:08Z,2026-10-02T16:31:08+02:00,126.0,count/min,Apple Watch di Francesca
2026-10-02T14:31:12Z,2026-10-02T16:31:12+02:00,131.0,count/min,Apple Watch di Francesca
2026-10-02T14:31:19Z,2026-10-02T16:31:19+02:00,140.0,count/min,Apple Watch di Francesca
2026-10-02T14:31:23Z,2026-10-02T16:31:23+02:00,140.0,count/min,Apple Watch di Francesca
2026-10-02T14:31:26Z,2026-10-02T16:31:26+02:00,141.0,count/min,Apple Watch di Francesca
2026-10-02T14:31:34Z,2026-10-02T16:31:34+02:00,141.0,count/min,Apple Watch di Francesca
2026-10-02T14:31:36Z,2026-10-02T16:31:36+02:00,141.0,count/min,Apple Watch di Francesca
2026-10-02T14:31:44Z,2026-10-02T16:31:44+02:00,143.0,count/min,Apple Watch di Francesca
2026-10-02T14:31:48Z,2026-10-02T16:31:48+02:00,142.0,count/min,Apple Watch di Francesca
2026-10-02T14:31:50Z,2026-10-02T16:31:50+02:00,142.0,count/min,Apple Watch di Francesca
2026-10-02T14:31:58Z,2026-10-02T16:31:58+02:00,141.0,count/min,Apple Watch di Francesca
2026-10-02T14:32:03Z,2026-10-02T16:32:03+02:00,138.0,count/min,Apple Watch di Francesca
2026-10-02T14:32:05Z,2026-10-02T16:32:05+02:00,137.0,count/min,Apple Watch di Francesca
2026-10-02T14:32:14Z,2026-10-02T16:32:14+02:00,129.0,count/min,Apple Watch di Francesca
2026-10-02T14:32:17Z,2026-10-02T16:32:17+02:00,127.0,count/min,Apple Watch di Francesca
2026-10-02T14:32:20Z,2026-10-02T16:32:20+02:00,126.0,count/min,Apple Watch di Francesca
2026-10-02T14:32:28Z,2026-10-02T16:32:28+02:00,118.0,count/min,Apple Watch di Francesca
2026-10-02T14:32:33Z,2026-10-02T16:32:33+02:00,121.0,count/min,Apple Watch di Francesca
2026-10-02T14:32:37Z,2026-10-02T16:32:37+02:00,116.0,count/min,Apple Watch di Francesca
2026-10-02T14:32:44Z,2026-10-02T16:32:44+02:00,117.0,count/min,Apple Watch di Francesca
2026-10-02T14:32:48Z,2026-10-02T16:32:48+02:00,116.0,count/min,Apple Watch di Francesca
2026-10-02T14:32:50Z,2026-10-02T16:32:50+02:00,116.0,count/min,Apple Watch di Francesca
2026-10-02T14:32:56Z,2026-10-02T16:32:56+02:00,110.0,count/min,Apple Watch di Francesca
2026-10-02T14:33:00Z,2026-10-02T16:33:00+02:00,113.0,count/min,Apple Watch di Francesca
2026-10-02T14:33:09Z,2026-10-02T16:33:09+02:00,112.0,count/min,Apple Watch di Francesca
2026-10-02T14:33:14Z,2026-10-02T16:33:14+02:00,108.0,count/min,Apple Watch di Francesca
2026-10-02T14:33:15Z,2026-10-02T16:33:15+02:00,109.0,count/min,Apple Watch di Francesca
2026-10-02T14:33:20Z,2026-10-02T16:33:20+02:00,117.0,count/min,Apple Watch di Francesca
2026-10-02T14:33:29Z,2026-10-02T16:33:29+02:00,116.0,count/min,Apple Watch di Francesca
2026-10-02T14:33:34Z,2026-10-02T16:33:34+02:00,116.0,count/min,Apple Watch di Francesca
2026-10-02T14:33:37Z,2026-10-02T16:33:37+02:00,115.0,count/min,Apple Watch di Francesca
2026-10-02T14:33:40Z,2026-10-02T16:33:40+02:00,114.0,count/min,Apple Watch di Francesca
2026-10-02T14:33:49Z,2026-10-02T16:33:49+02:00,110.0,count/min,Apple Watch di Francesca
2026-10-02T14:33:51Z,2026-10-02T16:33:51+02:00,108.0,count/min,Apple Watch di Francesca
2026-10-02T14:33:59Z,2026-10-02T16:33:59+02:00,117.0,count/min,Apple Watch di Francesca
2026-10-02T14:34:03Z,2026-10-02T16:34:03+02:00,111.0,count/min,Apple Watch di Francesca
2026-10-02T14:34:05Z,2026-10-02T16:34:05+02:00,112.0,count/min,Apple Watch di Francesca
2026-10-02T14:34:14Z,2026-10-02T16:34:14+02:00,104.0,count/min,Apple Watch di Francesca
2026-10-02T14:34:17Z,2026-10-02T16:34:17+02:00,109.0,count/min,Apple Watch di Francesca
2026-10-02T14:34:20Z,2026-10-02T16:34:20+02:00,112.0,count/min,Apple Watch di Francesca
2026-10-02T14:34:27Z,2026-10-02T16:34:27+02:00,112.0,count/min,Apple Watch di Francesca
2026-10-02T14:34:34Z,2026-10-02T16:34:34+02:00,110.0,count/min,Apple Watch di Francesca
2026-10-02T14:34:39Z,2026-10-02T16:34:39+02:00,117.0,count/min,Apple Watch di Francesca
2026-10-02T14:34:44Z,2026-10-02T16:34:44+02:00,114.0,count/min,Apple Watch di Francesca
2026-10-02T14:34:49Z,2026-10-02T16:34:49+02:00,103.0,count/min,Apple Watch di Francesca
2026-10-02T14:34:50Z,2026-10-02T16:34:50+02:00,102.0,count/min,Apple Watch di Francesca
2026-10-02T14:34:59Z,2026-10-02T16:34:59+02:00,113.0,count/min,Apple Watch di Francesca
2026-10-02T14:35:00Z,2026-10-02T16:35:00+02:00,115.0,count/min,Apple Watch di Francesca
2026-10-02T14:35:09Z,2026-10-02T16:35:09+02:00,109.0,count/min,Apple Watch di Francesca
2026-10-02T14:35:13Z,2026-10-02T16:35:13+02:00,112.0,count/min,Apple Watch di Francesca
2026-10-02T14:35:18Z,2026-10-02T16:35:18+02:00,102.0,count/min,Apple Watch di Francesca
2026-10-02T14:35:20Z,2026-10-02T16:35:20+02:00,103.0,count/min,Apple Watch di Francesca
2026-10-02T14:35:27Z,2026-10-02T16:35:27+02:00,109.0,count/min,Apple Watch di Francesca
2026-10-02T14:35:31Z,2026-10-02T16:35:31+02:00,111.0,count/min,Apple Watch di Francesca
2026-10-02T14:35:35Z,2026-10-02T16:35:35+02:00,118.0,count/min,Apple Watch di Francesca
2026-10-02T14:35:44Z,2026-10-02T16:35:44+02:00,118.0,count/min,Apple Watch di Francesca
2026-10-02T14:35:49Z,2026-10-02T16:35:49+02:00,116.0,count/min,Apple Watch di Francesca
2026-10-02T14:35:53Z,2026-10-02T16:35:53+02:00,113.0,count/min,Apple Watch di Francesca
2026-10-02T14:35:55Z,2026-10-02T16:35:55+02:00,114.0,count/min,Apple Watch di Francesca
2026-10-02T14:36:01Z,2026-10-02T16:36:01+02:00,109.0,count/min,Apple Watch di Francesca
2026-10-02T14:36:05Z,2026-10-02T16:36:05+02:00,113.0,count/min,Apple Watch di Francesca
2026-10-02T14:36:14Z,2026-10-02T16:36:14+02:00,108.0,count/min,Apple Watch di Francesca
2026-10-02T14:36:16Z,2026-10-02T16:36:16+02:00,107.0,count/min,Apple Watch di Francesca
2026-10-02T14:36:20Z,2026-10-02T16:36:20+02:00,108.0,count/min,Apple Watch di Francesca
2026-10-02T14:36:28Z,2026-10-02T16:36:28+02:00,111.0,count/min,Apple Watch di Francesca
2026-10-02T14:36:34Z,2026-10-02T16:36:34+02:00,112.0,count/min,Apple Watch di Francesca
2026-10-02T14:36:35Z,2026-10-02T16:36:35+02:00,113.0,count/min,Apple Watch di Francesca
2026-10-02T14:36:44Z,2026-10-02T16:36:44+02:00,117.0,count/min,Apple Watch di Francesca
2026-10-02T14:36:47Z,2026-10-02T16:36:47+02:00,117.0,count/min,Apple Watch di Francesca
2026-10-02T14:36:54Z,2026-10-02T16:36:54+02:00,107.0,count/min,Apple Watch di Francesca
2026-10-02T14:36:58Z,2026-10-02T16:36:58+02:00,110.0,count/min,Apple Watch di Francesca
2026-10-02T14:37:02Z,2026-10-02T16:37:02+02:00,112.0,count/min,Apple Watch di Francesca
2026-10-02T14:37:09Z,2026-10-02T16:37:09+02:00,121.0,count/min,Apple Watch di Francesca
2026-10-02T14:37:14Z,2026-10-02T16:37:14+02:00,119.0,count/min,Apple Watch di Francesca
2026-10-02T14:37:19Z,2026-10-02T16:37:19+02:00,120.0,count/min,Apple Watch di Francesca
2026-10-02T14:37:21Z,2026-10-02T16:37:21+02:00,120.0,count/min,Apple Watch di Francesca
2026-10-02T14:37:25Z,2026-10-02T16:37:25+02:00,118.0,count/min,Apple Watch di Francesca
2026-10-02T14:37:34Z,2026-10-02T16:37:34+02:00,108.0,count/min,Apple Watch di Francesca
2026-10-02T14:37:36Z,2026-10-02T16:37:36+02:00,109.0,count/min,Apple Watch di Francesca
2026-10-02T14:37:44Z,2026-10-02T16:37:44+02:00,109.0,count/min,Apple Watch di Francesca
2026-10-02T14:37:49Z,2026-10-02T16:37:49+02:00,109.0,count/min,Apple Watch di Francesca
2026-10-02T14:37:53Z,2026-10-02T16:37:53+02:00,113.0,count/min,Apple Watch di Francesca
2026-10-02T14:37:55Z,2026-10-02T16:37:55+02:00,114.0,count/min,Apple Watch di Francesca
2026-10-02T14:38:01Z,2026-10-02T16:38:01+02:00,104.0,count/min,Apple Watch di Francesca
2026-10-02T14:38:08Z,2026-10-02T16:38:08+02:00,124.0,count/min,Apple Watch di Francesca
2026-10-02T14:38:14Z,2026-10-02T16:38:14+02:00,132.0,count/min,Apple Watch di Francesca
2026-10-02T14:38:15Z,2026-10-02T16:38:15+02:00,131.0,count/min,Apple Watch di Francesca
2026-10-02T14:38:20Z,2026-10-02T16:38:20+02:00,131.0,count/min,Apple Watch di Francesca
2026-10-02T14:38:26Z,2026-10-02T16:38:26+02:00,126.0,count/min,Apple Watch di Francesca
2026-10-02T14:38:31Z,2026-10-02T16:38:31+02:00,125.0,count/min,Apple Watch di Francesca
2026-10-02T14:38:37Z,2026-10-02T16:38:37+02:00,133.0,count/min,Apple Watch di Francesca
2026-10-02T14:38:44Z,2026-10-02T16:38:44+02:00,134.0,count/min,Apple Watch di Francesca
2026-10-02T14:38:49Z,2026-10-02T16:38:49+02:00,139.0,count/min,Apple Watch di Francesca
2026-10-02T14:38:51Z,2026-10-02T16:38:51+02:00,140.0,count/min,Apple Watch di Francesca
2026-10-02T14:38:57Z,2026-10-02T16:38:57+02:00,143.0,count/min,Apple Watch di Francesca
2026-10-02T14:39:04Z,2026-10-02T16:39:04+02:00,143.0,count/min,Apple Watch di Francesca
2026-10-02T14:39:06Z,2026-10-02T16:39:06+02:00,143.0,count/min,Apple Watch di Francesca
2026-10-02T14:39:11Z,2026-10-02T16:39:11+02:00,142.0,count/min,Apple Watch di Francesca
2026-10-02T14:39:15Z,2026-10-02T16:39:15+02:00,140.0,count/min,Apple Watch di Francesca
2026-10-02T14:39:21Z,2026-10-02T16:39:21+02:00,138.0,count/min,Apple Watch di Francesca
2026-10-02T14:39:29Z,2026-10-02T16:39:29+02:00,131.0,count/min,Apple Watch di Francesca
2026-10-02T14:39:31Z,2026-10-02T16:39:31+02:00,131.0,count/min,Apple Watch di Francesca
2026-10-02T14:39:35Z,2026-10-02T16:39:35+02:00,129.0,count/min,Apple Watch di Francesca
2026-10-02T14:39:44Z,2026-10-02T16:39:44+02:00,125.0,count/min,Apple Watch di Francesca
2026-10-02T14:39:49Z,2026-10-02T16:39:49+02:00,124.0,count/min,Apple Watch di Francesca
2026-10-02T14:39:53Z,2026-10-02T16:39:53+02:00,126.0,count/min,Apple Watch di Francesca
2026-10-02T14:39:57Z,2026-10-02T16:39:57+02:00,121.0,count/min,Apple Watch di Francesca
2026-10-02T14:40:00Z,2026-10-02T16:40:00+02:00,122.0,count/min,Apple Watch di Francesca
2026-10-02T14:40:09Z,2026-10-02T16:40:09+02:00,115.0,count/min,Apple Watch di Francesca
2026-10-02T14:40:14Z,2026-10-02T16:40:14+02:00,108.0,count/min,Apple Watch di Francesca
2026-10-02T14:40:17Z,2026-10-02T16:40:17+02:00,107.0,count/min,Apple Watch di Francesca
2026-10-02T14:40:20Z,2026-10-02T16:40:20+02:00,112.0,count/min,Apple Watch di Francesca
2026-10-02T14:40:29Z,2026-10-02T16:40:29+02:00,108.0,count/min,Apple Watch di Francesca
2026-10-02T14:40:33Z,2026-10-02T16:40:33+02:00,104.0,count/min,Apple Watch di Francesca
2026-10-02T14:40:39Z,2026-10-02T16:40:39+02:00,111.0,count/min,Apple Watch di Francesca
2026-10-02T14:40:42Z,2026-10-02T16:40:42+02:00,111.0,count/min,Apple Watch di Francesca
2026-10-02T14:40:45Z,2026-10-02T16:40:45+02:00,112.0,count/min,Apple Watch di Francesca
2026-10-02T14:40:54Z,2026-10-02T16:40:54+02:00,115.0,count/min,Apple Watch di Francesca
2026-10-02T14:40:59Z,2026-10-02T16:40:59+02:00,115.0,count/min,Apple Watch di Francesca
2026-10-02T14:41:03Z,2026-10-02T16:41:03+02:00,117.0,count/min,Apple Watch di Francesca
2026-10-02T14:41:06Z,2026-10-02T16:41:06+02:00,112.0,count/min,Apple Watch di Francesca
2026-10-02T14:41:11Z,2026-10-02T16:41:11+02:00,115.0,count/min,Apple Watch di Francesca
2026-10-02T14:41:15Z,2026-10-02T16:41:15+02:00,116.0,count/min,Apple Watch di Francesca
2026-10-02T14:41:24Z,2026-10-02T16:41:24+02:00,112.0,count/min,Apple Watch di Francesca
2026-10-02T14:41:26Z,2026-10-02T16:41:26+02:00,115.0,count/min,Apple Watch di Francesca
2026-10-02T14:41:34Z,2026-10-02T16:41:34+02:00,108.0,count/min,Apple Watch di Francesca
2026-10-02T14:41:38Z,2026-10-02T16:41:38+02:00,109.0,count/min,Apple Watch di Francesca
2026-10-02T14:41:40Z,2026-10-02T16:41:40+02:00,110.0,count/min,Apple Watch di Francesca
2026-10-02T14:41:48Z,2026-10-02T16:41:48+02:00,108.0,count/min,Apple Watch di Francesca
2026-10-02T14:41:51Z,2026-10-02T16:41:51+02:00,112.0,count/min,Apple Watch di Francesca
2026-10-02T14:41:59Z,2026-10-02T16:41:59+02:00,105.0,count/min,Apple Watch di Francesca
2026-10-02T14:42:00Z,2026-10-02T16:42:00+02:00,105.0,count/min,Apple Watch di Francesca
2026-10-02T14:42:05Z,2026-10-02T16:42:05+02:00,108.0,count/min,Apple Watch di Francesca
2026-10-02T14:42:14Z,2026-10-02T16:42:14+02:00,111.0,count/min,Apple Watch di Francesca
2026-10-02T14:42:19Z,2026-10-02T16:42:19+02:00,111.0,count/min,Apple Watch di Francesca
2026-10-02T14:42:23Z,2026-10-02T16:42:23+02:00,110.0,count/min,Apple Watch di Francesca
2026-10-02T14:42:25Z,2026-10-02T16:42:25+02:00,109.0,count/min,Apple Watch di Francesca
2026-10-02T14:42:33Z,2026-10-02T16:42:33+02:00,111.0,count/min,Apple Watch di Francesca
2026-10-02T14:42:38Z,2026-10-02T16:42:38+02:00,112.0,count/min,Apple Watch di Francesca
2026-10-02T14:42:43Z,2026-10-02T16:42:43+02:00,108.0,count/min,Apple Watch di Francesca
2026-10-02T14:42:45Z,2026-10-02T16:42:45+02:00,111.0,count/min,Apple Watch di Francesca
2026-10-02T14:42:50Z,2026-10-02T16:42:50+02:00,113.0,count/min,Apple Watch di Francesca
2026-10-02T14:42:59Z,2026-10-02T16:42:59+02:00,108.0,count/min,Apple Watch di Francesca
2026-10-02T14:43:04Z,2026-10-02T16:43:04+02:00,110.0,count/min,Apple Watch di Francesca
2026-10-02T14:43:09Z,2026-10-02T16:43:09+02:00,105.0,count/min,Apple Watch di Francesca
2026-10-02T14:43:14Z,2026-10-02T16:43:14+02:00,107.0,count/min,Apple Watch di Francesca
2026-10-02T14:43:15Z,2026-10-02T16:43:15+02:00,107.0,count/min,Apple Watch di Francesca
2026-10-02T14:43:20Z,2026-10-02T16:43:20+02:00,98.0,count/min,Apple Watch di Francesca
2026-10-02T14:43:25Z,2026-10-02T16:43:25+02:00,102.0,count/min,Apple Watch di Francesca
2026-10-02T14:43:30Z,2026-10-02T16:43:30+02:00,105.0,count/min,Apple Watch di Francesca
2026-10-02T14:43:39Z,2026-10-02T16:43:39+02:00,100.0,count/min,Apple Watch di Francesca
2026-10-02T14:43:40Z,2026-10-02T16:43:40+02:00,100.0,count/min,Apple Watch di Francesca
2026-10-02T14:43:49Z,2026-10-02T16:43:49+02:00,101.0,count/min,Apple Watch di Francesca
2026-10-02T14:43:54Z,2026-10-02T16:43:54+02:00,107.0,count/min,Apple Watch di Francesca
2026-10-02T14:43:59Z,2026-10-02T16:43:59+02:00,115.0,count/min,Apple Watch di Francesca
2026-10-02T14:44:04Z,2026-10-02T16:44:04+02:00,114.0,count/min,Apple Watch di Francesca
2026-10-02T14:44:05Z,2026-10-02T16:44:05+02:00,114.0,count/min,Apple Watch di Francesca
2026-10-02T14:44:10Z,2026-10-02T16:44:10+02:00,108.0,count/min,Apple Watch di Francesca
2026-10-02T14:44:16Z,2026-10-02T16:44:16+02:00,119.0,count/min,Apple Watch di Francesca
2026-10-02T14:44:20Z,2026-10-02T16:44:20+02:00,123.0,count/min,Apple Watch di Francesca
2026-10-02T14:44:25Z,2026-10-02T16:44:25+02:00,118.0,count/min,Apple Watch di Francesca
2026-10-02T14:44:34Z,2026-10-02T16:44:34+02:00,108.0,count/min,Apple Watch di Francesca
2026-10-02T14:44:39Z,2026-10-02T16:44:39+02:00,109.0,count/min,Apple Watch di Francesca
2026-10-02T14:44:44Z,2026-10-02T16:44:44+02:00,112.0,count/min,Apple Watch di Francesca
2026-10-02T14:44:49Z,2026-10-02T16:44:49+02:00,111.0,count/min,Apple Watch di Francesca
2026-10-02T14:44:53Z,2026-10-02T16:44:53+02:00,107.0,count/min,Apple Watch di Francesca
2026-10-02T14:44:55Z,2026-10-02T16:44:55+02:00,107.0,count/min,Apple Watch di Francesca
2026-10-02T14:45:03Z,2026-10-02T16:45:03+02:00,105.0,count/min,Apple Watch di Francesca
2026-10-02T14:45:05Z,2026-10-02T16:45:05+02:00,105.0,count/min,Apple Watch di Francesca
2026-10-02T14:45:14Z,2026-10-02T16:45:14+02:00,106.0,count/min,Apple Watch di Francesca
2026-10-02T14:45:19Z,2026-10-02T16:45:19+02:00,109.0,count/min,Apple Watch di Francesca
2026-10-02T14:45:24Z,2026-10-02T16:45:24+02:00,105.0,count/min,Apple Watch di Francesca
2026-10-02T14:45:29Z,2026-10-02T16:45:29+02:00,108.0,count/min,Apple Watch di Francesca
2026-10-02T14:45:30Z,2026-10-02T16:45:30+02:00,108.0,count/min,Apple Watch di Francesca
2026-10-02T14:45:39Z,2026-10-02T16:45:39+02:00,116.0,count/min,Apple Watch di Francesca
2026-10-02T14:45:43Z,2026-10-02T16:45:43+02:00,113.0,count/min,Apple Watch di Francesca
2026-10-02T14:45:48Z,2026-10-02T16:45:48+02:00,113.0,count/min,Apple Watch di Francesca
2026-10-02T14:45:50Z,2026-10-02T16:45:50+02:00,114.0,count/min,Apple Watch di Francesca
2026-10-02T14:45:55Z,2026-10-02T16:45:55+02:00,115.0,count/min,Apple Watch di Francesca
2026-10-02T14:46:04Z,2026-10-02T16:46:04+02:00,116.0,count/min,Apple Watch di Francesca
2026-10-02T14:46:05Z,2026-10-02T16:46:05+02:00,117.0,count/min,Apple Watch di Francesca
2026-10-02T14:46:14Z,2026-10-02T16:46:14+02:00,101.0,count/min,Apple Watch di Francesca
2026-10-02T14:46:18Z,2026-10-02T16:46:18+02:00,101.0,count/min,Apple Watch di Francesca
2026-10-02T14:46:20Z,2026-10-02T16:46:20+02:00,101.0,count/min,Apple Watch di Francesca
2026-10-02T14:46:25Z,2026-10-02T16:46:25+02:00,102.0,count/min,Apple Watch di Francesca
2026-10-02T14:46:30Z,2026-10-02T16:46:30+02:00,97.0,count/min,Apple Watch di Francesca
2026-10-02T14:46:35Z,2026-10-02T16:46:35+02:00,108.0,count/min,Apple Watch di Francesca
2026-10-02T14:46:43Z,2026-10-02T16:46:43+02:00,113.0,count/min,Apple Watch di Francesca
2026-10-02T14:46:49Z,2026-10-02T16:46:49+02:00,103.0,count/min,Apple Watch di Francesca
2026-10-02T14:46:53Z,2026-10-02T16:46:53+02:00,103.0,count/min,Apple Watch di Francesca
2026-10-02T14:46:55Z,2026-10-02T16:46:55+02:00,107.0,count/min,Apple Watch di Francesca
2026-10-02T14:47:04Z,2026-10-02T16:47:04+02:00,98.0,count/min,Apple Watch di Francesca
